StartingRow,StartLoc,Type,Compendium Number,Item Name,Rank,Armor Type,Buy Price,Sell Price,ATK0,MAG0,DIV0,DEF0,MDEF0,ASPD0,ACC0,SUR0,EVA0,RES0,ATK5,MAG5,DIV5,DEF5,MDEF5,ASPD5,ACC5,SUR5,EVA5,RES5,ATK10,MAG10,DIV10,DEF10,MDEF10,ASPD10,ACC10,SUR10,EVA10,RES10,ATK15,MAG15,DIV15,DEF15,MDEF15,ASPD15,ACC15,SUR15,EVA15,RES15,ATK20,MAG20,DIV20,DEF20,MDEF20,ASPD20,ACC20,SUR20,EVA20,RES20,Traits / Special Effects
2,Head!A2,Head,3081,Old-Fashioned Hood,Worn,Cloth,,14,0,0,0,1,0,0,0,0,0,2,0,0,0,4,0,0,0,0,0,4,0,0,0,6,0,0,0,0,0,7,,,,,,,,,,,0,0,0,11,0,0,0,0,0,12,
8,Head!A8,Head,3012,Cloth Hat,Worn,Cloth,,14,0,0,0,1,0,0,0,0,0,4,0,0,0,4,0,0,0,0,0,6,0,0,0,6,0,0,0,0,0,9,0,0,0,9,0,0,0,0,0,11,,,,,,,,,,,
14,Head!A14,Head,3004,Worn-Out Light Helmet,Worn,Light,,16,0,0,0,2,0,-1,-2,0,-2,4,0,0,0,5,0,-1,-2,0,-2,6,0,0,0,7,0,-1,-2,0,-2,9,0,0,0,10,0,-1,-2,0,-2,11,0,0,0,12,0,-1,-2,0,-2,14,
20,Head!A20,Head,3005,Worn-Out Heavy Helmet,Worn,Light,,19,0,0,0,3,0,-2,-2,0,-4,4,0,0,0,6,0,-2,-2,0,-4,6,0,0,0,8,0,-2,-2,0,-4,9,0,0,0,11,0,-2,-2,0,-4,11,,,,,,,,,,,
26,Head!A26,Head,3029,Leather Hat,Bronze,Cloth,340,54,0,0,0,2,0,0,0,0,0,4,0,0,0,5,0,0,0,0,0,6,0,0,0,8,0,0,0,0,0,9,0,0,0,11,0,0,0,0,0,12,,,,,,,,,,,
32,Head!A32,Head,3084,Feathered Hat,Bronze,Cloth,,68,0,3,3,2,0,0,0,0,0,0,0,3,3,5,0,0,0,0,0,2,0,3,3,8,0,0,0,0,0,5,,,,,,,,,,,,,,,,,,,,,
38,Head!A38,Head,3019,Bronze Light Helmet,Bronze,Light,400,64,0,0,0,4,0,-1,-2,0,-2,4,0,0,0,7,0,-1,-2,0,-2,6,0,0,0,10,0,-1,-2,0,-2,9,0,0,0,13,0,-1,-2,0,-2,12,,,,,,,,,,,
44,Head!A44,Head,3020,Bronze Heavy Helmet,Bronze,Heavy,470,75,0,0,0,6,0,-2,-2,0,-4,4,0,0,0,9,0,-2,-2,0,-4,6,0,0,0,12,0,-2,-2,0,-4,9,0,0,0,15,0,-2,-2,0,-4,12,,,,,,,,,,,
50,Head!A50,Head,3045,Beastskin Hat,Iron,Cloth,1020,163,0,0,0,3,0,0,0,0,0,4,0,0,0,6,0,0,0,0,0,6,0,0,0,10,0,0,0,0,0,10,0,0,0,13,0,0,0,0,0,13,0,0,0,17,0,0,0,0,0,18,
56,Head!A56,Head,3090,Plague Mask,Iron,Cloth,,261,0,0,0,3,0,0,0,0,0,4,0,0,0,6,0,0,0,0,0,6,0,0,0,10,0,0,0,0,0,10,0,0,0,13,0,0,0,0,0,13,0,0,0,17,0,0,0,0,0,18,"Poison Tolerance, Paralysis Tolerance, Stun Tolerance"
62,Head!A62,Head,3091,Silver Embroidered Hat,Iron,Cloth,5100,1020,0,0,0,3,2,0,0,0,0,4,0,0,0,6,2,0,0,0,0,6,0,0,0,10,2,0,0,0,0,10,0,0,0,13,2,0,0,0,0,13,0,0,0,17,2,0,0,0,0,18,
68,Head!A68,Head,3035,Iron Light Helmet,Iron,Light,1200,192,0,0,0,6,0,-1,-2,0,-2,4,0,0,0,9,0,-1,-2,0,-2,6,0,0,0,13,0,-1,-2,0,-2,10,0,0,0,16,0,-1,-2,0,-2,13,0,0,0,20,0,-1,-2,0,-2,18,
74,Head!A74,Head,3036,Iron Heavy Helmet,Iron,Heavy,1410,226,0,0,0,9,0,-2,-2,0,-4,4,0,0,0,12,0,-2,-2,0,-4,6,0,0,0,16,0,-2,-2,0,-4,10,0,0,0,19,0,-2,-2,0,-4,13,0,0,0,23,0,-2,-2,0,-4,18,
80,Head!A80,Head,3061,Scaly Leather Hat,Steel,Cloth,,326,0,0,0,5,0,0,0,0,0,4,0,0,0,9,0,0,0,0,0,8,0,0,0,13,0,0,0,0,0,12,0,0,0,17,0,0,0,0,0,16,0,0,0,21,0,0,0,0,0,20,
86,Head!A86,Head,3097,Mage's Hood,Steel,Cloth,10200,2040,0,4,0,5,4,0,0,0,0,2,0,6,0,9,6,0,0,0,0,6,0,7,0,13,7,0,0,0,0,10,0,8,0,17,8,0,0,0,0,14,0,9,0,21,9,0,0,0,0,18,
92,Head!A92,Head,3104,Mask of the Water God,Steel,Cloth,,522,0,0,0,5,0,0,0,0,0,4,0,0,0,9,0,0,0,0,0,8,0,0,0,13,0,0,0,0,0,12,0,0,0,17,0,0,0,0,0,16,0,0,0,21,0,0,0,0,0,20,Underwater Enhancement
98,Head!A98,Head,3149,Earthen Crest Headcloth,Steel,Cloth,,408,0,0,0,4,0,0,0,0,4,4,0,0,0,8,0,0,0,0,4,8,0,0,0,12,0,0,0,0,4,12,0,0,0,16,0,0,0,0,4,16,0,0,0,20,0,0,0,0,4,20,Water Type Reduction
104,Head!A104,Head,3156,Aquatic Blue Headcloth,Steel,Cloth,,408,0,0,0,4,0,0,0,0,4,4,0,0,0,8,0,0,0,0,4,8,0,0,0,12,0,0,0,0,4,12,0,0,0,16,0,0,0,0,4,16,0,0,0,20,0,0,0,0,4,20,Fire Type Reduction
110,Head!A110,Head,3163,Red Fired Headcloth,Steel,Cloth,,408,0,0,0,4,0,0,0,0,4,4,0,0,0,8,0,0,0,0,4,8,0,0,0,12,0,0,0,0,4,12,0,0,0,16,0,0,0,0,4,16,0,0,0,20,0,0,0,0,4,20,Air Type Reduction
116,Head!A116,Head,3170,Verdant Breeze Headcloth,Steel,Cloth,,408,0,0,0,4,0,0,0,0,4,4,0,0,0,8,0,0,0,0,4,8,0,0,0,12,0,0,0,0,4,12,0,0,0,16,0,0,0,0,4,16,0,0,0,20,0,0,0,0,4,20,Earth Type Reduction
122,Head!A122,Head,3193,Phantom Shadow Cowl,Steel,Cloth,,408,0,0,0,1,0,1,0,0,1,1,0,0,0,3,0,1,0,0,1,4,0,0,0,5,0,1,0,0,2,6,0,0,0,11,0,1,0,0,2,9,0,0,0,20,0,1,0,0,3,19,
128,Head!A128,Head,3051,Steel Light Helmet,Steel,Light,,384,0,0,0,9,0,-1,-2,0,-2,4,0,0,0,13,0,-1,-2,0,-2,8,0,0,0,17,0,-1,-2,0,-2,12,0,0,0,21,0,-1,-2,0,-2,16,0,0,0,25,0,-1,-2,0,-2,20,
134,Head!A134,Head,3095,Viking Helm,Steel,Light,12000,2400,0,0,0,8,0,-1,-2,0,4,4,0,0,0,12,0,-1,-2,0,4,8,0,0,0,16,0,-1,-2,0,4,12,0,0,0,20,0,-1,-2,0,4,16,0,0,0,24,0,-1,-2,0,4,20,
140,Head!A140,Head,3105,Helm of Malice,Steel,Light,,614,0,0,0,9,0,-1,-2,0,-2,4,0,0,0,13,0,-1,-2,0,-2,8,0,0,0,17,0,-1,-2,0,-2,12,0,0,0,21,0,-1,-2,0,-2,16,0,0,0,25,0,-1,-2,0,-2,20,Insta-kill Resistance
146,Head!A146,Head,3150,Earthen Crest Helm,Steel,Light,,480,0,0,0,8,0,-1,-2,0,4,4,0,0,0,12,0,-1,-2,0,4,8,0,0,0,16,0,-1,-2,0,4,12,0,0,0,20,0,-1,-2,0,4,16,0,0,0,24,0,-1,-2,0,4,20,Water Type Reduction
152,Head!A152,Head,3157,Aquatic Blue Helm,Steel,Light,,480,0,0,0,8,0,-1,-2,0,4,4,0,0,0,12,0,-1,-2,0,4,8,0,0,0,16,0,-1,-2,0,4,12,0,0,0,20,0,-1,-2,0,4,16,0,0,0,24,0,-1,-2,0,4,20,Fire Type Reduction
158,Head!A158,Head,3171,Verdant Breeze Helm,Steel,Light,,480,0,0,0,8,0,-1,-2,0,4,4,0,0,0,12,0,-1,-2,0,4,8,0,0,0,16,0,-1,-2,0,4,12,0,0,0,20,0,-1,-2,0,4,16,0,0,0,24,0,-1,-2,0,4,20,Earth Type Reduction
164,Head!A164,Head,3164,Red Fired Helm,Steel,Light,,480,0,0,0,8,0,-1,-2,0,4,4,0,0,0,12,0,-1,-2,0,4,8,0,0,0,16,0,-1,-2,0,4,12,0,0,0,20,0,-1,-2,0,4,16,0,0,0,24,0,-1,-2,0,4,20,Air Type Reduction
170,Head!A170,Head,Ex.,Star Wolf Helmet,Steel,Light,,,0,0,0,7,-2,2,-2,0,8,4,0,0,0,11,-2,2,-2,0,8,8,0,0,0,15,-2,2,-2,0,8,12,0,0,0,19,-2,2,-2,0,8,16,0,0,0,23,-2,2,-2,0,8,20,
176,Head!A176,Head,3052,Steel Heavy Helmet,Steel,Heavy,,451,0,0,0,14,0,-2,-2,0,-4,4,0,0,0,18,0,-2,-2,0,-4,8,0,0,0,22,0,-2,-2,0,-4,12,0,0,0,26,0,-2,-2,0,-4,16,0,0,0,30,0,-2,-2,0,-4,20,
182,Head!A182,Head,3151,Earthen Crest Heavy Helm,Steel,Heavy,,564,0,0,0,13,0,-2,-2,0,2,4,0,0,0,17,0,-2,-2,0,2,8,0,0,0,21,0,-2,-2,0,2,12,0,0,0,25,0,-2,-2,0,2,16,0,0,0,29,0,-2,-2,0,2,20,Water Type Reduction
188,Head!A188,Head,3158,Aquatic Blue Heavy Helm,Steel,Heavy,,564,0,0,0,13,0,-2,-2,0,2,4,0,0,0,17,0,-2,-2,0,2,8,0,0,0,21,0,-2,-2,0,2,12,0,0,0,25,0,-2,-2,0,2,16,0,0,0,29,0,-2,-2,0,2,20,Fire Type Reduction
194,Head!A194,Head,3172,Verdant Breeze Heavy Helm,Steel,Heavy,,564,0,0,0,13,0,-2,-2,0,2,4,0,0,0,17,0,-2,-2,0,2,8,0,0,0,21,0,-2,-2,0,2,12,0,0,0,25,0,-2,-2,0,2,16,0,0,0,29,0,-2,-2,0,2,20,Earth Type Reduction
200,Head!A200,Head,3165,Red Fired Heavy Helm,Steel,Heavy,,564,0,0,0,13,0,-2,-2,0,2,4,0,0,0,17,0,-2,-2,0,2,8,0,0,0,21,0,-2,-2,0,2,12,0,0,0,25,0,-2,-2,0,2,16,0,0,0,29,0,-2,-2,0,2,20,Wind Type Reduction
206,Head!A206,Head,3077,Veil Hat,Ebonsteel,Cloth,,680,0,0,0,8,0,0,0,0,0,5,0,0,0,13,0,0,0,0,0,9,0,0,0,17,0,0,0,0,0,14,0,0,0,22,0,0,0,0,0,18,0,0,0,26,0,0,0,0,0,23,
212,Head!A212,Head,3121,Covert Cowl,Ebonsteel,Cloth,,850,0,0,0,1,0,1,0,0,2,1,0,0,0,3,0,1,0,0,4,4,0,0,0,7,0,1,0,0,5,6,0,0,0,13,0,1,0,0,6,12,0,0,0,22,0,1,0,0,7,22,
218,Head!A218,Head,3126,Circlet,Ebonsteel,Cloth,,850,0,4,0,6,4,0,0,0,0,2,0,4,0,11,6,0,0,0,0,6,0,4,0,15,7,0,0,0,0,11,0,4,0,20,8,0,0,0,0,15,0,4,0,24,9,0,0,0,0,20,"Sleep Tolerance, Confusion Tolerance, Charm Tolerance"
224,Head!A224,Head,3178,Headcloth of the Light Spirit,Ebonsteel,Cloth,,850,0,0,0,7,0,0,0,0,5,5,0,0,0,12,0,0,0,0,5,9,0,0,0,16,0,0,0,0,5,14,0,0,0,21,0,0,0,0,5,18,0,0,0,25,0,0,0,0,5,23,Dark Type Reduction
230,Head!A230,Head,3184,Umbral Headcloth,Ebonsteel,Cloth,,850,0,0,0,7,0,0,0,0,5,5,0,0,0,12,0,0,0,0,5,9,0,0,0,16,0,0,0,0,5,14,0,0,0,21,0,0,0,0,5,18,0,0,0,25,0,0,0,0,5,23,Light Type Reduction
236,Head!A236,Head,3202,Hound Mask,Ebonsteel,Cloth,,,0,0,0,7,0,0,0,0,5,5,0,0,0,12,0,0,0,0,5,9,0,0,0,16,0,0,0,0,5,14,0,0,0,21,0,0,0,0,5,18,0,0,0,25,0,0,0,0,5,23,"Disarm Trap +5/8/11/13/17,  "
242,Head!A242,Head,Ex.,Skeleton Lady's Hat,Ebonsteel,Cloth,,,0,0,0,5,0,0,0,0,5,0,0,0,0,10,0,0,0,0,7,0,0,0,0,14,0,0,0,0,8,0,0,0,0,19,0,0,0,0,9,0,0,0,0,23,0,0,0,0,10,0,"Undead Resistance, Passive HP Up"
248,Head!A248,Head,Ex.,Prediction Hood,Ebonsteel,Cloth,,,0,3,0,5,0,0,0,0,0,5,0,5,0,10,0,0,0,0,0,9,0,6,0,14,0,0,0,0,0,14,0,7,0,19,0,0,0,0,0,18,,,,,,,,,,,"Bind Tolerance, Resourceful Ingenuity"
254,Head!A254,Head,Ex.,Serpent God Veil,Ebonsteel,Cloth,,,0,0,0,2,0,0,0,5,5,5,0,0,0,7,0,0,0,5,7,9,0,0,0,11,0,0,0,5,8,14,0,0,0,16,0,0,0,5,9,18,0,0,0,20,0,0,0,5,10,23,"Agile Heavy Strike,  "
260,Head!A260,Head,3067,Ebonsteel Light Helmet,Ebonsteel,Light,,800,0,0,0,14,0,-1,-2,0,-2,4,0,0,0,19,0,-1,-2,0,-2,8,0,0,0,23,0,-1,-2,0,-2,13,0,0,0,28,0,-1,-2,0,-2,17,0,0,0,32,0,-1,-2,0,-2,22,
266,Head!A266,Head,3179,Helm of the Light Spirit,Ebonsteel,Light,,1000,0,0,0,12,0,-1,-2,0,-2,3,0,0,0,17,0,-1,-2,0,-2,7,0,0,0,21,0,-1,-2,0,-2,12,0,0,0,26,0,-1,-2,0,-2,16,0,0,0,30,0,-1,-2,0,-2,21,Dark Type Reduction
272,Head!A272,Head,3185,Umbral Helm,Ebonsteel,Light,,1000,0,0,0,12,0,-1,-2,0,-2,3,0,0,0,17,0,-1,-2,0,-2,7,0,0,0,21,0,-1,-2,0,-2,12,0,0,0,26,0,-1,-2,0,-2,16,0,0,0,30,0,-1,-2,0,-2,21,Light Type Reduction
278,Head!A278,Head,3200,Light Helmet of Separation,Ebonsteel,Light,,900,0,0,0,14,0,-1,-2,0,-2,4,0,0,0,19,0,-1,-2,0,-2,8,0,0,0,23,0,-1,-2,0,-2,13,0,0,0,28,0,-1,-2,0,-2,17,0,0,0,32,0,-1,-2,0,-2,22,"Demon Resistance, Confusion Tolerance, Charm Tolerance"
284,Head!A284,Head,178,Light Helmet of the Hundredfold Blossom,Ebonsteel,Light,,850,0,0,0,10,-1,1,-2,0,6,4,0,0,0,15,-1,1,-2,0,6,8,0,0,0,19,-1,1,-2,0,6,13,0,0,0,24,-1,1,-2,0,6,17,0,0,0,28,-1,1,-2,0,6,22,Magical Beast Resistance
290,Head!A290,Head,3068,Ebonsteel Heavy Helmet,Ebonsteel,Heavy,,940,0,0,0,20,0,-2,-2,0,-4,4,0,0,0,25,0,-2,-2,0,-4,8,0,0,0,29,0,-2,-2,0,-4,13,0,0,0,34,0,-2,-2,0,-4,17,0,0,0,38,0,-2,-2,0,-4,22,
296,Head!A296,Head,3112,Desert Helm,Ebonsteel,Heavy,35250,3525,0,0,0,21,1,-4,-2,0,-4,5,0,0,0,26,1,-4,-2,0,-4,9,,,,,,,,,,,,,,,,,,,,,,,,,,,,,,,
302,Head!A302,Head,3180,Heavy Helm of the Light Spirit,Ebonsteel,Heavy,,1175,0,0,0,18,0,-2,-4,0,-4,4,0,0,0,23,0,-2,-4,0,-4,8,0,0,0,27,0,-2,-4,0,-4,13,0,0,0,32,0,-2,-4,0,-4,17,0,0,0,36,0,-2,-4,0,-4,22,Dark Type Reduction
308,Head!A308,Head,3189,Umbral Heavy Helmet,Ebonsteel,Heavy,,1175,0,0,0,18,0,-2,-4,0,-4,4,0,0,0,23,0,-2,-4,0,-4,8,0,0,0,27,0,-2,-4,0,-4,13,0,0,0,32,0,-2,-4,0,-4,17,0,0,0,36,0,-2,-4,0,-4,22,Light Type Reduction
314,Head!A314,Head,Ex.,Glasses of Calm,Silver,Cloth,,,0,7,0,12,0,0,0,0,0,10,0,12,0,18,0,0,0,0,0,16,0,16,0,24,0,0,0,0,0,22,,,,,,,,,,,,,,,,,,,,,Passive I.Q. Up
320,Head!A320,Head,Ex.,Winterthorn Wreath,Silver,Cloth,,,0,0,0,9,0,5,0,0,0,6,0,0,0,15,0,5,0,0,0,12,0,0,0,21,0,5,0,0,0,18,0,0,0,25,0,5,0,0,0,21,,,,,,,,,,,Stone Tolerance
326,Head!A326,Head,,Dire Snowbird's Crest Feathers,Silver,Cloth,,,0,0,0,1,0,5,0,0,10,6,0,0,0,6,0,7,0,0,12,11,,,,,,,,,,,,,,,,,,,,,,,,,,,,,,,
332,Head!A332,Head,,Snow Wolf Trapper Hat,Silver,Cloth,,,0,0,0,9,0,1,0,0,6,6,,,,,,,,,,,,,,,,,,,,,,,,,,,,,,,,,,,,,,,,,Freeze Tolerance
338,Head!A338,Head,,Silver Light Helmet,Silver,Light,,,0,0,0,19,0,-1,-2,0,-2,4,,,,,,,,,,,,,,,,,,,,,,,,,,,,,,,,,,,,,,,,,
344,Head!A344,Head,,Blackwing Hat,Silver,Cloth,,,0,0,0,10,0,0,0,0,0,6,,,,,,,,,,,,,,,,,,,,,,,,,,,,,,,,,,,,,,,,,
350,Head!A350,Head,,Snow Beastfolk Fur Mask,Silver,Cloth,,,0,0,0,20,0,-10,2,0,0,0,,,,,,,,,,,,,,,,,,,,,,,,,,,,,,,,,,,,,,,,,Maximum Body Temperature Increase
356,Head!A356,Head,,,,,,,,,,,,,,,,,,,,,,,,,,,,,,,,,,,,,,,,,,,,,,,,,,,,,,,,,
362,Head!A362,Head,,,,,,,,,,,,,,,,,,,,,,,,,,,,,,,,,,,,,,,,,,,,,,,,,,,,,,,,,
368,Head!A368,Head,,,,,,,,,,,,,,,,,,,,,,,,,,,,,,,,,,,,,,,,,,,,,,,,,,,,,,,,,
374,Head!A374,Head,,,,,,,,,,,,,,,,,,,,,,,,,,,,,,,,,,,,,,,,,,,,,,,,,,,,,,,,,
380,Head!A380,Head,,,,,,,,,,,,,,,,,,,,,,,,,,,,,,,,,,,,,,,,,,,,,,,,,,,,,,,,,
386,Head!A386,Head,,,,,,,,,,,,,,,,,,,,,,,,,,,,,,,,,,,,,,,,,,,,,,,,,,,,,,,,,
392,Head!A392,Head,,,,,,,,,,,,,,,,,,,,,,,,,,,,,,,,,,,,,,,,,,,,,,,,,,,,,,,,,
398,Head!A398,Head,,,,,,,,,,,,,,,,,,,,,,,,,,,,,,,,,,,,,,,,,,,,,,,,,,,,,,,,,
404,Head!A404,Head,,,,,,,,,,,,,,,,,,,,,,,,,,,,,,,,,,,,,,,,,,,,,,,,,,,,,,,,,
410,Head!A410,Head,,,,,,,,,,,,,,,,,,,,,,,,,,,,,,,,,,,,,,,,,,,,,,,,,,,,,,,,,
416,Head!A416,Head,,,,,,,,,,,,,,,,,,,,,,,,,,,,,,,,,,,,,,,,,,,,,,,,,,,,,,,,,
422,Head!A422,Head,,,,,,,,,,,,,,,,,,,,,,,,,,,,,,,,,,,,,,,,,,,,,,,,,,,,,,,,,
428,Head!A428,Head,,,,,,,,,,,,,,,,,,,,,,,,,,,,,,,,,,,,,,,,,,,,,,,,,,,,,,,,,
434,Head!A434,Head,,,,,,,,,,,,,,,,,,,,,,,,,,,,,,,,,,,,,,,,,,,,,,,,,,,,,,,,,
440,Head!A440,Head,,,,,,,,,,,,,,,,,,,,,,,,,,,,,,,,,,,,,,,,,,,,,,,,,,,,,,,,,
446,Head!A446,Head,,,,,,,,,,,,,,,,,,,,,,,,,,,,,,,,,,,,,,,,,,,,,,,,,,,,,,,,,
452,Head!A452,Head,,,,,,,,,,,,,,,,,,,,,,,,,,,,,,,,,,,,,,,,,,,,,,,,,,,,,,,,,
458,Head!A458,Head,,,,,,,,,,,,,,,,,,,,,,,,,,,,,,,,,,,,,,,,,,,,,,,,,,,,,,,,,
464,Head!A464,Head,,,,,,,,,,,,,,,,,,,,,,,,,,,,,,,,,,,,,,,,,,,,,,,,,,,,,,,,,
470,Head!A470,Head,,,,,,,,,,,,,,,,,,,,,,,,,,,,,,,,,,,,,,,,,,,,,,,,,,,,,,,,,
476,Head!A476,Head,,,,,,,,,,,,,,,,,,,,,,,,,,,,,,,,,,,,,,,,,,,,,,,,,,,,,,,,,
482,Head!A482,Head,,,,,,,,,,,,,,,,,,,,,,,,,,,,,,,,,,,,,,,,,,,,,,,,,,,,,,,,,
488,Head!A488,Head,,,,,,,,,,,,,,,,,,,,,,,,,,,,,,,,,,,,,,,,,,,,,,,,,,,,,,,,,
494,Head!A494,Head,,,,,,,,,,,,,,,,,,,,,,,,,,,,,,,,,,,,,,,,,,,,,,,,,,,,,,,,,
500,Head!A500,Head,,,,,,,,,,,,,,,,,,,,,,,,,,,,,,,,,,,,,,,,,,,,,,,,,,,,,,,,,
506,Head!A506,Head,,,,,,,,,,,,,,,,,,,,,,,,,,,,,,,,,,,,,,,,,,,,,,,,,,,,,,,,,
512,Head!A512,Head,,,,,,,,,,,,,,,,,,,,,,,,,,,,,,,,,,,,,,,,,,,,,,,,,,,,,,,,,
518,Head!A518,Head,,,,,,,,,,,,,,,,,,,,,,,,,,,,,,,,,,,,,,,,,,,,,,,,,,,,,,,,,
524,Head!A524,Head,,,,,,,,,,,,,,,,,,,,,,,,,,,,,,,,,,,,,,,,,,,,,,,,,,,,,,,,,
530,Head!A530,Head,,,,,,,,,,,,,,,,,,,,,,,,,,,,,,,,,,,,,,,,,,,,,,,,,,,,,,,,,
536,Head!A536,Head,,,,,,,,,,,,,,,,,,,,,,,,,,,,,,,,,,,,,,,,,,,,,,,,,,,,,,,,,
542,Head!A542,Head,,,,,,,,,,,,,,,,,,,,,,,,,,,,,,,,,,,,,,,,,,,,,,,,,,,,,,,,,
548,Head!A548,Head,,,,,,,,,,,,,,,,,,,,,,,,,,,,,,,,,,,,,,,,,,,,,,,,,,,,,,,,,
554,Head!A554,Head,,,,,,,,,,,,,,,,,,,,,,,,,,,,,,,,,,,,,,,,,,,,,,,,,,,,,,,,,
560,Head!A560,Head,,,,,,,,,,,,,,,,,,,,,,,,,,,,,,,,,,,,,,,,,,,,,,,,,,,,,,,,,
566,Head!A566,Head,,,,,,,,,,,,,,,,,,,,,,,,,,,,,,,,,,,,,,,,,,,,,,,,,,,,,,,,,
572,Head!A572,Head,,,,,,,,,,,,,,,,,,,,,,,,,,,,,,,,,,,,,,,,,,,,,,,,,,,,,,,,,
578,Head!A578,Head,,,,,,,,,,,,,,,,,,,,,,,,,,,,,,,,,,,,,,,,,,,,,,,,,,,,,,,,,
584,Head!A584,Head,,,,,,,,,,,,,,,,,,,,,,,,,,,,,,,,,,,,,,,,,,,,,,,,,,,,,,,,,
590,Head!A590,Head,,,,,,,,,,,,,,,,,,,,,,,,,,,,,,,,,,,,,,,,,,,,,,,,,,,,,,,,,
596,Head!A596,Head,,,,,,,,,,,,,,,,,,,,,,,,,,,,,,,,,,,,,,,,,,,,,,,,,,,,,,,,,
602,Head!A602,Head,,,,,,,,,,,,,,,,,,,,,,,,,,,,,,,,,,,,,,,,,,,,,,,,,,,,,,,,,
608,Head!A608,Head,,,,,,,,,,,,,,,,,,,,,,,,,,,,,,,,,,,,,,,,,,,,,,,,,,,,,,,,,
614,Head!A614,Head,,,,,,,,,,,,,,,,,,,,,,,,,,,,,,,,,,,,,,,,,,,,,,,,,,,,,,,,,
620,Head!A620,Head,,,,,,,,,,,,,,,,,,,,,,,,,,,,,,,,,,,,,,,,,,,,,,,,,,,,,,,,,
626,Head!A626,Head,,,,,,,,,,,,,,,,,,,,,,,,,,,,,,,,,,,,,,,,,,,,,,,,,,,,,,,,,
,,,,,,,,,,,,,,,,,,,,,,,,,,,,,,,,,,,,,,,,,,,,,,,,,,,,,,,,,,,
2,Shield!A2,Shield,3001,Worn-Out Small Shield,Worn,Cloth,,12,0,0,0,2,0,0,0,0,0,0,0,0,0,5,2,0,0,0,0,0,0,0,0,7,5,0,0,0,0,0,,,,,,,,,,,,,,,,,,,,,
8,Shield!A8,Shield,3002,Worn-Out Shield,Worn,Light,,16,0,0,0,3,0,0,0,0,0,0,0,0,0,6,2,0,0,0,0,0,0,0,0,8,5,0,0,0,0,0,0,0,0,11,7,0,0,0,0,0,0,0,0,13,10,0,0,0,0,0,
14,Shield!A14,Shield,3003,Worn-Out Large Shield,Worn,Heavy,,20,0,0,0,5,0,-1,-2,0,-2,0,0,0,0,8,2,-1,-2,0,-2,0,,,,,,,,,,,,,,,,,,,,,,,,,,,,,,,
20,Shield!A20,Shield,3028,Leather Small Shield,Bronze,Cloth,310,50,0,0,0,3,0,0,0,0,0,0,0,0,0,6,2,0,0,0,0,0,0,0,0,9,5,0,0,0,0,0,0,0,0,12,8,0,0,0,0,0,,,,,,,,,,,
26,Shield!A26,Shield,3017,Bronze Shield,Bronze,Light,390,62,0,0,0,6,0,0,0,0,0,0,0,0,0,9,2,0,0,0,0,0,0,0,0,12,5,0,0,0,0,0,0,0,0,15,8,0,0,0,0,0,,,,,,,,,,,
32,Shield!A32,Shield,3083,Heater Shield,Bronze,Light,,50,0,0,0,6,0,0,0,0,2,0,0,0,0,9,2,0,0,0,2,0,0,0,0,12,5,0,0,0,2,0,0,0,0,15,8,0,0,0,2,0,0,0,0,18,12,0,0,0,2,0,
38,Shield!A38,Shield,3018,Bronze Large Shield,Bronze,Heavy,490,78,0,0,0,9,0,-1,-2,0,-2,0,0,0,0,12,2,-1,-2,0,-2,0,0,0,0,15,5,-1,-2,0,-2,0,0,0,0,18,8,-1,-2,0,-2,0,,,,,,,,,,,
44,Shield!A44,Shield,3044,Beastskin Small Shield,Iron,Cloth,930,149,0,0,0,5,0,0,0,0,0,0,0,0,0,8,2,0,0,0,0,0,0,0,0,12,6,0,0,0,0,0,0,0,0,15,9,0,0,0,0,0,0,0,0,19,14,0,0,0,0,0,
50,Shield!A50,Shield,3033,Iron Shield,Iron,Light,1170,187,0,0,0,9,0,0,0,0,0,0,0,0,0,12,2,0,0,0,0,0,0,0,0,16,6,0,0,0,0,0,0,0,0,19,9,0,0,0,0,0,0,0,0,23,14,0,0,0,0,0,
56,Shield!A56,Shield,3089,Royal Knight's Shield,Iron,Light,5850,1170,0,0,0,10,0,0,0,0,0,0,0,0,0,13,2,0,0,0,0,0,0,0,0,17,6,0,0,0,0,0,0,0,0,20,9,0,0,0,0,0,0,0,0,24,14,0,0,0,0,0,
62,Shield!A62,Shield,3034,Iron Large Shield,Iron,Heavy,1470,235,0,0,0,14,0,-1,-2,0,-2,0,0,0,0,17,2,-1,-2,0,-2,0,0,0,0,21,6,-1,-2,0,-2,0,0,0,0,24,9,-1,-2,0,-2,0,0,0,0,28,14,-1,-2,0,-2,0,
68,Shield!A68,Shield,3060,Scaly Leather Small Shield,Steel,Cloth,,298,0,0,0,6,0,0,0,0,0,0,0,0,0,10,4,0,0,0,0,0,0,0,0,14,8,0,0,0,0,0,0,0,0,18,12,0,0,0,0,0,0,0,0,22,16,0,0,0,0,0,
74,Shield!A74,Shield,3099,Mage Shield,Steel,Cloth,,465,0,0,0,3,0,0,0,0,0,0,0,0,0,7,4,0,0,0,0,0,0,0,0,11,8,0,0,0,0,0,0,0,0,15,12,0,0,0,0,0,0,0,0,19,16,0,0,0,0,0,I.Q. Barrier
80,Shield!A80,Shield,3049,Steel Shield,Steel,Light,,374,0,0,0,12,0,0,0,0,0,0,0,0,0,16,4,0,0,0,0,0,0,0,0,20,8,0,0,0,0,0,0,0,0,24,12,0,0,0,0,0,0,0,0,28,16,0,0,0,0,0,
86,Shield!A86,Shield,3094,Viking Shield,Steel,Light,11700,2340,0,0,0,13,0,0,0,0,0,0,0,0,0,17,4,0,0,0,0,0,0,0,0,21,8,0,0,0,0,0,0,0,0,25,12,0,0,0,0,0,0,0,0,29,16,0,0,0,0,0,
92,Shield!A92,Shield,3100,Defender of Faith,Steel,Light,,585,0,0,0,13,0,0,0,0,0,0,0,0,0,17,4,0,0,0,0,0,0,0,0,21,8,0,0,0,0,0,0,0,0,25,12,0,0,0,0,0,0,0,0,29,16,0,0,0,0,0,Piety Barrier
98,Shield!A98,Shield,3101,Shield of Honor,Steel,Light,,,0,0,0,12,0,0,0,0,0,4,0,0,0,16,2,0,0,0,0,4,,,,,,,,,,,,,,,,,,,,,,,,,,,,,,,
104,Shield!A104,Shield,3050,Steel Large Shield,Steel,Heavy,,470,0,0,0,18,0,-1,-2,0,-2,0,0,0,0,22,4,-1,-2,0,-2,0,0,0,0,26,8,-1,-2,0,-2,0,0,0,0,30,12,-1,-2,0,-2,0,0,0,0,34,16,-1,-2,0,-2,0,
110,Shield!A110,Shield,3103,Shield of the Covenant,Steel,Heavy,,735,0,0,0,19,0,-1,-2,0,-2,0,0,0,0,23,4,-1,-2,0,-2,2,0,0,0,27,8,-1,-2,0,-2,3,0,0,0,31,12,-1,-2,0,-2,4,0,0,0,35,16,-1,-2,0,-2,5,
116,Shield!A116,Shield,3076,Veil Shield ,Ebonsteel,Cloth,,,0,0,0,10,0,0,0,0,0,0,0,0,0,15,4,0,0,0,0,0,0,0,0,19,9,0,0,0,0,0,0,0,0,24,13,0,0,0,0,0,0,0,0,28,18,0,0,0,0,0,
122,Shield!A122,Shield,3065,Ebonsteel Shield,Ebonsteel,Light,,780,0,0,0,18,0,0,0,0,0,0,0,0,0,23,4,0,0,0,0,0,0,0,0,27,9,0,0,0,0,0,0,0,0,32,13,0,0,0,0,0,0,0,0,36,18,0,0,0,0,0,
128,Shield!A128,Shield,3123,Antivenom Shield,Ebonsteel,Light,,975,0,0,0,18,0,-1,0,0,0,0,0,0,0,23,4,-1,0,0,0,0,0,0,0,27,9,-1,0,0,0,0,0,0,0,32,13,-1,0,0,0,0,0,0,0,36,18,-1,0,0,0,0,Poison Tolerance
134,Shield!A134,Shield,3124,Mauve Shield,Ebonsteel,Light,,975,0,0,0,15,0,0,0,0,0,0,0,0,0,20,4,0,0,0,0,0,0,0,0,24,9,0,0,0,0,0,0,0,0,29,13,0,0,0,0,0,0,0,0,33,18,0,0,0,0,0,Confusion Tolerance
140,Shield!A140,Shield,3066,Ebonsteel Large Shield,Ebonsteel,Heavy,,980,0,0,0,26,0,-1,-2,0,-2,0,0,0,0,31,4,-1,-2,0,-2,0,0,0,0,35,9,-1,-2,0,-2,0,0,0,0,40,13,-1,-2,0,-2,0,0,0,0,44,18,-1,-2,0,-2,0,
146,Shield!A146,Shield,3125,Holy Knight's Shield ,Ebonsteel,Heavy,,1225,0,0,0,25,0,-2,-2,0,-2,0,0,0,0,30,4,-2,-2,0,-2,0,0,0,0,34,9,-2,-2,0,-2,0,0,0,0,39,13,-2,-2,0,-2,0,0,0,0,43,18,-2,-2,0,-2,0,Undead Resistance
152,Shield!A152,Shield,Ex.,Lionheart Shield,Ebonsteel,Heavy,,,6,0,0,24,5,-3,-2,0,-2,0,,,,,,,,,,,9,0,0,33,14,-3,-2,0,-2,0,10,0,0,38,18,-3,-2,0,-2,0,,,,,,,,,,,Beast Marking
158,Shield!A158,Shield,3206,Twisted Shield,Silver,Cloth,,1170,-60,0,0,-40,0,-20,-60,0,-40,0,-60,5,5,-40,0,-20,-60,0,-40,0,,,,,,,,,,,,,,,,,,,,,,,,,,,,,,,
164,Shield!A164,Shield,,Blackwing Small Shield,Silver,Cloth,,,0,0,0,12,0,0,0,0,0,0,,,,,,,,,,,,,,,,,,,,,,,,,,,,,,,,,,,,,,,,,
170,Shield!A170,Shield,,Silver Shield,Silver,Light,1170,,0,0,0,25,0,0,0,0,0,0,,,,,,,,,,,,,,,,,,,,,,,,,,,,,,,,,,,,,,,,,
176,Shield!A176,Shield,,Silver Large Shield,Silver,Heavy,,,0,0,0,38,0,-1,-2,0,-1,0,,,,,,,,,,,,,,,,,,,,,,,,,,,,,,,,,,,,,,,,,
182,Shield!A182,Shield,,Large Shield of Sacred Life,Silver,Heavy,,,-20,0,0,35,0,-1,-2,0,-10,0,,,,,,,,,,,,,,,,,,,,,,,,,,,,,,,,,,,,,,,,,Vitality Barrier
188,Shield!A188,Shield,,,,,,,,,,,,,,,,,,,,,,,,,,,,,,,,,,,,,,,,,,,,,,,,,,,,,,,,,
194,Shield!A194,Shield,,,,,,,,,,,,,,,,,,,,,,,,,,,,,,,,,,,,,,,,,,,,,,,,,,,,,,,,,
200,Shield!A200,Shield,,,,,,,,,,,,,,,,,,,,,,,,,,,,,,,,,,,,,,,,,,,,,,,,,,,,,,,,,
206,Shield!A206,Shield,,,,,,,,,,,,,,,,,,,,,,,,,,,,,,,,,,,,,,,,,,,,,,,,,,,,,,,,,
212,Shield!A212,Shield,,,,,,,,,,,,,,,,,,,,,,,,,,,,,,,,,,,,,,,,,,,,,,,,,,,,,,,,,
218,Shield!A218,Shield,,,,,,,,,,,,,,,,,,,,,,,,,,,,,,,,,,,,,,,,,,,,,,,,,,,,,,,,,
224,Shield!A224,Shield,,,,,,,,,,,,,,,,,,,,,,,,,,,,,,,,,,,,,,,,,,,,,,,,,,,,,,,,,
230,Shield!A230,Shield,,,,,,,,,,,,,,,,,,,,,,,,,,,,,,,,,,,,,,,,,,,,,,,,,,,,,,,,,
236,Shield!A236,Shield,,,,,,,,,,,,,,,,,,,,,,,,,,,,,,,,,,,,,,,,,,,,,,,,,,,,,,,,,
242,Shield!A242,Shield,,,,,,,,,,,,,,,,,,,,,,,,,,,,,,,,,,,,,,,,,,,,,,,,,,,,,,,,,
248,Shield!A248,Shield,,,,,,,,,,,,,,,,,,,,,,,,,,,,,,,,,,,,,,,,,,,,,,,,,,,,,,,,,
254,Shield!A254,Shield,,,,,,,,,,,,,,,,,,,,,,,,,,,,,,,,,,,,,,,,,,,,,,,,,,,,,,,,,
260,Shield!A260,Shield,,,,,,,,,,,,,,,,,,,,,,,,,,,,,,,,,,,,,,,,,,,,,,,,,,,,,,,,,
266,Shield!A266,Shield,,,,,,,,,,,,,,,,,,,,,,,,,,,,,,,,,,,,,,,,,,,,,,,,,,,,,,,,,
272,Shield!A272,Shield,,,,,,,,,,,,,,,,,,,,,,,,,,,,,,,,,,,,,,,,,,,,,,,,,,,,,,,,,
278,Shield!A278,Shield,,,,,,,,,,,,,,,,,,,,,,,,,,,,,,,,,,,,,,,,,,,,,,,,,,,,,,,,,
284,Shield!A284,Shield,,,,,,,,,,,,,,,,,,,,,,,,,,,,,,,,,,,,,,,,,,,,,,,,,,,,,,,,,
290,Shield!A290,Shield,,,,,,,,,,,,,,,,,,,,,,,,,,,,,,,,,,,,,,,,,,,,,,,,,,,,,,,,,
296,Shield!A296,Shield,,,,,,,,,,,,,,,,,,,,,,,,,,,,,,,,,,,,,,,,,,,,,,,,,,,,,,,,,
,,,,,,,,,,,,,,,,,,,,,,,,,,,,,,,,,,,,,,,,,,,,,,,,,,,,,,,,,,,
2,Feet!A2,Feet,3015,Cloth Shoes,Worn,Cloth,,12,0,0,0,1,0,2,0,0,2,0,0,0,0,4,0,2,0,0,4,0,0,0,0,6,0,2,0,0,7,0,0,0,0,9,0,2,0,0,9,0,,,,,,,,,,,
8,Feet!A8,Feet,3010,Worn-Out Light Armor Boots,Worn,Light,,15,0,0,0,2,0,0,0,0,0,0,0,0,0,5,0,0,0,0,2,0,0,0,0,7,0,0,0,0,5,0,0,0,0,10,0,0,0,0,7,0,0,0,0,12,0,0,0,0,10,0,
14,Feet!A14,Feet,3011,Worn-Out Heavy Armor Boots,Worn,Heavy,,17,0,0,0,3,0,-1,0,0,-2,0,0,0,0,6,0,-1,0,0,0,0,0,0,0,8,0,-1,0,0,3,0,0,0,0,11,0,-1,0,0,5,0,,,,,,,,,,,
20,Feet!A20,Feet,3032,Leather Shoes,Bronze,Cloth,290,46,0,0,0,2,0,2,0,0,2,0,0,0,0,5,0,2,0,0,4,0,0,0,0,8,0,2,0,0,7,0,0,0,0,11,0,2,0,0,10,0,0,0,0,14,0,2,0,0,14,0,
26,Feet!A26,Feet,3088,Thieves' Boots,Bronze,Cloth,,58,0,0,0,2,0,2,4,0,4,0,0,0,0,5,0,2,6,0,6,0,0,0,0,8,0,2,7,0,10,0,0,0,0,11,0,2,8,0,14,0,0,0,0,14,0,2,9,0,18,0,
32,Feet!A32,Feet,3025,Bronze Light Armor Boots,Bronze,Light,370,59,0,0,0,3,0,0,0,0,0,0,0,0,0,6,0,0,0,0,2,0,0,0,0,9,0,0,0,0,5,0,0,0,0,12,0,0,0,0,8,0,0,0,0,15,0,0,0,0,12,0,
38,Feet!A38,Feet,3026,Bronze Heavy Armor Boots,Bronze,Heavy,430,69,0,0,0,5,0,-1,0,0,-2,0,0,0,0,8,0,-1,0,0,0,0,0,0,0,11,0,-1,0,0,3,0,0,0,0,14,0,-1,0,0,6,0,,,,,,,,,,,
44,Feet!A44,Feet,3048,Beastskin Shoes,Iron,Cloth,870,139,0,0,0,3,0,2,0,0,2,0,0,0,0,6,0,2,0,0,4,0,0,0,0,10,0,2,0,0,8,0,0,0,0,13,0,2,0,0,11,0,0,0,0,17,0,2,0,0,16,0,
50,Feet!A50,Feet,3041,Iron Light Armor Boots,Iron,Light,1110,178,0,0,0,4,0,0,0,0,0,0,0,0,0,7,0,0,0,0,2,0,0,0,0,11,0,0,0,0,6,0,0,0,0,14,0,0,0,0,9,0,0,0,0,18,0,0,0,0,14,0,
56,Feet!A56,Feet,3042,Iron Heavy Armor Boots,Iron,Heavy,1290,206,0,0,0,6,0,-1,0,0,-2,0,0,0,0,9,0,-1,0,0,0,0,0,0,0,13,0,-1,0,0,4,0,0,0,0,16,0,-1,0,0,7,0,0,0,0,20,0,-1,0,0,12,0,
62,Feet!A62,Feet,3064,Scaly Leather Shoes,Steel,Cloth,,278,0,0,0,5,0,2,0,0,2,0,0,0,0,9,0,2,0,0,6,0,0,0,0,13,0,2,0,0,10,0,0,0,0,17,0,2,0,0,14,0,0,0,0,21,0,2,0,0,18,0,
68,Feet!A68,Feet,3111,Light Sandals,Steel,Cloth,,348,0,0,0,5,0,8,0,0,8,0,0,0,0,9,0,10,0,0,12,0,0,0,0,13,0,11,0,0,16,0,0,0,0,17,0,12,0,0,20,0,,,,,,,,,,,
74,Feet!A74,Feet,3196,Phantom Shadow Ninja Tabi,Steel,Cloth,,348,0,0,0,3,0,3,0,0,1,0,0,0,0,6,0,3,0,0,4,0,0,0,0,8,0,3,0,0,6,0,0,0,0,11,0,3,0,0,9,0,0,0,0,21,0,3,0,0,19,0,
80,Feet!A80,Feet,3057,Steel Light Armor Boots,Steel,Light,,365,0,0,0,6,0,0,0,0,0,0,0,0,0,10,0,0,0,0,4,0,0,0,0,14,0,0,0,0,8,0,0,0,0,18,0,0,0,0,12,0,0,0,0,22,0,0,0,0,16,0,
86,Feet!A86,Feet,Ex.,Star Wolf Light Armor Boots,Steel,Light,,,0,0,0,3,0,0,0,0,0,0,0,0,0,7,0,0,0,0,4,0,0,0,0,11,0,0,0,0,8,0,0,0,0,15,0,0,0,0,12,0,0,0,0,19,0,0,0,0,16,0,Two-Handed Spear Proficiency
92,Feet!A92,Feet,3058,Steel Heavy Armor Boots,Steel,Heavy,,413,0,0,0,9,0,-1,0,0,-2,0,0,0,0,13,0,-1,0,0,2,0,0,0,0,17,0,-1,0,0,6,0,0,0,0,21,0,-1,0,0,10,0,0,0,0,25,0,-1,0,0,14,0,
98,Feet!A98,Feet,3080,Veil boots,Ebonsteel,Cloth,,580,0,0,0,8,0,2,0,0,2,0,0,0,0,13,0,2,0,0,6,0,0,0,0,17,0,2,0,0,11,0,0,0,0,22,0,2,0,0,15,0,0,0,0,26,0,2,0,0,20,0,
104,Feet!A104,Feet,3130,Elegant Dancer,Ebonsteel,Cloth,,1392,0,0,0,5,0,5,0,0,5,0,0,0,0,10,0,5,0,0,9,0,0,0,0,14,0,5,0,0,14,0,,,,,,,,,,,,,,,,,,,,,Charm Tolerance
110,Feet!A110,Feet,3191,Covert Ninja Tabi,Ebonsteel,Cloth,,580,0,0,0,4,0,3,0,0,1,0,0,0,0,7,0,3,0,0,4,0,0,0,0,10,0,3,0,0,7,0,0,0,0,15,0,3,0,0,12,0,0,0,0,25,0,3,0,0,22,0,
116,Feet!A116,Feet,Ex.,Charm Boots,Ebonsteel,Cloth,,,0,2,0,4,0,4,0,0,2,0,0,4,0,9,0,4,0,0,6,0,0,5,0,13,0,4,0,0,11,0,0,6,0,18,0,4,0,0,15,0,0,7,0,22,0,4,0,0,20,0,Flash of Insight
122,Feet!A122,Feet,Ex.,Blood Red Kyahan,Ebonsteel,Cloth,,,0,0,0,3,0,5,0,0,3,0,,,,,,,,,,,0,0,0,8,0,8,0,0,8,0,0,0,0,11,0,9,0,0,11,0,0,0,0,21,0,10,0,0,21,0,
128,Feet!A128,Feet,Ex.,Shoes of the Swaying Grains ,Ebonsteel,Cloth,,,0,0,0,2,0,2,0,5,5,0,0,0,0,7,0,2,0,5,9,0,0,0,0,11,0,2,0,5,14,0,0,0,0,16,0,2,0,5,18,0,,,,,,,,,,,Agile Anticipation
134,Feet!A134,Feet,3073,Ebonsteel Light Armor Boots,Ebonsteel,Light,,740,0,0,0,10,0,0,0,0,0,0,0,0,0,15,0,0,0,0,4,0,0,0,0,19,0,0,0,0,9,0,0,0,0,24,0,0,0,0,13,0,0,0,0,28,0,0,0,0,18,0,
140,Feet!A140,Feet,3197,Heat Haze Light Armor Boots,Ebonsteel,Light,,1388,0,0,0,2,2,0,0,0,1,0,0,0,0,7,2,0,0,0,4,0,0,0,0,11,2,0,0,0,6,0,0,0,0,16,2,0,0,0,12,0,0,0,0,20,2,0,0,0,22,0,"Confusion Tolerance, Charm Tolerance"
146,Feet!A146,Feet,Ex.,Clearwater Light Armor Boots,Ebonsteel,Light,,,0,0,0,8,10,0,0,0,-4,0,0,0,0,13,16,0,0,0,0,0,0,0,0,17,23,0,0,0,5,0,0,0,0,22,29,0,0,0,9,0,,,,,,,,,,,
152,Feet!A152,Feet,Ex.,Ashbone Light Armor Boots,Ebonsteel,Light,,,0,0,0,4,8,0,0,0,0,0,,,,,,,,,,,0,0,0,13,21,0,0,0,9,5,,,,,,,,,,,,,,,,,,,,,Passive Piety Up
158,Feet!A158,Feet,Ex.,Greaves of Valor,Ebonsteel,Light,,,0,0,0,6,0,0,2,2,5,0,0,0,0,11,0,0,4,4,9,0,0,0,0,15,0,0,5,5,14,0,0,0,0,20,0,0,6,6,18,0,0,0,0,24,0,0,7,7,23,0,
164,Feet!A164,Feet,3074,Ebonsteel Heavy Armor Boots,Ebonsteel,Heavy,,860,0,0,0,14,0,-1,0,0,-2,0,0,0,0,19,0,-1,0,0,2,0,0,0,0,23,0,-1,0,0,7,0,0,0,0,28,0,-1,0,0,11,0,0,0,0,32,0,-1,0,0,16,0,
170,Feet!A170,Feet,3114,Desert Greaves,Ebonsteel,Heavy,32250,3225,0,0,0,15,1,-3,0,0,-2,0,0,0,0,20,1,-3,0,0,2,0,0,0,0,24,1,-3,0,0,7,0,0,0,0,29,1,-3,0,0,11,0,0,0,0,33,1,-3,0,0,16,0,
176,Feet!A176,Feet,Ex.,High Boots of the Winter Night,Silver,Cloth,,,0,0,0,8,0,8,0,0,2,0,0,0,0,14,0,10,0,0,13,0,0,0,0,20,0,11,0,0,18,0,0,0,0,24,0,12,0,0,23,0,,,,,,,,,,,Stone Tolerance
182,Feet!A182,Feet,,Sheepskin Boots,Silver,Cloth,65000,,0,0,0,8,0,2,0,0,1,0,,,,,,,,,,,,,,,,,,,,,,,,,,,,,,,,,,,,,,,,,"Freeze Tolerance, Maximum Body Temperature Increase"
188,Feet!A188,Feet,,Silver Light Armor Boots,Silver,Light,,,0,0,0,14,0,0,0,0,0,0,,,,,,,,,,,0,0,0,26,0,0,0,0,12,0,,,,,,,,,,,,,,,,,,,,,
194,Feet!A194,Feet,,Hard Snow Heavy Armor Boots,Silver,Heavy,,,0,0,0,39,0,-10,0,0,-10,0,,,,,,,,,,,,,,,,,,,,,,,,,,,,,,,,,,,,,,,,,Ice-Break Damage Reduction
200,Feet!A200,Feet,,Deep-Snow Straw Sandals,Silver,Cloth,,,0,0,0,13,0,0,0,0,0,0,,,,,,,,,,,,,,,,,,,,,,,,,,,,,,,,,,,,,,,,,Maximum Body Temperature Increase
206,Feet!A206,Feet,,Silver Heavy Armor Boots,Silver,Heavy,,,0,0,0,21,0,0,0,0,-2,0,,,,,,,,,,,,,,,,,,,,,,,,,,,,,,,,,,,,,,,,,
212,Feet!A212,Feet,,Brave Shoes,Silver,Cloth,,,0,0,0,9,0,2,0,0,2,0,,,,,,,,,,,,,,,,,,,,,,,,,,,,,,,,,,,,,,,,,Fear Tolerance
218,Feet!A218,Feet,,,,,,,,,,,,,,,,,,,,,,,,,,,,,,,,,,,,,,,,,,,,,,,,,,,,,,,,,
224,Feet!A224,Feet,,,,,,,,,,,,,,,,,,,,,,,,,,,,,,,,,,,,,,,,,,,,,,,,,,,,,,,,,
230,Feet!A230,Feet,,,,,,,,,,,,,,,,,,,,,,,,,,,,,,,,,,,,,,,,,,,,,,,,,,,,,,,,,
236,Feet!A236,Feet,,,,,,,,,,,,,,,,,,,,,,,,,,,,,,,,,,,,,,,,,,,,,,,,,,,,,,,,,
242,Feet!A242,Feet,,,,,,,,,,,,,,,,,,,,,,,,,,,,,,,,,,,,,,,,,,,,,,,,,,,,,,,,,
248,Feet!A248,Feet,,,,,,,,,,,,,,,,,,,,,,,,,,,,,,,,,,,,,,,,,,,,,,,,,,,,,,,,,
254,Feet!A254,Feet,,,,,,,,,,,,,,,,,,,,,,,,,,,,,,,,,,,,,,,,,,,,,,,,,,,,,,,,,
260,Feet!A260,Feet,,,,,,,,,,,,,,,,,,,,,,,,,,,,,,,,,,,,,,,,,,,,,,,,,,,,,,,,,
266,Feet!A266,Feet,,,,,,,,,,,,,,,,,,,,,,,,,,,,,,,,,,,,,,,,,,,,,,,,,,,,,,,,,
272,Feet!A272,Feet,,,,,,,,,,,,,,,,,,,,,,,,,,,,,,,,,,,,,,,,,,,,,,,,,,,,,,,,,
278,Feet!A278,Feet,,,,,,,,,,,,,,,,,,,,,,,,,,,,,,,,,,,,,,,,,,,,,,,,,,,,,,,,,
284,Feet!A284,Feet,,,,,,,,,,,,,,,,,,,,,,,,,,,,,,,,,,,,,,,,,,,,,,,,,,,,,,,,,
290,Feet!A290,Feet,,,,,,,,,,,,,,,,,,,,,,,,,,,,,,,,,,,,,,,,,,,,,,,,,,,,,,,,,
296,Feet!A296,Feet,,,,,,,,,,,,,,,,,,,,,,,,,,,,,,,,,,,,,,,,,,,,,,,,,,,,,,,,,
,,,,,,,,,,,,,,,,,,,,,,,,,,,,,,,,,,,,,,,,,,,,,,,,,,,,,,,,,,,
2,Hands!A2,Hands,3082,Old-Fashioned Gloves,Worn,Cloth,,12,0,0,0,1,0,0,0,0,0,0,0,0,0,4,0,0,2,0,0,0,0,0,0,6,0,0,5,0,0,0,,,,,,,,,,,,,,,,,,,,,
8,Hands!A8,Hands,3014,Cloth Gloves,Worn,Cloth,,12,0,0,0,1,0,0,2,0,0,0,0,0,0,4,0,0,4,0,0,0,0,0,0,6,0,0,7,0,0,0,0,0,0,9,0,0,9,0,0,0,,,,,,,,,,,
14,Hands!A14,Hands,3008,Worn-Out Light Gauntlets,Worn,Light,,14,0,0,0,2,0,0,0,0,0,0,0,0,0,5,0,0,2,0,0,0,0,0,0,7,0,0,5,0,0,0,0,0,0,10,0,0,7,0,0,0,0,0,0,12,0,0,10,0,0,0,
20,Hands!A20,Hands,3009,Worn-Out Heavy Gauntlets,Worn,Light,,18,0,0,0,3,0,0,-2,0,0,0,0,0,0,6,0,0,0,0,0,0,0,0,0,8,0,0,3,0,0,0,0,0,0,11,0,0,5,0,0,0,,,,,,,,,,,
26,Hands!A26,Hands,3031,Leather Gloves,Bronze,Cloth,290,46,0,0,0,2,0,0,2,0,0,0,0,0,0,5,0,0,4,0,0,0,0,0,0,8,0,0,7,0,0,0,0,0,0,11,0,0,10,0,0,0,,,,,,,,,,,
32,Hands!A32,Hands,3087,Mineral Gloves,Bronze,Cloth,,58,0,0,0,2,0,0,0,0,0,0,0,2,2,5,0,0,2,0,0,0,0,3,3,7,0,0,5,0,0,0,0,4,4,10,0,0,8,0,0,0,0,5,5,12,0,0,12,0,0,0,
38,Hands!A38,Hands,3023,Bronze Light Gauntlets,Bronze,Light,360,58,0,0,0,3,0,0,0,0,0,0,0,0,0,6,0,0,2,0,0,0,0,0,0,9,0,0,5,0,0,0,0,0,0,12,0,0,8,0,0,0,0,0,0,15,0,0,12,0,0,0,
44,Hands!A44,Hands,3024,Bronze Heavy Gauntlets,Bronze,Heavy,450,72,0,0,0,5,0,0,-2,0,0,0,0,0,0,8,0,0,0,0,0,0,0,0,0,11,0,0,3,0,0,0,0,0,0,14,0,0,6,0,0,0,,,,,,,,,,,
50,Hands!A50,Hands,3047,Beastskin Gloves,Iron,Cloth,870,139,0,0,0,3,0,0,2,0,0,0,0,0,0,6,0,0,4,0,0,0,0,0,0,10,0,0,8,0,0,0,0,0,0,13,0,0,11,0,0,0,0,0,0,17,0,0,16,0,0,0,
56,Hands!A56,Hands,3039,Iron Light Gauntlets,Iron,Light,1080,173,0,0,0,4,0,0,0,0,0,0,0,0,0,7,0,0,2,0,0,0,0,0,0,11,0,0,6,0,0,0,0,0,0,14,0,0,9,0,0,0,0,0,0,18,0,0,14,0,0,0,
62,Hands!A62,Hands,3040,Iron Heavy Gauntlets,Iron,Heavy,1350,216,0,0,0,6,0,0,-2,0,0,0,0,0,0,9,0,0,0,0,0,0,0,0,0,13,0,0,4,0,0,0,0,0,0,16,0,0,7,0,0,0,0,0,0,20,0,0,12,0,0,0,
68,Hands!A68,Hands,3063,Scaly Leather Gloves,Steel,Cloth,,278,0,0,0,5,0,0,2,0,0,0,0,0,0,9,0,0,6,0,0,0,0,0,0,13,0,0,10,0,0,0,0,0,0,17,0,0,14,0,0,0,0,0,0,21,0,0,18,0,0,0,
74,Hands!A74,Hands,3107,Thieves' Gloves,Steel,Cloth,,445,0,0,0,5,0,0,2,0,0,0,0,0,0,9,0,0,6,0,0,0,0,0,0,13,0,0,10,0,0,0,,,,,,,,,,,,,,,,,,,,,"Disarm Trap +2/4/5/?/?, Evade Trap +4/6/7/?/?"
80,Hands!A80,Hands,3195,Phantom Shadow Arm Wraps,Steel,Cloth,,348,0,0,0,2,0,1,1,0,1,0,0,0,0,5,0,1,4,0,1,0,0,0,0,7,0,1,6,0,2,0,0,0,0,10,0,1,9,0,2,0,0,0,0,20,0,1,19,0,3,0,
86,Hands!A86,Hands,3055,Steel Light Gauntlets,Steel,Light,,346,0,0,0,6,0,0,0,0,0,0,0,0,0,10,0,0,4,0,0,0,0,0,0,14,0,0,8,0,0,0,0,0,0,18,0,0,12,0,0,0,0,0,0,22,0,0,16,0,0,0,
92,Hands!A92,Hands,3108,Bloodstained Gloves,Steel,Light,,540,0,0,0,6,0,0,0,0,0,0,0,0,0,10,0,0,4,0,0,0,,,,,,,,,,,,,,,,,,,,,,,,,,,,,,,Humanoid Resistance
98,Hands!A98,Hands,3109,Firesmith's Gauntlets,Steel,Light,,,0,0,0,6,0,0,0,0,0,0,0,0,0,10,0,0,4,0,0,0,0,0,0,14,0,0,8,0,0,0,0,0,0,18,0,0,12,0,0,0,0,0,0,22,0,0,16,0,0,0,Fire Type Reduction
104,Hands!A104,Hands,3110,Featherbronze Gauntlets,Steel,Light,,553,0,0,0,4,-2,0,0,0,0,0,0,0,0,8,-2,0,4,0,0,0,0,0,0,12,-2,0,8,0,0,0,0,0,0,16,-2,0,12,0,0,0,0,0,0,20,-2,0,16,0,0,0,"Bind Tolerance, Disarm Trap (+3)"
110,Hands!A110,Hands,Ex.,Praying Mantis Gloves,Steel,Light,,,4,0,0,6,0,0,0,0,0,0,4,0,0,10,0,0,4,0,0,0,4,0,0,14,0,0,8,0,0,0,4,0,0,18,0,0,12,0,0,0,4,0,0,22,0,0,16,0,0,0,
116,Hands!A116,Hands,3056,Steel Heavy Gauntlets,Steel,Heavy,,432,0,0,0,9,0,0,-2,0,0,0,0,0,0,13,0,0,2,0,0,0,0,0,0,17,0,0,6,0,0,0,0,0,0,21,0,0,10,0,0,0,0,0,0,25,0,0,14,0,0,0,
122,Hands!A122,Hands,3079,Veil Gloves ,Ebonsteel,Cloth,,580,0,0,0,8,0,0,2,0,0,0,0,0,0,13,0,0,6,0,0,0,0,0,0,17,0,0,11,0,0,0,0,0,0,22,0,0,15,0,0,0,0,0,0,26,0,0,20,0,0,0,
128,Hands!A128,Hands,3118,Wilderness Gloves,Ebonsteel,Cloth,,725,0,0,0,7,0,0,2,0,0,0,0,0,0,12,0,0,6,0,0,0,0,0,0,16,0,0,11,0,0,0,0,0,0,21,0,0,15,0,0,0,0,0,0,25,0,0,20,0,0,0,Magical Beast Resistance
134,Hands!A134,Hands,3122,Covert Arm Wraps,Ebonsteel,Cloth,,725,0,0,0,3,0,1,1,0,1,0,0,0,0,6,0,1,4,0,3,0,0,0,0,8,0,1,6,0,4,0,0,0,0,14,0,1,12,0,5,0,0,0,0,24,0,1,22,0,6,0,VERIFY +15 EVA
140,Hands!A140,Hands,3129,Grave Robber's Gloves,Ebonsteel,Cloth,,725,0,0,0,5,0,1,2,0,0,0,0,0,0,10,0,1,6,0,0,0,0,0,0,14,0,1,11,0,0,0,0,0,0,19,0,1,15,0,0,0,0,0,0,23,0,1,20,0,0,0,"Disarm Trap +4/?/?/8/?, Evade Trap +6/?/?/10/?"
146,Hands!A146,Hands,Ex.,Skeleton Lady's Gloves,Ebonsteel,Cloth,,,0,0,0,5,0,0,0,0,5,0,0,0,0,9,0,0,0,0,7,0,0,0,0,13,0,0,0,0,8,0,0,0,0,17,0,0,0,0,9,0,0,0,0,21,0,0,0,0,10,0,"Undead Resistance, Passive HP Up"
152,Hands!A152,Hands,Ex.,Droplet Catchers,Ebonsteel,Cloth,,,0,5,0,5,0,0,0,0,0,6,0,7,0,9,0,0,0,0,0,10,0,8,0,13,0,0,0,0,0,15,,,,,,,,,,,,,,,,,,,,,
158,Hands!A158,Hands,3071,Ebonsteel Light Gauntlets,Ebonsteel,Light,,720,0,0,0,10,0,0,0,0,0,0,0,0,0,15,0,0,4,0,0,0,0,0,0,19,0,0,9,0,0,0,0,0,0,24,0,0,13,0,0,0,0,0,0,28,0,0,18,0,0,0,
164,Hands!A164,Hands,3119,Wilderness Guard,Ebonsteel,Light,,900,0,0,0,9,0,0,0,0,0,0,0,0,0,14,0,0,4,0,0,0,0,0,0,18,0,0,9,0,0,0,0,0,0,23,0,0,13,0,0,0,0,0,0,27,0,0,18,0,0,0,Magical Beast Resistance
170,Hands!A170,Hands,3201,Light Gauntlets of Separation,Ebonsteel,Light,,800,0,0,0,10,0,0,0,0,0,0,0,0,0,15,0,0,4,0,0,0,0,0,0,19,0,0,9,0,0,0,0,0,0,24,0,0,13,0,0,0,0,0,0,28,0,0,18,0,0,0,"Demon Resistance, Confusion Tolerance, Charm Tolerance"
176,Hands!A176,Hands,179,Light Gauntlets of the Hundredfold Blossom,Ebonsteel,Light,,,0,0,0,4,0,0,0,0,5,0,0,0,0,9,0,0,4,0,5,0,0,0,0,13,0,0,9,0,5,0,0,0,0,18,0,0,13,0,5,0,0,0,0,22,0,0,18,0,5,0,Magical Beast Resistance
182,Hands!A182,Hands,Ex.,Clearwater Light Gauntlets,Ebonsteel,Light,,,0,0,0,8,10,0,0,0,-4,0,,,,,,,,,,,,,,,,,,,,,0,0,0,22,29,0,13,0,-4,0,,,,,,,,,,,
188,Hands!A188,Hands,Ex.,Pyrite Armguard,Ebonsteel,Light,,,0,0,0,4,8,0,0,0,0,0,0,0,0,9,14,0,4,0,0,2,0,0,0,13,21,0,9,0,0,5,0,0,0,18,27,0,13,0,0,7,,,,,,,,,,,Passive Piety Up
194,Hands!A194,Hands,3072,Ebonsteel Heavy Gauntlets,Ebonsteel,Heavy,,900,0,0,0,14,0,0,-2,0,0,0,0,0,0,19,0,0,2,0,0,0,0,0,0,23,0,0,7,0,0,0,0,0,0,28,0,0,11,0,0,0,0,0,0,32,0,0,16,0,0,0,
200,Hands!A200,Hands,3120,Wilderness Gauntlets,Ebonsteel,Heavy,,1125,0,0,0,12,0,0,-2,0,0,0,0,0,0,17,0,0,2,0,0,0,0,0,0,21,0,0,7,0,0,0,0,0,0,26,0,0,11,0,0,0,0,0,0,30,0,0,16,0,0,0,Magical Beast Resistance
206,Hands!A206,Hands,Ex.,Red Spinner Woman Spellwoven Cloth,Silver,Cloth,,,0,0,0,25,0,0,-2,0,0,10,0,0,0,36,0,0,-2,0,0,12,0,0,0,41,0,0,-2,0,0,13,,,,,,,,,,,,,,,,,,,,,Sleep Tolerance
212,Hands!A212,Hands,,Silver Light Gauntlets,Silver,Light,,,0,0,0,14,0,0,0,0,0,0,,,,,,,,,,,,,,,,,,,,,,,,,,,,,,,,,,,,,,,,,
218,Hands!A218,Hands,,Golden Gloves,Silver,Cloth,,,0,0,0,15,-5,3,2,0,0,0,,,,,,,,,,,,,,,,,,,,,,,,,,,,,,,,,,,,,,,,,
224,Hands!A224,Hands,,Silver Heavy Gauntlets,Silver,Heavy,,,0,0,0,21,0,0,-2,0,0,0,,,,,,,,,,,,,,,,,,,,,,,,,,,,,,,,,,,,,,,,,
230,Hands!A230,Hands,,,,,,,,,,,,,,,,,,,,,,,,,,,,,,,,,,,,,,,,,,,,,,,,,,,,,,,,,
236,Hands!A236,Hands,,,,,,,,,,,,,,,,,,,,,,,,,,,,,,,,,,,,,,,,,,,,,,,,,,,,,,,,,
242,Hands!A242,Hands,,,,,,,,,,,,,,,,,,,,,,,,,,,,,,,,,,,,,,,,,,,,,,,,,,,,,,,,,
248,Hands!A248,Hands,,,,,,,,,,,,,,,,,,,,,,,,,,,,,,,,,,,,,,,,,,,,,,,,,,,,,,,,,
254,Hands!A254,Hands,,,,,,,,,,,,,,,,,,,,,,,,,,,,,,,,,,,,,,,,,,,,,,,,,,,,,,,,,
260,Hands!A260,Hands,,,,,,,,,,,,,,,,,,,,,,,,,,,,,,,,,,,,,,,,,,,,,,,,,,,,,,,,,
266,Hands!A266,Hands,,,,,,,,,,,,,,,,,,,,,,,,,,,,,,,,,,,,,,,,,,,,,,,,,,,,,,,,,
272,Hands!A272,Hands,,,,,,,,,,,,,,,,,,,,,,,,,,,,,,,,,,,,,,,,,,,,,,,,,,,,,,,,,
278,Hands!A278,Hands,,,,,,,,,,,,,,,,,,,,,,,,,,,,,,,,,,,,,,,,,,,,,,,,,,,,,,,,,
284,Hands!A284,Hands,,,,,,,,,,,,,,,,,,,,,,,,,,,,,,,,,,,,,,,,,,,,,,,,,,,,,,,,,
290,Hands!A290,Hands,,,,,,,,,,,,,,,,,,,,,,,,,,,,,,,,,,,,,,,,,,,,,,,,,,,,,,,,,
296,Hands!A296,Hands,,,,,,,,,,,,,,,,,,,,,,,,,,,,,,,,,,,,,,,,,,,,,,,,,,,,,,,,,
,,,,,,,,,,,,,,,,,,,,,,,,,,,,,,,,,,,,,,,,,,,,,,,,,,,,,,,,,,,
2,Body!A2,Body,3013,Cloth Robe,Worn,Cloth,,18,0,0,0,3,0,0,0,0,0,0,0,0,0,8,3,0,0,0,0,0,0,0,0,13,5,0,0,0,0,0,0,0,0,18,8,0,0,0,0,0,,,,,,,,,,,
8,Body!A8,Body,3006,Worn-Out Light Armor,Worn,Light,,26,0,0,0,6,0,-1,-2,0,-2,0,0,0,0,11,3,-1,-2,0,-2,0,0,0,0,16,5,-1,-2,0,-2,0,0,0,0,21,8,-1,-2,0,-2,0,0,0,0,26,10,-1,-2,0,-2,0,
14,Body!A14,Body,3007,Worn-Out Heavy Armor,Worn,Heavy,,33,0,0,0,9,0,-2,-2,0,-4,0,0,0,0,14,3,-2,-2,0,-4,0,0,0,0,19,5,-2,-2,0,-4,0,0,0,0,24,8,-2,-2,0,-4,0,,,,,,,,,,,
20,Body!A20,Body,3030,Leather Robe,Bronze,Cloth,440,70,0,0,0,6,0,0,0,0,0,0,0,0,0,12,3,0,0,0,0,0,0,0,0,18,7,0,0,0,0,0,0,0,0,24,10,0,0,0,0,0,,,,,,,,,,,
26,Body!A26,Body,3021,Bronze Light Armor,Bronze,Light,655,105,0,0,0,12,0,-1,-2,0,-2,0,0,0,0,18,3,-1,-2,0,-2,0,0,0,0,24,7,-1,-2,0,-2,0,0,0,0,30,10,-1,-2,0,-2,0,,,,,,,,,,,
32,Body!A32,Body,3086,Exorcism Leather,Bronze,Light,,210,0,0,0,11,5,-1,-2,0,-2,0,0,0,0,17,10,-1,-2,0,-2,0,0,0,0,23,14,-1,-2,0,-2,0,,,,,,,,,,,,,,,,,,,,,
38,Body!A38,Body,3022,Bronze Heavy Armor,Bronze,Heavy,830,133,0,0,0,18,0,-2,-2,0,-4,0,0,0,0,24,3,-2,-2,0,-4,0,0,0,0,30,7,-2,-2,0,-4,0,0,0,0,36,10,-2,-2,0,-4,0,,,,,,,,,,,
44,Body!A44,Body,3046,Beastskin Robe,Iron,Cloth,1320,211,0,0,0,9,0,0,0,0,0,0,0,0,0,17,5,0,0,0,0,0,0,0,0,24,9,0,0,0,0,0,0,0,0,32,14,0,0,0,0,0,0,0,0,39,18,0,0,0,0,0,
50,Body!A50,Body,3037,Iron Light Armor,Iron,Light,1965,314,0,0,0,18,0,-1,-2,0,-2,0,0,0,0,26,5,-1,-2,0,-2,0,0,0,0,33,9,-1,-2,0,-2,0,0,0,0,41,14,-1,-2,0,-2,0,0,0,0,48,18,-1,-2,0,-2,0,
56,Body!A56,Body,3092,Ornate Leather Armor,Iron,Light,,393,0,0,0,18,0,-1,-2,0,-2,4,0,0,0,26,5,-1,-2,0,-2,4,0,0,0,33,9,-1,-2,0,-2,4,0,0,0,41,14,-1,-2,0,-2,4,0,0,0,48,18,-1,-2,0,-2,4,
62,Body!A62,Body,3093,Royal Knight's Armor,Iron,Light,9825,1965,0,0,0,19,0,-1,-2,0,-2,0,0,0,0,27,5,-1,-2,0,-2,0,0,0,0,34,9,-1,-2,0,-2,0,0,0,0,42,14,-1,-2,0,-2,0,0,0,0,49,18,-1,-2,0,-2,0,
68,Body!A68,Body,3038,Iron Heavy Armor,Iron,Heavy,2490,398,0,0,0,27,0,-2,-2,0,-4,0,0,0,0,35,5,-2,-2,0,-4,0,0,0,0,42,9,-2,-2,0,-4,0,0,0,0,50,14,-2,-2,0,-4,0,0,0,0,57,18,-2,-2,0,-4,0,
74,Body!A74,Body,3062,Scaly Leather Robe,Steel,Cloth,,422,0,0,0,12,0,0,0,0,0,0,0,0,0,21,5,0,0,0,0,0,0,0,0,29,11,0,0,0,0,0,0,0,0,38,16,0,0,0,0,0,0,0,0,47,22,0,0,0,0,0,
80,Body!A80,Body,3098,Mage's Robe,Steel,Cloth,13200,2112,0,5,0,11,6,0,0,0,0,0,0,7,0,20,12,0,0,0,0,0,0,8,0,28,19,0,0,0,0,0,0,9,0,37,25,0,0,0,0,0,0,10,0,46,32,0,0,0,0,0,
86,Body!A86,Body,3106,Silver Embroidered Robe,Steel,Cloth,6600,1056,0,0,0,12,2,0,0,0,0,0,0,0,0,21,7,0,0,0,0,0,0,0,0,29,13,0,0,0,0,0,0,0,0,38,18,0,0,0,0,0,0,0,0,47,24,0,0,0,0,0,
92,Body!A92,Body,3152,Earthen Crest Robe,Steel,Cloth,,528,0,0,0,11,0,0,0,0,0,0,0,0,0,20,5,0,0,0,0,0,0,0,0,28,11,0,0,0,0,0,0,0,0,37,16,0,0,0,0,0,0,0,0,46,22,0,0,0,0,0,Water Type Reduction
98,Body!A98,Body,3159,Aquatic Blue Cloak,Steel,Cloth,,528,0,0,0,11,0,0,0,0,0,0,0,0,0,20,5,0,0,0,0,0,0,0,0,28,11,0,0,0,0,0,0,0,0,37,16,0,0,0,0,0,0,0,0,46,22,0,0,0,0,0,Fire Type Reduction
104,Body!A104,Body,3166,Red Fired Cloak,Steel,Cloth,,528,0,0,0,11,0,0,0,0,0,0,0,0,0,20,5,0,0,0,0,0,0,0,0,28,11,0,0,0,0,0,0,0,0,37,16,0,0,0,0,0,0,0,0,46,22,0,0,0,0,0,Air Type Reduction
110,Body!A110,Body,3173,Verdant Breeze Cloak,Steel,Cloth,,528,0,0,0,11,0,0,0,0,0,0,0,0,0,20,5,0,0,0,0,0,0,0,0,28,11,0,0,0,0,0,0,0,0,37,16,0,0,0,0,0,0,0,0,46,22,0,0,0,0,0,Earth Type Reduction
116,Body!A116,Body,3194,Phantom Shadow Garb,Steel,Cloth,,528,0,0,0,10,-2,1,0,0,1,0,0,0,0,15,1,1,0,0,1,0,0,0,0,21,4,1,0,0,2,0,0,0,0,32,12,1,0,0,2,0,0,0,0,48,23,1,0,0,3,0,
122,Body!A122,Body,Ex.,Blood Red Shinobi Attire,Steel,Cloth,,,0,0,0,8,-1,2,0,0,5,0,,,,,,,,,,,0,0,0,19,5,2,0,0,8,0,0,0,0,30,13,2,0,0,9,0,0,0,0,46,24,2,0,0,10,0,
128,Body!A128,Body,3053,Steel Light Armor,Steel,Light,,629,0,0,0,24,0,-1,-2,0,-2,0,0,0,0,33,5,-1,-2,0,-2,0,0,0,0,41,11,-1,-2,0,-2,0,0,0,0,50,16,-1,-2,0,-2,0,0,0,0,59,22,-1,-2,0,-2,0,
134,Body!A134,Body,3096,Viking Armor,Steel,Light,19650,3930,0,0,0,25,0,0,0,0,4,0,0,0,0,34,5,0,0,0,4,0,0,0,0,42,11,0,0,0,4,0,0,0,0,51,16,0,0,0,4,0,0,0,0,60,22,0,0,0,4,0,
140,Body!A140,Body,3153,Earthen Crest Mail,Steel,Light,,786,0,0,0,22,0,0,-2,0,2,0,0,0,0,31,5,0,-2,0,2,0,0,0,0,39,11,0,-2,0,2,0,0,0,0,48,16,0,-2,0,2,0,0,0,0,57,22,0,-2,0,2,0,Water Type Reduction
146,Body!A146,Body,3160,Aquatic Blue Mail,Steel,Light,,786,0,0,0,22,0,0,-2,0,-2,0,0,0,0,31,5,0,-2,0,-2,0,0,0,0,39,11,0,-2,0,-2,0,0,0,0,48,16,0,-2,0,-2,0,0,0,0,57,22,0,-2,0,-2,0,Fire Type Reduction
152,Body!A152,Body,3167,Red Fired Mail,Steel,Light,,786,0,0,0,22,0,0,-2,0,-2,0,0,0,0,31,5,0,-2,0,-2,0,0,0,0,39,11,0,-2,0,-2,0,0,0,0,48,16,0,-2,0,-2,0,0,0,0,57,22,0,-2,0,-2,0,Air Type Reduction
158,Body!A158,Body,3174,Verdant Breeze Mail,Steel,Light,,786,0,0,0,22,0,0,-2,0,-2,0,0,0,0,31,5,0,-2,0,-2,0,0,0,0,39,11,0,-2,0,-2,0,0,0,0,48,16,0,-2,0,-2,0,0,0,0,57,22,0,-2,0,-2,0,Earth Type Reduction
164,Body!A164,Body,3054,Steel Heavy Armor,Steel,Heavy,,797,0,0,0,36,0,-2,-2,0,-4,0,0,0,0,45,5,-2,-2,0,-4,0,0,0,0,53,11,-2,-2,0,-4,0,0,0,0,62,16,-2,-2,0,-4,0,0,0,0,71,22,-2,-2,0,-4,0,
170,Body!A170,Body,3154,Earthen Crest Heavy Mail,Steel,Heavy,,996,0,0,0,34,0,-2,-2,0,-4,0,0,0,0,43,5,-2,-2,0,-4,0,0,0,0,51,11,-2,-2,0,-4,0,0,0,0,60,16,-2,-2,0,-4,0,0,0,0,69,22,-2,-2,0,-4,0,Water Type Reduction
176,Body!A176,Body,3161,Aquatic Blue Heavy Mail,Steel,Heavy,,996,0,0,0,34,0,-2,-2,0,-4,0,0,0,0,43,5,-2,-2,0,-4,0,0,0,0,51,11,-2,-2,0,-4,0,0,0,0,60,16,-2,-2,0,-4,0,0,0,0,69,22,-2,-2,0,-4,0,Fire Type Reduction
182,Body!A182,Body,3168,Red Fired Heavy Mail,Steel,Heavy,,996,0,0,0,34,0,-2,-2,0,-4,0,0,0,0,43,5,-2,-2,0,-4,0,0,0,0,51,11,-2,-2,0,-4,0,0,0,0,60,16,-2,-2,0,-4,0,0,0,0,69,22,-2,-2,0,-4,0,Air Type Reduction
188,Body!A188,Body,3175,Verdant Breeze Heavy Mail,Steel,Heavy,,996,0,0,0,34,0,-2,-2,0,-4,0,0,0,0,43,5,-2,-2,0,-4,0,0,0,0,51,11,-2,-2,0,-4,0,0,0,0,60,16,-2,-2,0,-4,0,0,0,0,69,22,-2,-2,0,-4,0,Earth Type Reduction
194,Body!A194,Body,3078,Veil Robe,Ebonsteel,Cloth,,880,0,0,0,19,0,0,0,0,0,0,0,0,0,29,6,0,0,0,0,0,0,0,0,39,13,0,0,0,0,0,0,0,0,49,19,0,0,0,0,0,0,0,0,59,26,0,0,0,0,0,
200,Body!A200,Body,3115,Exorcism Gown,Ebonsteel,Cloth,,880,0,0,0,18,0,0,0,0,0,0,0,0,0,28,6,0,0,0,0,0,0,0,0,38,13,0,0,0,0,0,0,0,0,48,19,0,0,0,0,0,0,0,0,58,26,0,0,0,0,0,Demon Resistance
206,Body!A206,Body,3127,Manafont Robe,Ebonsteel,Cloth,,1225,0,0,0,18,0,0,0,0,0,0,0,0,0,28,6,0,0,0,0,0,0,0,0,38,13,0,0,0,0,0,0,0,0,48,19,0,0,0,0,0,0,0,0,58,26,0,0,0,0,0,Passive MP Up
212,Body!A212,Body,3181,Cloak of Light Spirit,Ebonsteel,Cloth,,1100,0,0,0,17,0,0,0,0,0,0,0,0,0,27,6,0,0,0,0,0,0,0,0,37,13,0,0,0,0,0,0,0,0,47,19,0,0,0,0,0,0,0,0,57,26,0,0,0,0,0,Dark Type Reduction
218,Body!A218,Body,3186,Umbral Cloak,Ebonsteel,Cloth,,1100,0,0,0,17,0,0,0,0,0,0,0,0,0,27,6,0,0,0,0,0,0,0,0,37,13,0,0,0,0,0,0,0,0,47,19,0,0,0,0,0,0,0,0,57,26,0,0,0,0,0,Light Type Reduction
224,Body!A224,Body,3190,Covert Garb,Ebonsteel,Cloth,,1100,0,0,0,14,-2,1,0,0,1,0,0,0,0,19,1,1,0,0,3,0,0,0,0,29,7,1,0,0,4,0,0,0,0,41,16,1,0,0,5,0,0,0,0,58,27,1,0,0,6,0,
230,Body!A230,Body,Ex.,Vorpal Coat,Ebonsteel,Cloth,,,0,0,0,13,0,5,0,0,3,0,0,0,0,23,6,5,0,0,3,0,0,0,0,33,13,5,0,0,3,0,0,0,0,43,19,5,0,0,3,0,0,0,0,53,26,5,0,0,3,0,
236,Body!A236,Body,Ex.,Sacred Healer's Vestments,Ebonsteel,Cloth,,,0,0,6,11,3,0,0,0,0,0,0,0,8,16,9,0,0,0,0,0,0,0,9,22,16,0,0,0,0,0,0,0,10,33,22,0,0,0,0,0,,,,,,,,,,,
242,Body!A242,Body,Ex.,Lord of the Deep Forest's Thief Garb,Ebonsteel,Cloth,,,0,0,0,16,0,1,0,0,4,0,,,,,,,,,,,0,0,0,36,13,1,0,0,4,0,0,0,0,46,19,1,0,0,4,0,,,,,,,,,,,
248,Body!A248,Body,Ex.,Comfort of the Endless Rain,Ebonsteel,Cloth,,,0,6,0,11,0,2,0,0,0,5,,,,,,,,,,,0,9,0,22,13,2,0,0,0,14,,,,,,,,,,,,,,,,,,,,,
254,Body!A254,Body,3069,Ebonsteel Light Armor,Ebonsteel,Light,,1310,0,0,0,35,0,-1,-2,0,-2,0,0,0,0,45,6,-1,-2,0,-2,0,0,0,0,55,13,-1,-2,0,-2,0,0,0,0,65,19,-1,-2,0,-2,0,0,0,0,75,26,-1,-2,0,-2,0,
260,Body!A260,Body,3113,Desert Mail,Ebonsteel,Light,49125,4913,0,0,0,37,1,-3,-2,0,-2,0,0,0,0,47,7,-3,-2,0,-2,0,,,,,,,,,,,,,,,,,,,,,,,,,,,,,,,* VERIFY ACTION SPEED?
266,Body!A266,Body,3116,Exorcism Mail,Ebonsteel,Light,,1310,0,0,0,33,0,-1,-2,0,-2,0,0,0,0,43,6,-1,-2,0,-2,0,0,0,0,53,13,-1,-2,0,-2,0,0,0,0,63,19,-1,-2,0,-2,0,0,0,0,73,26,-1,-2,0,-2,0,Demon Resistance
272,Body!A272,Body,3182,Mail of the Light Spirit,Ebonsteel,Light,,1638,0,0,0,33,0,-1,-2,0,-2,0,0,0,0,43,6,-1,-2,0,-2,0,0,0,0,53,13,-1,-2,0,-2,0,0,0,0,63,19,-1,-2,0,-2,0,0,0,0,73,26,-1,-2,0,-2,0,Dark Type Reduction
278,Body!A278,Body,3187,Umbral Mail,Ebonsteel,Light,,1638,0,0,0,33,0,0,-2,0,-2,0,0,0,0,43,6,0,-2,0,-2,0,0,0,0,53,13,0,-2,0,-2,0,0,0,0,63,19,0,-2,0,-2,0,0,0,0,73,26,0,-2,0,-2,0,Light Type Reduction
284,Body!A284,Body,3192,Faewood Light Armor,Ebonsteel,Light,,676,0,0,0,15,0,-1,-2,0,4,0,0,0,0,20,6,-1,-2,0,6,0,0,0,0,26,13,-1,-2,0,7,0,0,0,0,37,19,-1,-2,0,8,0,0,0,0,53,26,-1,-2,0,9,0,
290,Body!A290,Body,Ex.,Breastplate of Hope,Ebonsteel,Light,,,0,0,0,33,0,-1,-2,0,-2,0,0,0,0,43,6,-1,-2,0,-2,0,0,0,0,53,13,-1,-2,0,-2,0,0,0,0,63,19,-1,-2,0,-2,0,0,0,0,73,26,-1,-2,0,-2,0,"Fear Tolerance, Stone Tolerance"
296,Body!A296,Body,Ex.,Sooty Cloth,Ebonsteel,Light,,,0,0,0,30,0,2,-2,0,-2,0,,,,,,,,,,,0,0,0,50,13,5,-2,0,-2,0,0,0,0,60,19,6,-2,0,-2,0,0,0,0,70,26,7,-2,0,-2,0,Precise Sense of Touch
302,Body!A302,Body,3070,Ebonsteel Heavy Armor,Ebonsteel,Heavy,,1660,0,0,0,52,0,-2,-2,0,-4,0,0,0,0,62,6,-2,-2,0,-4,0,0,0,0,72,13,-2,-2,0,-4,0,0,0,0,82,19,-2,-2,0,-4,0,0,0,0,92,26,-2,-2,0,-4,0,
308,Body!A308,Body,3117,Exorcism Plate,Ebonsteel,Heavy,,1660,0,0,0,49,0,-3,-2,0,-4,0,0,0,0,59,6,-3,-2,0,-4,0,0,0,0,69,13,-3,-2,0,-4,0,0,0,0,79,19,-3,-2,0,-4,0,0,0,0,89,26,-3,-2,0,-4,0,Demon Resistance
314,Body!A314,Body,3128,Holy Knight's Plate Mail,Ebonsteel,Heavy,,2075,0,0,0,49,0,-3,-2,0,-4,0,0,0,0,59,6,-3,-2,0,-4,0,0,0,0,69,13,-3,-2,0,-4,0,0,0,0,79,19,-3,-2,0,-4,0,0,0,0,89,26,-3,-2,0,-4,0,Undead Resistance
320,Body!A320,Body,3177,Cyclops's Sash,Ebonsteel,Heavy,,,5,0,0,45,0,-15,-2,5,-4,0,5,0,0,55,6,-15,-2,5,-4,0,5,0,0,65,13,-15,-2,5,-4,0,5,0,0,75,19,-15,-2,5,-4,0,5,0,0,85,26,-15,-2,5,-4,0,
326,Body!A326,Body,3183,Heavy Mail of the Light Spirit,Ebonsteel,Heavy,,2075,0,0,0,49,0,-2,-2,0,-4,0,0,0,0,59,6,-2,-2,0,-4,0,0,0,0,69,13,-2,-2,0,-4,0,0,0,0,79,19,-2,-2,0,-4,0,0,0,0,89,26,-2,-2,0,-4,0,Dark Type Reduction
332,Body!A332,Body,3188,Umbral Heavy Mail,Ebonsteel,Heavy,,2075,0,0,0,49,0,-2,-2,0,-4,0,0,0,0,59,6,-2,-2,0,-4,0,0,0,0,69,13,-2,-2,0,-4,0,0,0,0,79,19,-2,-2,0,-4,0,0,0,0,89,26,-2,-2,0,-4,0,Light Type Reduction
338,Body!A338,Body,Ex.,Master's Armor,Ebonsteel,Heavy,,,0,0,0,50,0,-2,-2,0,-4,0,0,0,0,60,6,-2,-2,0,-4,0,0,0,0,70,13,-2,-2,0,-4,0,0,0,0,80,19,-2,-2,0,-4,0,0,0,0,90,26,-2,-2,0,-4,0,Bind Tolerance
344,Body!A344,Body,Ex.,Lionheart Plate,Ebonsteel,Heavy,,,0,0,0,51,15,-3,-2,0,-4,0,0,0,0,61,21,-3,-2,0,-4,0,0,0,0,71,28,-3,-2,0,-4,0,0,0,0,81,34,-3,-2,0,-4,0,0,0,0,91,41,-3,-2,0,-4,0,Beast Hate
350,Body!A350,Body,Ex.,Floral Uchikake,Silver,Cloth,,,0,0,0,25,-2,5,0,0,0,0,0,0,0,37,4,7,0,0,0,0,0,0,0,50,10,8,0,0,0,0,0,0,0,57,13,9,0,0,0,0,0,0,0,65,16,10,0,0,0,0,Bewitching Fragrance
356,Body!A356,Body,Ex.,Robe of the Millenium,Silver,Cloth,,,0,8,0,29,0,0,0,0,0,5,,,,,,,,,,,,,,,,,,,,,,,,,,,,,,,,,,,,,,,,,I.Q. Obstruction
362,Body!A362,Body,Ex.,Heavy Armor of Bloodrage,Silver,Heavy,,,0,0,0,93,0,-2,-2,0,-4,15,0,0,0,112,11,-2,-2,0,-4,20,0,0,0,125,19,-2,-2,0,-4,24,0,0,0,134,24,-2,-2,0,-4,26,,,,,,,,,,,HP Absorption on Defeat
368,Body!A368,Body,,Wool Sweater,Silver,Cloth,,,0,0,0,20,0,0,0,0,0,0,,,,,,,,,,,,,,,,,,,,,,,,,,,,,,,,,,,,,,,,,"Freeze Tolerance, Maximum Body Temperature Increase"
374,Body!A374,Body,,Chainmail,Silver,Light,,,0,0,0,30,0,-1,-2,5,-2,0,0,0,0,44,9,-1,-2,7,-2,0,,,,,,,,,,,,,,,,,,,,,,,,,,,,,,,
380,Body!A380,Body,,Earthrend Cloak,Silver,Cloth,,,0,0,0,22,0,0,0,0,0,0,0,0,0,32,9,0,0,0,0,0,,,,,,,,,,,,,,,,,,,,,,,,,,,,,,,Water Type Reduction
386,Body!A386,Body,,Snow Beastfolk Fur Armor,Silver,Heavy,,,0,0,0,76,0,-2,-2,0,-8,0,,,,,,,,,,,,,,,,,,,,,,,,,,,,,,,,,,,,,,,,,"Passive HP Up, Maximum Body Temperature Increase"
392,Body!A392,Body,,Silver Heavy Armor,Silver,Heavy,,,0,0,0,79,0,-2,-2,0,-4,0,,,,,,,,,,,,,,,,,,,,,,,,,,,,,,,,,,,,,,,,,
398,Body!A398,Body,,Blackwing Robe,Silver,Cloth,,1320,0,0,0,23,0,0,0,0,0,0,,,,,,,,,,,,,,,,,,,,,,,,,,,,,,,,,,,,,,,,,
404,Body!A404,Body,,,,,,,,,,,,,,,,,,,,,,,,,,,,,,,,,,,,,,,,,,,,,,,,,,,,,,,,,
410,Body!A410,Body,,,,,,,,,,,,,,,,,,,,,,,,,,,,,,,,,,,,,,,,,,,,,,,,,,,,,,,,,
416,Body!A416,Body,,,,,,,,,,,,,,,,,,,,,,,,,,,,,,,,,,,,,,,,,,,,,,,,,,,,,,,,,
422,Body!A422,Body,,,,,,,,,,,,,,,,,,,,,,,,,,,,,,,,,,,,,,,,,,,,,,,,,,,,,,,,,
428,Body!A428,Body,,,,,,,,,,,,,,,,,,,,,,,,,,,,,,,,,,,,,,,,,,,,,,,,,,,,,,,,,
434,Body!A434,Body,,,,,,,,,,,,,,,,,,,,,,,,,,,,,,,,,,,,,,,,,,,,,,,,,,,,,,,,,
440,Body!A440,Body,,,,,,,,,,,,,,,,,,,,,,,,,,,,,,,,,,,,,,,,,,,,,,,,,,,,,,,,,
446,Body!A446,Body,,,,,,,,,,,,,,,,,,,,,,,,,,,,,,,,,,,,,,,,,,,,,,,,,,,,,,,,,
452,Body!A452,Body,,,,,,,,,,,,,,,,,,,,,,,,,,,,,,,,,,,,,,,,,,,,,,,,,,,,,,,,,
458,Body!A458,Body,,,,,,,,,,,,,,,,,,,,,,,,,,,,,,,,,,,,,,,,,,,,,,,,,,,,,,,,,
464,Body!A464,Body,,,,,,,,,,,,,,,,,,,,,,,,,,,,,,,,,,,,,,,,,,,,,,,,,,,,,,,,,
470,Body!A470,Body,,,,,,,,,,,,,,,,,,,,,,,,,,,,,,,,,,,,,,,,,,,,,,,,,,,,,,,,,
476,Body!A476,Body,,,,,,,,,,,,,,,,,,,,,,,,,,,,,,,,,,,,,,,,,,,,,,,,,,,,,,,,,
482,Body!A482,Body,,,,,,,,,,,,,,,,,,,,,,,,,,,,,,,,,,,,,,,,,,,,,,,,,,,,,,,,,
488,Body!A488,Body,,,,,,,,,,,,,,,,,,,,,,,,,,,,,,,,,,,,,,,,,,,,,,,,,,,,,,,,,
494,Body!A494,Body,,,,,,,,,,,,,,,,,,,,,,,,,,,,,,,,,,,,,,,,,,,,,,,,,,,,,,,,,
500,Body!A500,Body,,,,,,,,,,,,,,,,,,,,,,,,,,,,,,,,,,,,,,,,,,,,,,,,,,,,,,,,,
506,Body!A506,Body,,,,,,,,,,,,,,,,,,,,,,,,,,,,,,,,,,,,,,,,,,,,,,,,,,,,,,,,,
512,Body!A512,Body,,,,,,,,,,,,,,,,,,,,,,,,,,,,,,,,,,,,,,,,,,,,,,,,,,,,,,,,,
518,Body!A518,Body,,,,,,,,,,,,,,,,,,,,,,,,,,,,,,,,,,,,,,,,,,,,,,,,,,,,,,,,,
524,Body!A524,Body,,,,,,,,,,,,,,,,,,,,,,,,,,,,,,,,,,,,,,,,,,,,,,,,,,,,,,,,,
530,Body!A530,Body,,,,,,,,,,,,,,,,,,,,,,,,,,,,,,,,,,,,,,,,,,,,,,,,,,,,,,,,,
536,Body!A536,Body,,,,,,,,,,,,,,,,,,,,,,,,,,,,,,,,,,,,,,,,,,,,,,,,,,,,,,,,,
542,Body!A542,Body,,,,,,,,,,,,,,,,,,,,,,,,,,,,,,,,,,,,,,,,,,,,,,,,,,,,,,,,,
548,Body!A548,Body,,,,,,,,,,,,,,,,,,,,,,,,,,,,,,,,,,,,,,,,,,,,,,,,,,,,,,,,,
554,Body!A554,Body,,,,,,,,,,,,,,,,,,,,,,,,,,,,,,,,,,,,,,,,,,,,,,,,,,,,,,,,,
560,Body!A560,Body,,,,,,,,,,,,,,,,,,,,,,,,,,,,,,,,,,,,,,,,,,,,,,,,,,,,,,,,,
566,Body!A566,Body,,,,,,,,,,,,,,,,,,,,,,,,,,,,,,,,,,,,,,,,,,,,,,,,,,,,,,,,,
572,Body!A572,Body,,,,,,,,,,,,,,,,,,,,,,,,,,,,,,,,,,,,,,,,,,,,,,,,,,,,,,,,,
578,Body!A578,Body,,,,,,,,,,,,,,,,,,,,,,,,,,,,,,,,,,,,,,,,,,,,,,,,,,,,,,,,,
584,Body!A584,Body,,,,,,,,,,,,,,,,,,,,,,,,,,,,,,,,,,,,,,,,,,,,,,,,,,,,,,,,,
,,,,,,,,,,,,,,,,,,,,,,,,,,,,,,,,,,,,,,,,,,,,,,,,,,,,,,,,,,,
2,Accessories!A2,Accessories,3016,Stone Ring,Worn,Accessory,,20,0,0,0,1,4,0,0,0,0,0,0,0,0,6,4,0,0,0,0,0,0,0,0,11,4,0,0,0,0,0,0,0,0,16,4,0,0,0,0,0,0,0,0,21,4,0,0,0,0,0,
8,Accessories!A8,Accessories,3027,Bronze Ring,Bronze,Accessory,490,78,0,0,0,1,8,0,0,0,0,0,0,0,0,6,8,0,0,0,0,0,0,0,0,12,8,0,0,0,0,0,0,0,0,17,8,0,0,0,0,0,0,0,0,23,8,0,0,0,0,0,
14,Accessories!A14,Accessories,3131,Ring of Resistance,Bronze,Accessory,,98,0,0,0,1,0,0,0,0,0,10,0,0,0,6,0,0,0,0,0,12,0,0,0,12,0,0,0,0,0,13,0,0,0,17,0,0,0,0,0,14,,,,,,,,,,,
20,Accessories!A20,Accessories,3043,Iron Ring,Iron,Accessory,1470,235,0,0,0,1,12,0,0,0,0,0,0,0,0,7,12,0,0,0,0,0,0,0,0,13,12,0,0,0,0,0,0,0,0,19,12,0,0,0,0,0,0,0,0,25,12,0,0,0,0,0,
26,Accessories!A26,Accessories,3132,Tattered Doll,Iron,Accessory,,294,0,0,0,1,12,0,0,0,0,0,0,0,0,7,14,0,0,0,0,0,0,0,0,13,15,0,0,0,0,0,,,,,,,,,,,,,,,,,,,,,
32,Accessories!A32,Accessories,3133,Bracelet of Impurity,Iron,Accessory,,294,0,0,0,1,12,0,0,0,0,0,0,0,0,7,12,0,0,0,0,0,0,0,0,13,12,0,0,0,0,0,0,0,0,19,12,0,0,0,0,0,0,0,0,25,12,0,0,0,0,0,"Poison Tolerance, Paralysis Tolerance"
38,Accessories!A38,Accessories,3134,Bracelet of Urgency,Iron,Accessory,,294,0,0,0,1,12,0,0,0,0,0,0,0,0,7,12,0,0,0,0,0,0,0,0,13,12,0,0,0,0,0,0,0,0,19,12,0,0,0,0,0,0,0,0,25,12,0,0,0,0,0,Sleep Tolerance
44,Accessories!A44,Accessories,3135,Undead Ward,Iron,Accessory,,294,0,0,0,1,12,0,0,0,0,0,0,0,0,7,12,0,0,0,0,0,0,0,0,13,12,0,0,0,0,0,0,0,0,19,12,0,0,0,0,0,0,0,0,25,12,0,0,0,0,0,Undead Resistance
50,Accessories!A50,Accessories,3136,Rabbit's Tail,Iron,Accessory,,294,0,0,0,1,0,0,0,0,0,0,0,0,0,6,0,0,0,0,0,0,0,0,0,11,0,0,0,0,0,0,0,0,0,16,0,0,0,0,0,0,,,,,,,,,,,Evade Trap +4/6/7/8/?
56,Accessories!A56,Accessories,3059,Steel Ring,Steel,Accessory,,470,0,0,0,2,16,0,0,0,0,0,0,0,0,8,16,0,0,0,0,0,0,0,0,15,16,0,0,0,0,0,0,0,0,21,16,0,0,0,0,0,0,0,0,28,16,0,0,0,0,0,
62,Accessories!A62,Accessories,3137,Searcher Ring,Steel,Accessory,,735,0,0,0,2,12,0,0,0,4,0,0,0,0,8,12,0,0,0,4,0,0,0,0,15,12,0,0,0,4,0,0,0,0,21,12,0,0,0,4,0,0,0,0,28,12,0,0,0,4,0,"at Enhance +1, Detect +1. then +5/10/15/20 = +2/3/4/?"
68,Accessories!A68,Accessories,3138,Ring of the Warrior Princess,Steel,Accessory,,735,0,0,0,2,12,0,0,0,4,0,0,0,0,8,12,0,0,2,4,0,0,0,0,15,12,0,0,3,4,0,0,0,0,21,12,0,0,4,4,0,,,,,,,,,,,
74,Accessories!A74,Accessories,3139,Protection Charm,Steel,Accessory,,735,0,0,0,2,12,0,0,0,4,0,0,0,0,8,12,0,0,0,4,0,0,0,0,15,12,0,0,0,4,0,0,0,0,21,12,0,0,0,4,0,0,0,0,28,12,0,0,0,4,0,Bind Tolerance
80,Accessories!A80,Accessories,3140,Bracelet of Battle,Steel,Accessory,,753,4,0,0,2,0,0,4,0,0,0,6,0,0,8,0,0,6,0,0,0,7,0,0,15,0,0,7,0,0,0,8,0,0,21,0,0,8,0,0,0,9,0,0,28,0,0,9,0,0,0,
86,Accessories!A86,Accessories,3141,Melgina's Choker,Steel,Accessory,,753,0,0,0,1,16,0,0,0,0,0,0,0,0,7,18,0,0,0,0,0,0,0,0,14,19,0,0,0,0,0,,,,,,,,,,,,,,,,,,,,,Reward for defeating Melgina in Trade Waterways
92,Accessories!A92,Accessories,3142,Octonarus's Necklace,Steel,Accessory,,753,0,0,0,10,4,0,0,0,4,0,0,0,0,16,6,0,0,0,6,0,,,,,,,,,,,,,,,,,,,,,,,,,,,,,,,
98,Accessories!A98,Accessories,3143,Goatskin Cloak,Steel,Accessory,,1838,0,0,0,2,12,0,0,0,0,0,0,0,0,8,12,0,0,0,0,0,0,0,0,15,12,0,0,0,0,0,,,,,,,,,,,,,,,,,,,,,Stone Tolerance
104,Accessories!A104,Accessories,3144,Skull Necklace,Steel,Accessory,,2352,0,0,0,2,12,0,0,0,0,0,0,0,0,8,12,0,0,0,0,0,0,0,0,15,12,0,0,0,0,0,0,0,0,21,12,0,0,0,0,0,0,0,0,28,12,0,0,0,0,0,Insta-Kill Tolerance
110,Accessories!A110,Accessories,3145,Royal Herald Amulet,Steel,Accessory,,2352,1,1,1,1,1,1,1,1,1,1,1,1,1,7,1,1,1,1,1,1,1,1,1,14,1,1,1,1,1,1,,,,,,,,,,,,,,,,,,,,,Reward for Saving the King in Beginning Abyss
116,Accessories!A116,Accessories,3146,Pearl of the Sea God,Steel,Accessory,,735,1,0,0,2,0,0,0,0,0,0,1,0,0,8,0,0,0,0,0,0,1,0,0,15,0,0,0,0,0,0,1,0,0,21,0,0,0,0,0,0,1,0,0,28,0,0,0,0,0,0,"Water Type Reduction, Sleep Tolerance, Fear Tolerance"
122,Accessories!A122,Accessories,3155,Earthen Crest Amulet,Steel,Accessory,,588,0,0,0,2,12,0,0,0,4,0,0,0,0,8,12,0,0,0,4,0,0,0,0,15,12,0,0,0,4,0,0,0,0,21,12,0,0,0,4,0,0,0,0,28,12,0,0,0,4,0,Water Type Reduction
128,Accessories!A128,Accessories,3162,Aquatic Blue Amulet,Steel,Accessory,,588,0,0,0,2,12,0,0,0,4,0,0,0,0,8,12,0,0,0,4,0,0,0,0,15,12,0,0,0,4,0,0,0,0,21,12,0,0,0,4,0,0,0,0,28,12,0,0,0,4,0,Fire Type Reduction
134,Accessories!A134,Accessories,3169,Red Fired Amulet,Steel,Accessory,,588,0,0,0,2,12,0,0,0,4,0,0,0,0,8,12,0,0,0,4,0,0,0,0,15,12,0,0,0,4,0,0,0,0,21,12,0,0,0,4,0,0,0,0,28,12,0,0,0,4,0,Air Type Reduction
140,Accessories!A140,Accessories,3176,Verdant Breeze Amulet,Steel,Accessory,,588,0,0,0,2,12,0,0,0,4,0,0,0,0,8,12,0,0,0,4,0,0,0,0,15,12,0,0,0,4,0,0,0,0,21,12,0,0,0,4,0,0,0,0,28,12,0,0,0,4,0,Earth Type Reduction
146,Accessories!A146,Accessories,3075,Ebonsteel Ring,Ebonsteel,Accessory,,980,0,0,0,2,18,0,0,0,0,0,0,0,0,10,18,0,0,0,0,0,0,0,0,17,18,0,0,0,0,0,0,0,0,25,18,0,0,0,0,0,0,0,0,32,18,0,0,0,0,0,
152,Accessories!A152,Accessories,3147,Enemy Spyglass,Ebonsteel,Accessory,,1225,0,0,0,2,17,0,0,0,0,0,0,0,0,10,17,0,0,0,0,0,0,0,0,17,17,0,0,0,0,0,0,0,0,25,17,0,0,0,0,0,0,0,0,32,17,0,0,0,0,0,Detect Increase +3/5/?/?/?
158,Accessories!A158,Accessories,3198,Master Fighter's Ring,Ebonsteel,Accessory,,1225,0,0,0,2,17,0,0,0,0,0,0,0,0,10,17,0,0,0,0,0,0,0,0,17,17,0,0,0,0,0,0,0,0,25,17,0,0,0,0,0,0,0,0,32,17,0,0,0,0,0,Passive Strength Up
164,Accessories!A164,Accessories,3199,Master Mage's Ring,Ebonsteel,Accessory,,1225,0,0,0,2,17,0,0,0,0,0,0,0,0,10,17,0,0,0,0,0,0,0,0,17,17,0,0,0,0,0,0,0,0,25,17,0,0,0,0,0,0,0,0,32,17,0,0,0,0,0,Passive I.Q. Up
170,Accessories!A170,Accessories,3203,Master Ring,Silver,Accessory,,,13,13,13,20,24,13,13,13,13,13,13,13,13,30,24,13,13,13,13,13,,,,,,,,,,,,,,,,,,,,,,,,,,,,,,,"Passive HP Up, Passive MP Up, Passive SP Up, Detect +13 (static), Disarm Trap +13 (static)"
176,Accessories!A176,Accessories,3204,Master Knight's Ring,Ebonsteel,Accessory,,1225,0,0,0,2,17,0,0,0,0,0,0,0,0,10,17,0,0,0,0,0,0,0,0,17,17,0,0,0,0,0,0,0,0,25,17,0,0,0,0,0,0,0,0,32,17,0,0,0,0,0,Passive Vitality Up
182,Accessories!A182,Accessories,Ex.,Peony Hair Ornament,Ebonsteel,Accessory,,,0,0,0,5,0,0,2,2,0,5,0,0,0,10,0,0,4,4,0,9,0,0,0,14,0,0,5,5,0,14,0,0,0,19,0,0,6,6,0,18,0,0,0,23,0,0,7,7,0,23,Serene Calm
188,Accessories!A188,Accessories,Ex.,Ring of Vengeance,Ebonsteel,Accessory,,,0,0,0,2,16,0,0,0,0,7,,,,,,,,,,,,,,,,,,,,,,,,,,,,,,,,,,,,,,,,,
194,Accessories!A194,Accessories,,Shining Finger Band,Ebonsteel,Accessory,,666,0,0,0,1,0,0,0,0,0,12,0,0,0,9,0,0,0,0,0,14,0,0,0,16,0,0,0,0,0,15,0,0,0,24,0,0,0,0,0,16,,,,,,,,,,,"Insta-Kill Tolerance, Dark Type Reduction"
200,Accessories!A200,Accessories,177,Bracelet of Sealed Battle,Ebonsteel,Accessory,,,5,0,0,2,20,-10,5,0,-5,-10,7,0,0,10,20,-10,7,0,-5,-10,8,0,0,17,20,-10,8,0,-5,-10,9,0,0,25,20,-10,9,0,-5,-10,10,0,0,32,20,-10,10,0,-5,-10,
206,Accessories!A206,Accessories,Ex.,Saintess's Ring,Ebonsteel,Accessory,,,0,0,8,0,18,0,0,0,0,0,0,0,10,0,20,0,0,0,0,0,0,0,11,0,21,0,0,0,0,0,0,0,12,0,22,0,0,0,0,0,0,0,13,0,23,0,0,0,0,0,
212,Accessories!A212,Accessories,,Light Spirit Amulet,Ebonsteel,Accessory,,,0,0,0,2,15,0,0,0,0,0,0,0,0,10,15,0,0,0,0,0,0,0,0,17,15,0,0,0,0,0,0,0,0,25,15,0,0,0,0,0,0,0,0,32,15,0,0,0,0,0,Dark Type Reduction
218,Accessories!A218,Accessories,,Umbral Amulet,Ebonsteel,Accessory,,,0,0,0,2,15,0,0,0,4,0,0,0,0,10,15,0,0,0,0,0,0,0,0,17,15,0,0,0,0,0,0,0,0,25,15,0,0,0,0,0,0,0,0,32,15,0,0,0,4,0,Dark Type Reduction
224,Accessories!A224,Accessories,,Goddess's Earrings,Ebonsteel,Accessory,,1225,0,0,0,2,15,0,0,0,0,0,0,0,0,10,15,0,0,0,0,0,0,0,0,17,15,0,0,0,0,0,0,0,0,25,15,0,0,0,0,0,0,0,0,32,15,0,0,0,0,0,Stun Tolerance
230,Accessories!A230,Accessories,,Rabbit Talisman,Ebonsteel,Accessory,,,0,0,0,2,18,0,0,0,0,0,0,0,0,10,18,0,0,0,0,0,0,0,0,17,18,0,0,0,0,0,0,0,0,25,18,0,0,0,0,0,0,0,0,32,18,0,0,0,0,0,Critical Tolerance
236,Accessories!A236,Accessories,Ex.,Knight's Cloak,Ebonsteel,Accessory,,1225,0,0,0,2,17,0,0,0,0,0,0,0,0,10,17,0,0,0,0,0,0,0,0,17,17,0,0,0,0,0,0,0,0,25,17,0,0,0,0,0,0,0,0,32,17,0,0,0,0,0,Way of the Knight
242,Accessories!A242,Accessories,Ex.,Safety Ring,Ebonsteel,Accessory,,1225,0,0,0,2,16,0,0,0,0,0,0,0,0,10,16,0,0,0,0,0,0,0,0,17,16,0,0,0,0,0,0,0,0,25,16,0,0,0,0,0,0,0,0,32,16,0,0,0,0,0,Critical Tolerance
248,Accessories!A248,Accessories,Ex.,Trollkin Ring,Ebonsteel,Accessory,,,0,0,0,2,16,0,0,0,0,0,0,0,0,10,16,0,0,0,0,0,0,0,0,17,16,0,0,0,0,0,0,0,0,25,16,0,0,0,0,0,0,0,0,32,16,0,0,0,0,0,"Continuing Healing, Dragon Slayer Enhancement"
254,Accessories!A254,Accessories,Ex.,Lord of the Deep's Forest Ring,Ebonsteel,Accessory,,,0,0,0,1,13,0,0,0,0,0,0,0,0,9,13,0,0,0,0,0,0,0,0,16,13,0,0,0,0,0,,,,,,,,,,,,,,,,,,,,,Detect/Evade Trap Increase
260,Accessories!A260,Accessories,Ex.,Old Perch,Ebonsteel,Accessory,,,0,0,0,1,17,0,0,0,6,0,0,0,0,9,17,0,0,0,8,0,0,0,0,16,17,0,0,0,9,0,0,0,0,24,17,0,0,0,10,0,0,0,0,31,17,0,0,0,11,0,Composure of the Skilled Master
266,Accessories!A266,Accessories,180,Ring of Spellbreaking,Ebonsteel,Accessory,,,0,0,0,2,17,0,0,0,0,0,0,0,0,10,17,0,0,0,0,0,0,0,0,17,17,0,0,0,0,0,0,0,0,25,17,0,0,0,0,0,0,0,0,32,17,0,0,0,0,0,Curse Tolerance
272,Accessories!A272,Accessories,Ex.,Dreamblossom Ornament,Silver,Accessory,,,0,0,0,0,26,5,0,0,0,0,0,0,0,12,26,7,0,0,0,0,0,0,0,20,26,8,0,0,0,0,0,0,0,27,26,9,0,0,0,0,0,0,0,30,26,10,0,0,0,0,Status Affliction/Debuff Exploit
278,Accessories!A278,Accessories,Ex.,Dream-Cutting Scissors,Silver,Accessory,,,0,0,0,25,35,0,0,0,0,10,0,0,0,37,37,0,0,0,0,12,0,0,0,45,38,0,0,0,0,13,,,,,,,,,,,,,,,,,,,,,Sleep Tolerance
284,Accessories!A284,Accessories,Ex.,Ring of Torment Purging,Silver,Accessory,,,0,0,0,15,21,0,10,0,0,10,,,,,,,,,,,0,0,0,35,21,0,19,0,0,19,,,,,,,,,,,,,,,,,,,,,Curse Tolerance
290,Accessories!A290,Accessories,,Shinobi's Black Seal Case,Silver,Accessory,,,0,0,0,3,23,1,0,0,0,0,,,,,,,,,,,,,,,,,,,,,,,,,,,,,,,,,,,,,,,,,Ninjato Mastery
296,Accessories!A296,Accessories,,Coal Miner's Bandana,Silver,Accessory,,,0,0,0,3,15,0,0,0,0,10,,,,,,,,,,,,,,,,,,,,,,,,,,,,,,,,,,,,,,,,,"Fire Type Reduction, Poison Tolerance"
302,Accessories!A302,Accessories,,Godefroi Holy Relic,Silver,Accessory,,,0,0,5,0,23,0,0,0,0,5,,,,,,,,,,,,,,,,,,,,,,,,,,,,,,,,,,,,,,,,,
308,Accessories!A308,Accessories,,Slime Core Crystal,Silver,Accessory,,,0,0,0,20,-50,-8,0,0,5,5,,,,,,,,,,,,,,,,,,,,,,,,,,,,,,,,,,,,,,,,,
314,Accessories!A314,Accessories,,Earthrend Amulet,Silver,Accessory,,,0,0,0,3,23,0,0,0,0,0,,,,,,,,,,,,,,,,,,,,,,,,,,,,,,,,,,,,,,,,,Water Type Reduction
320,Accessories!A320,Accessories,,Miner's Ring of Protection,Silver,Accessory,,,0,0,0,3,22,0,0,0,0,0,,,,,,,,,,,,,,,,,,,,,,,,,,,,,,,,,,,,,,,,,"Paralysis Tolerance, Stun Tolerance"
326,Accessories!A326,Accessories,,,,,,,,,,,,,,,,,,,,,,,,,,,,,,,,,,,,,,,,,,,,,,,,,,,,,,,,,
332,Accessories!A332,Accessories,,,,,,,,,,,,,,,,,,,,,,,,,,,,,,,,,,,,,,,,,,,,,,,,,,,,,,,,,
338,Accessories!A338,Accessories,,,,,,,,,,,,,,,,,,,,,,,,,,,,,,,,,,,,,,,,,,,,,,,,,,,,,,,,,
344,Accessories!A344,Accessories,,,,,,,,,,,,,,,,,,,,,,,,,,,,,,,,,,,,,,,,,,,,,,,,,,,,,,,,,
350,Accessories!A350,Accessories,,,,,,,,,,,,,,,,,,,,,,,,,,,,,,,,,,,,,,,,,,,,,,,,,,,,,,,,,
356,Accessories!A356,Accessories,,,,,,,,,,,,,,,,,,,,,,,,,,,,,,,,,,,,,,,,,,,,,,,,,,,,,,,,,
362,Accessories!A362,Accessories,,,,,,,,,,,,,,,,,,,,,,,,,,,,,,,,,,,,,,,,,,,,,,,,,,,,,,,,,
368,Accessories!A368,Accessories,,,,,,,,,,,,,,,,,,,,,,,,,,,,,,,,,,,,,,,,,,,,,,,,,,,,,,,,,
374,Accessories!A374,Accessories,,,,,,,,,,,,,,,,,,,,,,,,,,,,,,,,,,,,,,,,,,,,,,,,,,,,,,,,,
380,Accessories!A380,Accessories,,,,,,,,,,,,,,,,,,,,,,,,,,,,,,,,,,,,,,,,,,,,,,,,,,,,,,,,,
386,Accessories!A386,Accessories,,,,,,,,,,,,,,,,,,,,,,,,,,,,,,,,,,,,,,,,,,,,,,,,,,,,,,,,,
392,Accessories!A392,Accessories,,,,,,,,,,,,,,,,,,,,,,,,,,,,,,,,,,,,,,,,,,,,,,,,,,,,,,,,,
398,Accessories!A398,Accessories,,,,,,,,,,,,,,,,,,,,,,,,,,,,,,,,,,,,,,,,,,,,,,,,,,,,,,,,,
404,Accessories!A404,Accessories,,,,,,,,,,,,,,,,,,,,,,,,,,,,,,,,,,,,,,,,,,,,,,,,,,,,,,,,,
410,Accessories!A410,Accessories,,,,,,,,,,,,,,,,,,,,,,,,,,,,,,,,,,,,,,,,,,,,,,,,,,,,,,,,,
416,Accessories!A416,Accessories,,,,,,,,,,,,,,,,,,,,,,,,,,,,,,,,,,,,,,,,,,,,,,,,,,,,,,,,,
422,Accessories!A422,Accessories,,,,,,,,,,,,,,,,,,,,,,,,,,,,,,,,,,,,,,,,,,,,,,,,,,,,,,,,,
428,Accessories!A428,Accessories,,,,,,,,,,,,,,,,,,,,,,,,,,,,,,,,,,,,,,,,,,,,,,,,,,,,,,,,,
434,Accessories!A434,Accessories,,,,,,,,,,,,,,,,,,,,,,,,,,,,,,,,,,,,,,,,,,,,,,,,,,,,,,,,,
440,Accessories!A440,Accessories,,,,,,,,,,,,,,,,,,,,,,,,,,,,,,,,,,,,,,,,,,,,,,,,,,,,,,,,,
446,Accessories!A446,Accessories,,,,,,,,,,,,,,,,,,,,,,,,,,,,,,,,,,,,,,,,,,,,,,,,,,,,,,,,,
452,Accessories!A452,Accessories,,,,,,,,,,,,,,,,,,,,,,,,,,,,,,,,,,,,,,,,,,,,,,,,,,,,,,,,,
458,Accessories!A458,Accessories,,,,,,,,,,,,,,,,,,,,,,,,,,,,,,,,,,,,,,,,,,,,,,,,,,,,,,,,,
464,Accessories!A464,Accessories,,,,,,,,,,,,,,,,,,,,,,,,,,,,,,,,,,,,,,,,,,,,,,,,,,,,,,,,,
470,Accessories!A470,Accessories,,,,,,,,,,,,,,,,,,,,,,,,,,,,,,,,,,,,,,,,,,,,,,,,,,,,,,,,,
476,Accessories!A476,Accessories,,,,,,,,,,,,,,,,,,,,,,,,,,,,,,,,,,,,,,,,,,,,,,,,,,,,,,,,,
482,Accessories!A482,Accessories,,,,,,,,,,,,,,,,,,,,,,,,,,,,,,,,,,,,,,,,,,,,,,,,,,,,,,,,,