Category,Subcategory,Number,Name
Characters,Key Characters,1,Lulunarde
Characters,Key Characters,2,Knight Commander Dylyanhardt
Characters,Key Characters,3,Sir Vernant
Characters,Key Characters,4,Sir Elmond
Characters,Key Characters,5,Sir Albano
Characters,Key Characters,6,Pulgritte
Characters,Key Characters,7,Princess Pulgritte
Characters,Key Characters,8,King Iver
Characters,Key Characters,9,Arna
Characters,Key Characters,10,Walter
Characters,Key Characters,11,Randolf
Characters,Key Characters,12,Sister Kristel
Characters,Key Characters,13,Inkeeper Dana
Characters,Key Characters,14,Shagtis
Characters,Key Characters,15,Tenet
Characters,Key Characters,16,Admiral Avare
Characters,Key Characters,17,Sagini
Characters,Key Characters,18,Harri
Characters,Key Characters,19,Secretary Pickerel
Characters,Key Characters,20,? ? ? ?
Characters,Other,1001,Sir Maurice
Characters,Other,1002,Gary
Characters,Other,1003,Marquis Alfred
Characters,Other,1004,Mel
Characters,Other,1005,Sir Jack
Characters,Other,1006,Harry the Adventurer
Characters,Other,1007,Donato
Characters,Other,1008,Chris the Mage
Characters,Other,1009,Mudd
Characters,Other,1010,Ira
Characters,Other,1011,Sophie
Characters,Other,1012,Aegon the Wise
Characters,Other,1013,Goetia the Mage
Characters,Other,1014,Egolion
Characters,Other,1015,Tessa the Baker
Characters,Other,1017,Melgina
Characters,Other,1018,? ? ? ?
Characters,Other,1019,Bonnie
Characters,Other,1020,Clyde
Characters,Other,1021,Rickert
Characters,Other,1022,Head Cook
Characters,Other,1023,Songstress Marin
Characters,Other,1024,Powder House Butch
Characters,Other,1025,Gigi the Bookie
Characters,Other,1026,Reprobus the Foul
Characters,Other,1027,Geuzen the Poisoner
Characters,Other,1028,Water God Priestess Regia
Characters,Other,1029,Birgier the Fisherman
Characters,Other,1030,Donald of the Merchants Guild
Characters,Other,1031,Ugo in the Ship's Hold
Characters,Other,1032,Pirate Captain Valo
Characters,Other,1033,"Doris, the Frightened Maid"
Characters,Other,1034,Reprogus
Characters,Other,1035,Viscount Guane
Characters,Other,1036,Knight Commander Graham
Characters,Other,1037,Scholar Raimi
Characters,Other,1038,? ? ? ?
Characters,Other,1039,? ? ? ?
Characters,Other,1040,? ? ? ?
Characters,Other,1041,? ? ? ?
Characters,Other,1042,? ? ? ?
Characters,Other,1043,? ? ? ?
Characters,Other,1044,? ? ? ?
Characters,Other,1045,? ? ? ?
Characters,Other,1046,? ? ? ?
Characters,Other,1047,? ? ? ?
Characters,Other,1048,? ? ? ?
Characters,Other,1049,? ? ? ?
Characters,Other,1050,? ? ? ?
Characters,Other,1051,? ? ? ?
Characters,Other,1052,? ? ? ?
Characters,Other,1053,? ? ? ?
Characters,Other,1054,? ? ? ?
Characters,Other,1055,? ? ? ?
Characters,Other,1056,? ? ? ?
Characters,Other,1057,? ? ? ?
Characters,Other,1058,? ? ? ?
Characters,Other,1059,? ? ? ?
Characters,Other,1060,? ? ? ?
Characters,Other,1061,? ? ? ?
Characters,Other,1062,? ? ? ?
Characters,Other,1063,? ? ? ?
Characters,Other,1064,? ? ? ?
Characters,Other,1065,? ? ? ?
Characters,Other,1066,? ? ? ?
Characters,Other,1067,? ? ? ?
Characters,Other,1068,? ? ? ?
Characters,Other,1069,? ? ? ?
Characters,Other,1070,? ? ? ?
Characters,Other,1071,? ? ? ?
Characters,Other,1072,? ? ? ?
Characters,Other,1073,? ? ? ?
Characters,Other,1074,? ? ? ?
Characters,Other,1075,? ? ? ?
Characters,Other,1076,? ? ? ?
Characters,Other,1077,? ? ? ?
Characters,Other,1078,? ? ? ?
Characters,Other,1079,? ? ? ?
Characters,Other,1080,? ? ? ?
Characters,Other,1081,? ? ? ?
Characters,Other,1082,? ? ? ?
Characters,Other,1083,? ? ? ?
Characters,Other,1084,? ? ? ?
Characters,Other,1085,? ? ? ?
Characters,Other,1086,? ? ? ?
Characters,Other,1087,? ? ? ?
Characters,Other,1088,? ? ? ?
Characters,Other,1089,? ? ? ?
Characters,Other,1090,? ? ? ?
Characters,Other,1091,? ? ? ?
Characters,Other,1092,? ? ? ?
Characters,Other,1093,? ? ? ?
Characters,Other,1094,? ? ? ?
Characters,Other,1095,Stonefolk
Characters,Allies,2001,Adam
Characters,Allies,2002,Gerulf
Characters,Allies,2003,Yekaterina
Characters,Allies,2004,Lanavaille
Characters,Allies,2005,Alice
Characters,Allies,2006,Debra
Characters,Allies,2007,? ? ? ?
Characters,Allies,2008,? ? ? ?
Characters,Allies,2009,Red Beard
Characters,Allies,2010,Rinne
Characters,Allies,2011,? ? ? ?
Characters,Allies,2012,Arboris
Characters,Allies,2013,Gaston
Characters,Allies,2014,Gandalfo
Characters,Allies,2015,Jean
Characters,Allies,2016,Daniel
Characters,Allies,2017,Jarmil
Characters,Allies,2018,Alex
Characters,Allies,2019,Kiriha
Characters,Allies,2020,Ophelia
Characters,Allies,2021,Viviana
Characters,Allies,2022,Marianne
Characters,Allies,2023,Asha
Characters,Allies,2024,Clarissa
Characters,Allies,2025,Elda
Characters,Allies,2026,Philip
Characters,Allies,2027,Emil
Characters,Allies,2028,Dino
Characters,Allies,2029,Eldorado
Characters,Allies,2030,Olive
Characters,Allies,2031,Elise
Characters,Allies,2032,Milana
Characters,Allies,2033,Galina
Characters,Allies,2034,Flut
Characters,Allies,2035,Eulalia
Characters,Allies,2036,Benjamin
Characters,Allies,2037,Bakesh
Characters,Allies,2038,Valdor
Characters,Allies,2039,Eckart
Characters,Allies,2040,Chloe
Characters,Allies,2041,Amelia
Characters,Allies,2042,Barbara
Characters,Allies,2043,Human-Fig
Characters,Allies,2044,Human-Pri
Characters,Allies,2045,Elf-Mag
Characters,Allies,2046,Elf-Pri
Characters,Allies,2047,Dwarf-Kni
Characters,Allies,2048,Beast-Thi
Characters,Allies,2049,Shelirionach
Characters,Allies,2050,? ? ? ?
Characters,Allies,2051,Aldric
Characters,Allies,2052,Bugen
Characters,Allies,2053,? ? ? ?
Characters,Allies,2054,Human-Nin
Characters,Allies,2055,? ? ? ?
Characters,Allies,2056,Raffaello
Characters,Allies,2057,Yuzunamiki
Characters,Allies,2058,? ? ? ?
Characters,Allies,2059,? ? ? ?
Characters,Allies,2060,Heinrico
Characters,Allies,2061,? ? ? ?
Characters,Allies,2062,? ? ? ?
Characters,Allies,2063,Human-Sam
Characters,Allies,Ex.,Iarumas
Characters,Allies,Ex.,Berkanan
Item,Sell Only,1,Rusty Old Coin
Item,Sell Only,2,Translucent Pebble
Item,Sell Only,3,Azure Ore
Item,Sell Only,4,Azure Ore Clump
Item,Sell Only,5,Azure Lustrous Ore
Item,Sell Only,6,Shell Coin
Item,Sell Only,7,Sahuagin Scales
Item,Sell Only,8,Crystal Shard
Item,Sell Only,9,Raw Crystal
Item,Sell Only,10,Gleaming Crystal
Item,Sell Only,11,Deep-Water Gleaming Crystal
Item,Sell Only,12,Shattered Insignia
Item,Sell Only,13,Crimson Stone Fragment
Item,Sell Only,14,Crimson Ore
Item,Sell Only,15,Crimson Ore Clump
Item,Sell Only,16,? ? ? ?
Item,Sell Only,17,Creeping Coin's Carapace
Item,Sell Only,18,Royal Family Ring
Item,Sell Only,19,Twin Pearls
Item,Sell Only,20,Pearl of Sadness
Item,Sell Only,21,Lily of Eternity
Item,Sell Only,22,? ? ? ?
Item,Sell Only,23,? ? ? ?
Item,Sell Only,24,? ? ? ?
Item,Sell Only,25,? ? ? ?
Item,Sell Only,26,? ? ? ?
Item,Sell Only,27,? ? ? ?
Item,Sell Only,28,? ? ? ?
Item,Sell Only,29,Snowlight Ore Lump
Item,Sell Only,30,? ? ? ?
Item,Sell Only,31,? ? ? ?
Item,Sell Only,32,? ? ? ?
Item,Sell Only,33,? ? ? ?
Item,Sell Only,34,? ? ? ?
Item,Sell Only,35,? ? ? ?
Item,Consumables,1001,Medicinal Herb
Item,Consumables,1002,Potion of Healing
Item,Consumables,1003,Potion of Greater Healing
Item,Consumables,1004,Potion of Extra Healing
Item,Consumables,1005,Potion of Extreme Healing
Item,Consumables,1006,Potion of Ultra Healing
Item,Consumables,1007,Dried Abalone
Item,Consumables,1008,Mana Elixir
Item,Consumables,1009,Nourishing Draught
Item,Consumables,1010,Antitoxin
Item,Consumables,1011,Invigorating Draught
Item,Consumables,1012,Calmative
Item,Consumables,1013,Petrifying Scraper
Item,Consumables,1014,Holy Water of Dispelling
Item,Consumables,1015,Powerful Antidote
Item,Consumables,1016,? ? ? ?
Item,Consumables,1017,? ? ? ?
Item,Consumables,1018,Treasure Fever
Item,Consumables,1019,Hook of Harken
Item,Consumables,1020,Jar of Unspeakable Stench
Item,Consumables,1021,Mimic Secretion
Item,Consumables,1022,? ? ? ?
Item,Consumables,1023,? ? ? ?
Item,Consumables,1024,? ? ? ?
Item,Consumables,1025,? ? ? ?
Item,Consumables,1026,? ? ? ?
Item,Consumables,1027,? ? ? ?
Item,Consumables,1028,? ? ? ?
Item,Consumables,1029,? ? ? ?
Item,Consumables,1030,? ? ? ?
Item,Consumables,1031,? ? ? ?
Item,Consumables,Ex.,Elegant Chocolatt
Item,Consumables,Ex.,Festival Chocolatt
Item,Consumables,Ex.,Chocolat Succubus
Item,Consumables,Ex.,Chocolat Ambrosia
Item,Valuables,2001,Decorative Sword
Item,Valuables,2002,????
Item,Valuables,2003,Guild Tag
Item,Valuables,2004,? ? ? ?
Item,Valuables,2005,? ? ? ?
Item,Valuables,2006,Mask
Item,Valuables,2007,Fragrant Plant Seeds
Item,Valuables,2008,Dana's Custom Sachet
Item,Valuables,2009,Beginning Abyss Key
Item,Valuables,2010,Goblin's Hidden Old Coins
Item,Valuables,2011,Goblin's Hidden Ore
Item,Valuables,2012,Goblin's Hidden Treasure
Item,Valuables,2013,Royal Knight Sabatons
Item,Valuables,2014,Light Iron
Item,Valuables,2015,Ebonsteel
Item,Valuables,2016,? ? ? ?
Item,Valuables,2017,Glowstone
Item,Valuables,2018,Fluorescent Flower
Item,Valuables,2019,? ? ? ?
Item,Valuables,2020,Old Rhodium Craftwork
Item,Valuables,2021,Lambert's Diary
Item,Valuables,2022,Bladeless Dagger
Item,Valuables,2023,Cazula Root
Item,Valuables,2024,Water God Statue Fragment
Item,Valuables,2025,Letter to Lydia
Item,Valuables,2026,? ? ? ?
Item,Valuables,2027,Mackerel Sandwich
Item,Valuables,2028,Titanium Ore
Item,Valuables,2029,Rust-Proof Dagger
Item,Valuables,2030,Pirate's Cutlass
Item,Valuables,2031,Steel Wire
Item,Valuables,2032,Battle Item Set
Item,Valuables,2033,Chamomile
Item,Valuables,2034,Chamomile Bouquet
Item,Valuables,2035,Coral Bracelet
Item,Valuables,2036,Thief's Handmade Passkey
Item,Valuables,2037,Mermaid's Secret
Item,Valuables,2038,? ? ? ?
Item,Valuables,2039,Meal Ticket
Item,Valuables,2040,Pass
Item,Valuables,2041,Scorpion Woman Leg
Item,Valuables,2042,Herb
Item,Valuables,2043,Minotaur Head
Item,Valuables,2044,Minotaur Spare Ribs
Item,Valuables,2045,Mimint
Item,Valuables,2046,KnightQuil
Item,Valuables,2047,Monster Bird Meat
Item,Valuables,2048,Monster Bird Egg
Item,Valuables,2049,Monster Bird Nest
Item,Valuables,2050,? ? ? ?
Item,Valuables,2051,Wild Carrot
Item,Valuables,2052,Vorpal Bunny Meat
Item,Valuables,2053,Temple Receipt
Item,Valuables,2054,Church Seal List
Item,Valuables,2055,Ship's Hold Small Room Key
Item,Valuables,2056,Ipiamarum
Item,Valuables,2057,Purple Garlic
Item,Valuables,2058,Purple Garlic Bulb
Item,Valuables,2059,Holly
Item,Valuables,2060,? ? ? ?
Item,Valuables,2061,Comadora Pepper Wreath
Item,Valuables,2062,Merfolk Lexicon
Item,Valuables,2063,Treasury Key
Item,Valuables,2064,Arena Winner's Slip
Item,Valuables,2065,Melgina's Relic
Item,Valuables,2066,Octonarus's Relic
Item,Valuables,2067,Signal Rocket
Item,Valuables,2068,? ? ? ?
Item,Valuables,2069,? ? ? ?
Item,Valuables,2070,? ? ? ?
Item,Valuables,2071,? ? ? ?
Item,Valuables,2072,? ? ? ?
Item,Valuables,2073,? ? ? ?
Item,Valuables,2074,? ? ? ?
Item,Valuables,2075,? ? ? ?
Item,Valuables,2076,? ? ? ?
Item,Valuables,2077,? ? ? ?
Item,Valuables,2078,? ? ? ?
Item,Valuables,2079,? ? ? ?
Item,Valuables,2080,? ? ? ?
Item,Valuables,2081,? ? ? ?
Item,Valuables,2082,? ? ? ?
Item,Valuables,2083,? ? ? ?
Item,Valuables,2084,? ? ? ?
Item,Valuables,2085,? ? ? ?
Item,Valuables,2086,? ? ? ?
Item,Valuables,2087,? ? ? ?
Item,Valuables,2088,? ? ? ?
Item,Valuables,2089,? ? ? ?
Item,Valuables,2090,? ? ? ?
Item,Valuables,2091,? ? ? ?
Item,Valuables,2092,? ? ? ?
Item,Valuables,2093,? ? ? ?
Item,Valuables,2094,? ? ? ?
Item,Valuables,2095,? ? ? ?
Item,Valuables,2096,? ? ? ?
Item,Valuables,2097,Hard and Light Ore
Item,Valuables,2098,Heavy and Tenacious Ore
Item,Valuables,2099,Stone of Anti-Curse Poison
Item,Valuables,2100,Wing of Bat
Item,Valuables,2101,Sharp Tooth of Rat
Item,Valuables,2102,Long Tail of Lizard
Item,Valuables,2103,Long Tongue of Frog
Item,Valuables,2104,Crystal Shard of Purification
Item,Valuables,2105,Entity Shard
Item,Valuables,2106,Rock Hammer
Item,Valuables,2107,Lump of Black Steel
Item,Valuables,2108,? ? ? ?
Item,Valuables,2109,? ? ? ?
Item,Valuables,2110,? ? ? ?
Item,Valuables,2111,? ? ? ?
Item,Valuables,2112,? ? ? ?
Item,Valuables,2113,? ? ? ?
Item,Valuables,2114,? ? ? ?
Item,Valuables,2115,? ? ? ?
Item,Valuables,2116,? ? ? ?
Item,Valuables,2117,? ? ? ?
Item,Valuables,2118,? ? ? ?
Item,Valuables,2119,? ? ? ?
Item,Valuables,2120,? ? ? ?
Item,Valuables,2121,? ? ? ?
Item,Valuables,2122,? ? ? ?
Item,Valuables,2123,? ? ? ?
Item,Valuables,2124,? ? ? ?
Item,Valuables,2125,? ? ? ?
Item,Valuables,2126,? ? ? ?
Item,Valuables,2127,? ? ? ?
Item,Valuables,2128,? ? ? ?
Item,Valuables,2129,? ? ? ?
Item,Valuables,2130,? ? ? ?
Item,Valuables,2131,? ? ? ?
Item,Valuables,2132,? ? ? ?
Item,Valuables,2133,? ? ? ?
Item,Valuables,2134,? ? ? ?
Item,Valuables,2135,? ? ? ?
Item,Valuables,2136,? ? ? ?
Item,Valuables,2137,? ? ? ?
Item,Valuables,2138,? ? ? ?
Item,Valuables,2139,? ? ? ?
Item,Valuables,2140,? ? ? ?
Item,Valuables,2141,? ? ? ?
Item,Valuables,2142,? ? ? ?
Item,Valuables,2143,? ? ? ?
Item,Valuables,2144,? ? ? ?
Item,Valuables,2145,? ? ? ?
Item,Valuables,2146,? ? ? ?
Item,Valuables,2147,? ? ? ?
Item,Valuables,2148,? ? ? ?
Item,Valuables,2149,? ? ? ?
Item,Valuables,2150,? ? ? ?
Item,Valuables,4033,? ? ? ?
Item,Valuables,4034,? ? ? ?
Item,Valuables,4035,? ? ? ?
Item,Valuables,4036,? ? ? ?
Item,Valuables,4039,? ? ? ?
Item,Valuables,4101,? ? ? ?
Item,Valuables,4102,? ? ? ?
Item,Valuables,4103,? ? ? ?
Item,Valuables,4104,? ? ? ?
Item,Valuables,4105,? ? ? ?
Item,Valuables,4106,? ? ? ?
Item,Valuables,4107,? ? ? ?
Item,Valuables,4108,? ? ? ?
Item,Valuables,4109,? ? ? ?
Item,Valuables,4110,? ? ? ?
Item,Valuables,4111,? ? ? ?
Item,Valuables,4112,? ? ? ?
Item,Valuables,4113,? ? ? ?
Item,Valuables,4114,? ? ? ?
Item,Valuables,Ex.,Eboniron
Item,Valuables,Ex.,Chromite Ore
Item,Valuables,Ex.,Arcane Stone of Fire Resistance
Item,Valuables,Ex.,Sahuagin's Key
Item,Valuables,Ex.,Fire Dragon's Scale
Item,Valuables,Ex.,Fire Dragon's Head
Item,Other,19,Ripeness of the Abyss
Item,Other,4001,Draught of Mind Renewal
Item,Other,4002,Full Alteration Stone
Item,Other,4003,Amnesia Incense
Item,Other,4004,Ungraded Tag
Item,Other,4005,Lead Grade Tag
Item,Other,4006,? ? ? ?
Item,Other,4007,? ? ? ?
Item,Other,4008,? ? ? ?
Item,Other,4009,? ? ? ?
Item,Other,4010,? ? ? ?
Item,Other,4011,? ? ? ?
Item,Other,4012,? ? ? ?
Item,Other,4013,? ? ? ?
Item,Other,4014,? ? ? ?
Item,Other,4015,? ? ? ?
Item,Other,4016,Clock Tome Volume
Item,Other,4017,Clock Tome of the Finesser
Item,Other,4018,Clock Tome of the Maneuverer
Item,Other,4019,? ? ? ?
Item,Other,4020,Codex of Learning
Item,Other,4021,Intermediate Codex of Learning
Item,Other,4022,Low Grade Iron Ore
Item,Other,4023,Mid Grade Iron Ore
Item,Other,4024,High Grade Iron Ore
Item,Other,4025,Fine Grade Iron Ore
Item,Other,4026,Guiding Light (STR)
Item,Other,4027,Guiding Light (I.Q.)
Item,Other,4028,Guiding Light (PIE)
Item,Other,4029,Guiding Light (VIT)
Item,Other,4030,Guiding Light (DEX)
Item,Other,4031,Guiding Light (SPD
Item,Other,4032,Guiding Light (LUC)
Item,Other,4037,? ? ? ?
Item,Other,4038,Lesser Full Alteration Stone
Item,Other,4040,Gobber Bloodwood
Item,Other,4041,Gobber Bowman Gleamblight
Item,Other,4042,Gobber Sorcerer Rootcrystal
Item,Other,4043,Gobber Soothsayer Cursefruit
Item,Other,4044,Hobber Bloodwood
Item,Other,4045,Bony Spiritcoral
Item,Other,4046,Bony Bowman Gleamblight
Item,Other,4047,Bony Sorcerer Rootcrystal
Item,Other,4048,Bony Knight Rootcrystal
Item,Other,4049,Dissolving Ooze Rootcrystal
Item,Other,4050,Man-Eating Box Spiritcoral
Item,Other,4051,Carrion Beetle Spiritcoral
Item,Other,4052,Plunderer Bloodwood
Item,Other,4053,Noxfume Spiritcoral
Item,Other,4054,Dancing Blade Bloodwood
Item,Other,4055,Venommaiden Bloodwood
Item,Other,4056,Firebrand Legionnairre Bloodwood
Item,Other,4057,Hellfire Warlord Cursefruit
Item,Other,4058,Beheading Rabbit Bloodwood
Item,Other,4059,Hexdoll Gleambright
Item,Other,4060,Restless Currency Gleamblight
Item,Other,4061,Merfolk Spiritcoral
Item,Other,4062,Merfolk Bowman Bloodwood
Item,Other,4063,Merfolk Spellcaster Cursefruit
Item,Other,4064,Reptilian Bloodwood
Item,Other,4065,Reptilian Monarch Bloodwood 
Item,Other,4066,Four-Fist Bull Rootcrystal
Item,Other,4067,Lust Demon Spiritcoral
Item,Other,4068,Sea Mad Warrior Bloodwood
Item,Other,4069,Salt-Teared Priestess Cursefruit
Item,Other,4070,Great Undulating Devourer Cursefruit
Item,Other,4071,One-Eyed Giant Bloodwood
Item,Other,4072,Sprite Cursefruit
Item,Other,4073,Wind Being Rootcrystal
Item,Other,4074,Thrall of the Dark Gleambright
Item,Other,4075,Giant Bugwing Gleamblight
Item,Other,4076,Servant-of-the-Earth Rootcrystal
Item,Other,4077,Chaos-Haunt Gleambright
Item,Other,4078,Shadowhoof Cavalier Cursefruit
Item,Other,4079,Dead-Minder Cursefruit
Item,Other,4080,Bone Colossus Rootcrystal
Item,Other,4081,Foxear Gleambright
Item,Other,4082,Bonemaster Cursefruit
Item,Other,4083,Carnivorous Plant Rootcrystal
Item,Other,4084,Composite Beast Bloodwood
Item,Other,4085,Stonebreath Bull Rootcrystal
Item,Other,4086,Wind-Cutting Bird Spiritcoral
Item,Other,4087,? ? ? ?
Item,Other,4088,Flower of the Abyss
Item,Other,4089,Snow Gobber Twisted Spiritcoral
Item,Other,4090,Snow Hobber Twisted Rootcrystal
Item,Other,4091,Man Eating Gold Box Twisted Rootcrystal
Item,Other,4092,Beheading Snow Rabbit Twisted Bloodwood
Item,Other,4093,One-Eyed White Giant's Twisted Bloodwood
Item,Other,4094,Wind-Cutting Raptor Twisted Gleamblight
Item,Other,4095,Snow Child Twisted Spiritcoral
Item,Other,4096,Snow Man Twisted Bloodwood
Item,Other,4097,Ice Wolf Twisted Cursefruit
Item,Other,4098,Ice Wolf Lord Twisted Cursefruit
Item,Other,4099,Abyssal Ice Twisted Core
Item,Other,4100,? ? ? ?
Item,Other,4115,? ? ? ?
Equipment,Weapons,1,Worn-Out Dagger
Equipment,Weapons,2,Worn-Out Sword
Equipment,Weapons,3,Worn-Out One-Handed Axe
Equipment,Weapons,4,Worn-Out Mace
Equipment,Weapons,5,Worn-Out Greatsword
Equipment,Weapons,6,Worn-Out Two-Handed Spear
Equipment,Weapons,7,Worn-Out Two-Handed Axe
Equipment,Weapons,8,Worn-Out Two-Handed Mace
Equipment,Weapons,9,Worn-Out Staff
Equipment,Weapons,10,Worn-Out Two-Handed Staff
Equipment,Weapons,11,Worn-Out Bow
Equipment,Weapons,12,Bronze Dagger
Equipment,Weapons,13,Bronze Sword
Equipment,Weapons,14,Bronze One-Handed Axe
Equipment,Weapons,15,Bronze Mace
Equipment,Weapons,16,Bronze Greatsword
Equipment,Weapons,17,Bronze Two-Handed Spear
Equipment,Weapons,18,Bronze Two-Handed Axe
Equipment,Weapons,19,Bronze Two-Handed Mace
Equipment,Weapons,20,Hardwood Staff
Equipment,Weapons,21,Hardwood Two-Handed Staff
Equipment,Weapons,22,Hardwood Bow
Equipment,Weapons,23,Iron Dagger
Equipment,Weapons,24,Iron Sword
Equipment,Weapons,25,Iron One-Handed Axe
Equipment,Weapons,26,Iron Mace
Equipment,Weapons,27,Iron Greatsword
Equipment,Weapons,28,Iron Two-Handed Spear
Equipment,Weapons,29,Iron Two-Handed Axe
Equipment,Weapons,30,Iron Two-Handed Mace
Equipment,Weapons,31,Old Wood Staff
Equipment,Weapons,32,Old Wood Two-Handed Staff
Equipment,Weapons,33,Old Wood Bow
Equipment,Weapons,34,Steel Dagger
Equipment,Weapons,35,Steel Sword
Equipment,Weapons,36,Steel One-Handed Axe
Equipment,Weapons,37,Steel Mace
Equipment,Weapons,38,Steel Greatsword
Equipment,Weapons,39,Steel Two-Handed Spear
Equipment,Weapons,40,Steel Two-Handed Axe
Equipment,Weapons,41,Steel Two-Handed Mace
Equipment,Weapons,42,Sacred Wood Staff
Equipment,Weapons,43,Sacred Wood Two-Handed Staff
Equipment,Weapons,44,Sacred Wood Bow
Equipment,Weapons,45,Ebonsteel Dagger
Equipment,Weapons,46,Ebonsteel Sword
Equipment,Weapons,47,Ebonsteel One-Handed Axe
Equipment,Weapons,48,Ebonsteel Mace
Equipment,Weapons,49,Ebonsteel Greatsword
Equipment,Weapons,50,Ebonsteel Two-Handed Spear
Equipment,Weapons,51,Ebonsteel Two-Handed Axe
Equipment,Weapons,52,Ebonsteel Two-Handed Mace
Equipment,Weapons,53,Arcane Rod
Equipment,Weapons,54,Arcane Staff
Equipment,Weapons,55,Arcane Elm Bow
Equipment,Weapons,56,Dagger of Undead Bane
Equipment,Weapons,57,Sword of Undead Bane
Equipment,Weapons,58,One-Handed Axe of Undead Bane
Equipment,Weapons,59,Mace of Undead Bane
Equipment,Weapons,60,The Greatsword of Undead Bane
Equipment,Weapons,61,Two-Handed Spear of Undead Bane
Equipment,Weapons,62,Two-Handed Axe of Undead Bane
Equipment,Weapons,63,Two-Handed Mace of Undead Bane
Equipment,Weapons,64,Bow of Undead Bane
Equipment,Weapons,65,? ? ? ?
Equipment,Weapons,66,Twisted Staff
Equipment,Weapons,67,Mace of Agony
Equipment,Weapons,68,Halberd
Equipment,Weapons,69,Digging Mattock
Equipment,Weapons,70,Sword of the Breeze
Equipment,Weapons,71,Royal Knight's Sword
Equipment,Weapons,72,Silverworked Staff
Equipment,Weapons,73,Huntsman's Bow
Equipment,Weapons,74,Mage Knife
Equipment,Weapons,75,Dagger of Corrosion
Equipment,Weapons,76,Paralyzer Dagger
Equipment,Weapons,77,Man-Eater
Equipment,Weapons,78,Cutlass of Tyranny
Equipment,Weapons,79,Horned Eagle Sword
Equipment,Weapons,80,Holy Staff of the Millenial Tree
Equipment,Weapons,81,Phantom Shadow Kunai
Equipment,Weapons,82,Phantom Shadow Blade
Equipment,Weapons,83,Trident
Equipment,Weapons,84,War Axe
Equipment,Weapons,85,Spiritual Staff
Equipment,Weapons,86,Holy Wand
Equipment,Weapons,87,Isabella's Warhammer
Equipment,Weapons,88,Bird-Dropper
Equipment,Weapons,89,Dagger of Expulsion
Equipment,Weapons,90,Sword of Expulsion
Equipment,Weapons,91,One-Handed Axe of Expulsion
Equipment,Weapons,92,Mace of Expulsion
Equipment,Weapons,93,Greatsword of Expulsion
Equipment,Weapons,94,Two-Handed Spear of Expulsion
Equipment,Weapons,95,Two-Handed Axe of Expulsion
Equipment,Weapons,96,Two-Handed Mace of Expulsion
Equipment,Weapons,97,Bow of Expulsion
Equipment,Weapons,98,Demonbane Dagger
Equipment,Weapons,99,Demonbane Sword
Equipment,Weapons,100,Demonbane Greatsword
Equipment,Weapons,101,Hunting Hatchet
Equipment,Weapons,102,Hunting Axe
Equipment,Weapons,103,Hunting Arrow
Equipment,Weapons,104,Desert Hammer
Equipment,Weapons,105,Desert Staff
Equipment,Weapons,106,Desert Bow
Equipment,Weapons,107,Staff of Weakness
Equipment,Weapons,108,Mace of Tumult
Equipment,Weapons,109,Covert Kunai
Equipment,Weapons,110,Covert Blade
Equipment,Weapons,111,Dagger of Flame
Equipment,Weapons,112,Sword of Flame
Equipment,Weapons,113,Light Axe of Flame
Equipment,Weapons,114,Warmace of Flame
Equipment,Weapons,115,Two-Handed Sword of the Flame
Equipment,Weapons,116,Heavy Spear of Flame
Equipment,Weapons,117,Two-Handed Axe of Flame
Equipment,Weapons,118,Heavy Mace of Flame
Equipment,Weapons,119,Firesmith's Mace
Equipment,Weapons,120,Bow of Flame
Equipment,Weapons,121,Dagger of the Water Drop
Equipment,Weapons,122,Sword of the Water Drop
Equipment,Weapons,123,Light Axe of the Water Drop
Equipment,Weapons,124,Warmace of the Water Drop
Equipment,Weapons,125,Two-Handed Sword of the Water Drop
Equipment,Weapons,126,Heavy Spear of the Water Drop
Equipment,Weapons,127,Two-Handed Axe of the Water Drop
Equipment,Weapons,128,Heavy Mace of the Water Drop
Equipment,Weapons,129,Bow of the Water Drop
Equipment,Weapons,130,Dagger of the Gale
Equipment,Weapons,131,Sword of the Gale
Equipment,Weapons,132,Light Axe of the Gale
Equipment,Weapons,133,Warmace of the Gale
Equipment,Weapons,134,Two-Handed Sword of the Gale
Equipment,Weapons,135,Heavy Spear of the Gale
Equipment,Weapons,136,Two-Handed Axe of the Gale
Equipment,Weapons,137,Heavy Mace of the Gale
Equipment,Weapons,138,Bow of the Gale
Equipment,Weapons,139,Dagger of the Soil
Equipment,Weapons,140,Sword of the Soil
Equipment,Weapons,141,Light Axe of the Soil
Equipment,Weapons,142,Mace of the Soil
Equipment,Weapons,143,Two-Handed Sword of the Soil
Equipment,Weapons,144,Heavy Spear of the Soil
Equipment,Weapons,145,Two-Handed Axe of the Soil
Equipment,Weapons,146,Heavy Mace of the Soil
Equipment,Weapons,147,Bow of the Soil
Equipment,Weapons,148,Dagger of the Aurora
Equipment,Weapons,149,Sword of the Aurora
Equipment,Weapons,150,Light Axe of the Aurora
Equipment,Weapons,151,Warmace of the Aurora
Equipment,Weapons,152,Two-Handed Sword of the Aurora
Equipment,Weapons,153,Heavy Spear of the Aurora
Equipment,Weapons,154,Two-Handed Axe of the Aurora
Equipment,Weapons,156,Heavy Mace of the Aurora
Equipment,Weapons,157,Bow of the Aurora
Equipment,Weapons,158,Dagger of Eternal Darkness
Equipment,Weapons,159,Sword of Eternal Darkness
Equipment,Weapons,160,Light Axe of Eternal Darkness
Equipment,Weapons,161,Warmace of Eternal Darkness
Equipment,Weapons,162,Greatsword of Eternal Darkness
Equipment,Weapons,163,Heavy Spear of Eternal Darkness
Equipment,Weapons,164,Two-Handed Axe of Eternal Darkness
Equipment,Weapons,165,Heavy Mace of Eternal Darkness
Equipment,Weapons,166,Bow of Eternal Darkness
Equipment,Weapons,167,Well-Worn Katana
Equipment,Weapons,168,Standard Katana
Equipment,Weapons,169,Fine Katana
Equipment,Weapons,170,Refined Katana
Equipment,Weapons,171,Exquisite Katana
Equipment,Weapons,172,Lower Ninja Blade
Equipment,Weapons,173,Shadowrunner Blade
Equipment,Weapons,174,Lower Ninja Kunai
Equipment,Weapons,175,Shadowrunner Kunai
Equipment,Weapons,176,Sword of Promises
Equipment,Weapons,181,Silver Dagger
Equipment,Weapons,182,Earthrend Dagger
Equipment,Weapons,183,Seafoam Dagger
Equipment,Weapons,184,Beast Killer
Equipment,Weapons,185,Cyclops Fang-Sword
Equipment,Weapons,186,Silver Sword
Equipment,Weapons,187,Earthrend Sword
Equipment,Weapons,188,Seaform Sword
Equipment,Weapons,189,Silver One-Handed Axe
Equipment,Weapons,190,Earthrend One-Handed Axe
Equipment,Weapons,191,Seafoam One-Handed Axe
Equipment,Weapons,192,Rod of Splendor
Equipment,Weapons,193,Silver Mace
Equipment,Weapons,194,Earthrend Mace
Equipment,Weapons,195,Soafoam Mace
Equipment,Weapons,196,Beast Breaker
Equipment,Weapons,197,Shrouded Kunai
Equipment,Weapons,198,Beclouded Kunai
Equipment,Weapons,199,Shrouded Blade
Equipment,Weapons,200,Beclouded Blade
Equipment,Weapons,201,Masterwork Katana
Equipment,Weapons,202,Beast Hunt
Equipment,Weapons,203,Yukihiko
Equipment,Weapons,204,Snow-Oni Yoto
Equipment,Weapons,205,Kagurazuki
Equipment,Weapons,206,Silver Greatsword
Equipment,Weapons,207,Earthrend Greatsword
Equipment,Weapons,208,Seafoam Greatsword
Equipment,Weapons,209,Beast Buster
Equipment,Weapons,210,? ? ? ?
Equipment,Weapons,211,Silver Two-Handed Spear
Equipment,Weapons,212,Earthrend Two-Handed Spear
Equipment,Weapons,213,Seafoam Two-Handed Spear
Equipment,Weapons,214,Beast Penetrator
Equipment,Weapons,215,Silver Two-Handed Axe
Equipment,Weapons,216,Earthrend Two-Handed Axe
Equipment,Weapons,217,Seafoam Two-Handed Axe
Equipment,Weapons,218,Beast Crusher
Equipment,Weapons,219,Staff of Splendor
Equipment,Weapons,220,Silver Two-Handed Mace
Equipment,Weapons,221,Earthrend Two-Handed Mace
Equipment,Weapons,222,Seafoam Two-Handed Mace
Equipment,Weapons,223,Tundra Club
Equipment,Weapons,224,? ? ? ?
Equipment,Weapons,225,Longbow of Splendor
Equipment,Weapons,226,Earthrend Bow
Equipment,Weapons,227,Soafoam Bow
Equipment,Weapons,228,Beast Eraser
Equipment,Weapons,229,Tundra Sword
Equipment,Weapons,230,Tundra Axe
Equipment,Weapons,231,Composite Bow
Equipment,Weapons,232,Ice Axe
Equipment,Weapons,233,? ? ? ?
Equipment,Weapons,234,? ? ? ?
Equipment,Weapons,235,? ? ? ?
Equipment,Weapons,236,Standard Odachi
Equipment,Weapons,237,? ? ? ?
Equipment,Weapons,238,? ? ? ?
Equipment,Weapons,239,Exquisite Odachi
Equipment,Weapons,240,Masterwork Odachi
Equipment,Weapons,241,Kibitsu
Equipment,Weapons,242,? ? ? ?
Equipment,Weapons,Ex.,Meteor Bow
Equipment,Weapons,Ex.,Winterthorn Bell Bow
Equipment,Weapons,Ex.,Mountain Huntsman's Trick Bow
Equipment,Weapons,Ex.,Tanto of Slicing
Equipment,Weapons,Ex.,Red Camellia
Equipment,Weapons,Ex.,Azure Songstress
Equipment,Weapons,Ex.,Jade Ceremonial Blade
Equipment,Weapons,Ex.,Raven Dagger
Equipment,Weapons,Ex.,Blade Cuisinart
Equipment,Weapons,Ex.,Thunder God's Sword
Equipment,Weapons,Ex.,Sword of Slashing
Equipment,Weapons,Ex.,Greed Sword
Equipment,Weapons,Ex.,Twin Moon Two-Handed Axe
Equipment,Weapons,Ex.,Mace of Pounding
Equipment,Weapons,Ex.,Mace of Power
Equipment,Weapons,Ex.,Faust Halberd
Equipment,Weapons,Ex.,Shadow Leopard
Equipment,Weapons,Ex.,Black Rod
Equipment,Weapons,Ex.,Staff of Recurrence
Equipment,Weapons,Ex.,Librarian Rod
Equipment,Weapons,Ex.,Two-Handed Wreath Saff
Equipment,Weapons,Ex.,Studly Staff
Equipment,Weapons,Ex.,Staff of Reverie
Equipment,Weapons,Ex.,Two-Handed Staff of Compassion
Equipment,Weapons,Ex.,Two-Handed Staff of the Spirit Realm
Equipment,Weapons,Ex.,Quicksilver Crosier
Equipment,Weapons,Ex.,Red Spinner Scissor Staff
Equipment,Weapons,Ex.,Ritual Staff of Effulgence
Equipment,Weapons,Ex.,Saber
Equipment,Weapons,Ex.,Kiku-Ichimonji
Equipment,Weapons,Ex.,Odachi of Dusk
Equipment,Weapons,Ex.,Citrus-Blossom Hairpin
Equipment,Weapons,Ex.,Dragon Slayer
Equipment,Weapons,Ex.,Devourer of Ruin
Equipment,Shields,3001,Worn-Out Small Shield
Equipment,Shields,3002,Worn-Out Shield
Equipment,Shields,3003,Worn-Out Large Shield
Equipment,Shields,3017,Bronze Shield
Equipment,Shields,3018,Bronze Large Shield
Equipment,Shields,3028,Leather Small Shield
Equipment,Shields,3033,Iron Shield
Equipment,Shields,3034,Iron Large Shield
Equipment,Shields,3044,Beastskin Small Shield
Equipment,Shields,3049,Steel Shield
Equipment,Shields,3050,Steel Large Shield
Equipment,Shields,3060,Scaly Leather Small Shield
Equipment,Shields,3065,Ebonsteel Shield
Equipment,Shields,3066,Ebonsteel Large Shield
Equipment,Shields,3076,Veil Shield
Equipment,Shields,3083,Heater Shield
Equipment,Shields,3089,Royal Knight's Shield
Equipment,Shields,3094,Viking Shield
Equipment,Shields,3099,Mage Shield
Equipment,Shields,3100,Defender of Faith
Equipment,Shields,3101,Shield of Honor
Equipment,Shields,3102,? ? ? ?
Equipment,Shields,3103,Shield of the Covenant
Equipment,Shields,3123,Antivenom Shield
Equipment,Shields,3124,Mauve Shield
Equipment,Shields,3125,Holy Knight's Shield
Equipment,Shields,3205,? ? ? ?
Equipment,Shields,3206,Twisted Shield
Equipment,Shields,3207,? ? ? ?
Equipment,Shields,3208,? ? ? ?
Equipment,Shields,3261,Calm Wind Crest
Equipment,Shields,3262,? ? ? ?
Equipment,Shields,Ex.,Lionheart Shield
Equipment,Head,178,Light Helmet of the Hundredfold Blossom
Equipment,Head,3004,Worn-Out Light Helmet
Equipment,Head,3005,Worn-Out Heavy Helmet
Equipment,Head,3012,Cloth Hat
Equipment,Head,3019,Bronze Light Helmet
Equipment,Head,3020,Bronze Heavy Helmet
Equipment,Head,3029,Leather Hat
Equipment,Head,3035,Iron Light Helmet
Equipment,Head,3036,Iron Heavy Helmet
Equipment,Head,3045,Beastskin Hat
Equipment,Head,3051,Steel Light Helmet
Equipment,Head,3052,Steel Heavy Helmet
Equipment,Head,3061,Scaly Leather Hat
Equipment,Head,3067,Ebonsteel Light Helmet
Equipment,Head,3068,Ebonsteel Heavy Helmet
Equipment,Head,3077,Veil Hat
Equipment,Head,3081,Old-Fashioned Hood
Equipment,Head,3084,Feathered Hat
Equipment,Head,3090,Plague Mask
Equipment,Head,3091,Silver Embroidered Hat
Equipment,Head,3095,Viking Helm
Equipment,Head,3097,Mage's Hood
Equipment,Head,3104,Mask of the Water God
Equipment,Head,3105,Helm of Malice
Equipment,Head,3112,Desert Helm
Equipment,Head,3121,Covert Cowl
Equipment,Head,3126,Circlet
Equipment,Head,3149,Earthen Crest Headcloth
Equipment,Head,3150,Earthen Crest Helm
Equipment,Head,3151,Earthen Crest Heavy Helm
Equipment,Head,3156,Aquatic Blue Headcloth
Equipment,Head,3157,Aquatic Blue Helm
Equipment,Head,3158,Aquatic Blue Heavy Helm
Equipment,Head,3163,Red Fired Headcloth
Equipment,Head,3164,Red Fired Helm
Equipment,Head,3165,Red Fired Heavy Helm
Equipment,Head,3170,Verdant Breeze Headcloth
Equipment,Head,3171,Verdant Breeze Helm
Equipment,Head,3172,Verdant Breeze Heavy Helm
Equipment,Head,3178,Headcloth of the Light Spirit
Equipment,Head,3179,Helm of the Light Spirit
Equipment,Head,3180,Heavy Helm of the Light Spirit
Equipment,Head,3184,Umbral Headcloth
Equipment,Head,3185,Umbral Helm
Equipment,Head,3189,Umbral Heavy Helmet
Equipment,Head,3193,Phantom Shadow Cowl
Equipment,Head,3200,Light Helmet of Separation
Equipment,Head,3202,Hound Mask
Equipment,Head,3209,? ? ? ?
Equipment,Head,3210,? ? ? ?
Equipment,Head,3211,? ? ? ?
Equipment,Head,3212,? ? ? ?
Equipment,Head,3213,Snow Wolf Trapper Hat
Equipment,Head,3214,Great Snow Wolf Trapper Hat
Equipment,Head,3215,? ? ? ?
Equipment,Head,3216,? ? ? ?
Equipment,Head,3217,? ? ? ?
Equipment,Head,3218,? ? ? ?
Equipment,Head,3219,? ? ? ?
Equipment,Head,3220,? ? ? ?
Equipment,Head,3221,? ? ? ?
Equipment,Head,3222,? ? ? ?
Equipment,Head,3223,? ? ? ?
Equipment,Head,Ex.,Glasses of Calm
Equipment,Head,Ex.,Winterthorn Wreath
Equipment,Head,Ex.,Direbear Hat
Equipment,Head,Ex.,Star Wolf Helmet
Equipment,Head,Ex.,Skeleton Lady's Hat
Equipment,Head,Ex.,Prediction Hood
Equipment,Head,Ex.,Serpent God Veil
Equipment,Head,Ex.,Peony Hair Ornament
Equipment,Body,3006,Worn-Out Light Armor
Equipment,Body,3007,Worn-Out Heavy Armor
Equipment,Body,3013,Cloth Robe
Equipment,Body,3021,Bronze Light Armor
Equipment,Body,3022,Bronze Heavy Armor
Equipment,Body,3030,Leather Robe
Equipment,Body,3037,Iron Light Armor
Equipment,Body,3038,Iron Heavy Armor
Equipment,Body,3046,Beastskin Robe
Equipment,Body,3053,Steel Light Armor
Equipment,Body,3054,Steel Heavy Armor
Equipment,Body,3062,Scaly Leather Robe
Equipment,Body,3069,Ebonsteel Light Armor
Equipment,Body,3070,Ebonsteel Heavy Armor
Equipment,Body,3078,Veil Robe
Equipment,Body,3085,? ? ? ?
Equipment,Body,3086,Exorcism Leather
Equipment,Body,3092,Ornate Leather Armor
Equipment,Body,3093,Royal Knight's Armor
Equipment,Body,3096,Viking Armor
Equipment,Body,3098,Mage's Robe
Equipment,Body,3106,Silver Embroidered Robe
Equipment,Body,3113,Desert Mail
Equipment,Body,3115,Exorcism Gown
Equipment,Body,3116,Exorcism Mail
Equipment,Body,3117,Exorcism Plate
Equipment,Body,3127,Manafont Robe
Equipment,Body,3128,Holy Knight's Plate Mail
Equipment,Body,3152,Earthen Crest Robe
Equipment,Body,3153,Earthen Crest Mail
Equipment,Body,3154,Earthen Crest Heavy Mail
Equipment,Body,3159,Aquatic Blue Cloak
Equipment,Body,3160,Aquatic Blue Mail
Equipment,Body,3161,Aquatic Blue Heavy Mail
Equipment,Body,3166,Red Fired Cloak
Equipment,Body,3167,Red Fired Mail
Equipment,Body,3168,Red Fired Heavy Mail
Equipment,Body,3173,Verdant Breeze Cloak
Equipment,Body,3174,Verdant Breeze Mail
Equipment,Body,3175,Verdant Breeze Heavy Mail
Equipment,Body,3177,Cyclops's Sash
Equipment,Body,3181,Cloak of Light Spirit
Equipment,Body,3182,Mail of the Light Spirit
Equipment,Body,3183,Heavy Mail of the Light Spirit
Equipment,Body,3186,Umbral Cloak
Equipment,Body,3187,Umbral Mail
Equipment,Body,3188,Umbral Heavy Mail
Equipment,Body,3190,Covert Garb
Equipment,Body,3192,Faewood Light Armor
Equipment,Body,3194,Phantom Shadow Garb
Equipment,Body,3224,? ? ? ?
Equipment,Body,3225,? ? ? ?
Equipment,Body,3226,? ? ? ?
Equipment,Body,3227,? ? ? ?
Equipment,Body,3228,? ? ? ?
Equipment,Body,3229,? ? ? ?
Equipment,Body,3230,? ? ? ?
Equipment,Body,3231,? ? ? ?
Equipment,Body,3232,? ? ? ?
Equipment,Body,3233,? ? ? ?
Equipment,Body,3234,? ? ? ?
Equipment,Body,3235,? ? ? ?
Equipment,Body,3236,? ? ? ?
Equipment,Body,3237,? ? ? ?
Equipment,Body,3238,? ? ? ?
Equipment,Body,3263,? ? ? ?
Equipment,Body,Ex.,Blood Red Shinobi Attire
Equipment,Body,Ex.,Vorpal Coat
Equipment,Body,Ex.,Sacred Healer's Vestments
Equipment,Body,Ex.,Lord of the Deep Forest's Thief Garb
Equipment,Body,Ex.,Comfort of the Endless Rain
Equipment,Body,Ex.,Breastplate of Hope
Equipment,Body,Ex.,Sooty Cloth
Equipment,Body,Ex.,Master's Armor
Equipment,Body,Ex.,Lionheart Plate
Equipment,Body,Ex.,Floral Uchikake
Equipment,Body,Ex.,Robe of the Millenium
Equipment,Body,Ex.,Vestments of the Divine Grace
Equipment,Body,Ex.,Crimson Blossom Domaru Cuirass
Equipment,Body,Ex.,Heavy Armor of Bloodrage
Equipment,Hands,179,Light Gauntlets of the Hundredfold Blossom
Equipment,Hands,3008,Worn-Out Light Gauntlets
Equipment,Hands,3009,Worn-Out Heavy Gauntlets
Equipment,Hands,3014,Cloth Gloves
Equipment,Hands,3023,Bronze Light Gauntlets
Equipment,Hands,3024,Bronze Heavy Gauntlets
Equipment,Hands,3031,Leather Gloves
Equipment,Hands,3039,Iron Light Gauntlets
Equipment,Hands,3040,Iron Heavy Gauntlets
Equipment,Hands,3047,Beastskin Gloves
Equipment,Hands,3055,Steel Light Gauntlets
Equipment,Hands,3056,Steel Heavy Gauntlets
Equipment,Hands,3063,Scaly Leather Gloves
Equipment,Hands,3071,Ebonsteel Light Gauntlets
Equipment,Hands,3072,Ebonsteel Heavy Gauntlets
Equipment,Hands,3079,Veil Gloves
Equipment,Hands,3082,Old-Fashioned Gloves
Equipment,Hands,3087,Mineral Gloves
Equipment,Hands,3107,Thieves' Gloves
Equipment,Hands,3108,Bloodstained Gloves
Equipment,Hands,3109,Firesmith's Gauntlets
Equipment,Hands,3110,Featherbronze Gauntlets
Equipment,Hands,3118,Wilderness Gloves
Equipment,Hands,3119,Wilderness Guard
Equipment,Hands,3120,Wilderness Gauntlets
Equipment,Hands,3122,Covert Arm Wraps
Equipment,Hands,3129,Grave Robber's Gloves
Equipment,Hands,3195,Phantom Shadow Arm Wraps
Equipment,Hands,3201,Light Gauntlets of Separation
Equipment,Hands,3239,? ? ? ?
Equipment,Hands,3240,? ? ? ?
Equipment,Hands,3241,? ? ? ?
Equipment,Hands,3242,? ? ? ?
Equipment,Hands,3243,? ? ? ?
Equipment,Hands,3244,Calm Wind Stun Guard
Equipment,Hands,3245,? ? ? ?
Equipment,Hands,3246,? ? ? ?
Equipment,Hands,3265,? ? ? ?
Equipment,Hands,3267,? ? ? ?
Equipment,Hands,Ex.,Clearwater Light Gauntlets
Equipment,Hands,Ex.,Droplet Catchers
Equipment,Hands,Ex.,Praying Mantis Gloves
Equipment,Hands,Ex.,Pyrite Armguard
Equipment,Hands,Ex.,Red Spinner Woman Spellwoven Cloth
Equipment,Hands,Ex.,Skeleton Lady's Gloves
Equipment,Feet,3010,Worn-Out Light Armor Boots
Equipment,Feet,3011,Worn-Out Heavy Armor Boots
Equipment,Feet,3015,Cloth Shoes
Equipment,Feet,3025,Bronze Light Armor Boots
Equipment,Feet,3026,Bronze Heavy Armor Boots
Equipment,Feet,3032,Leather Shoes
Equipment,Feet,3041,Iron Light Armor Boots
Equipment,Feet,3042,Iron Heavy Armor Boots
Equipment,Feet,3048,Beastskin Shoes
Equipment,Feet,3057,Steel Light Armor Boots
Equipment,Feet,3058,Steel Heavy Armor Boots
Equipment,Feet,3064,Scaly Leather Shoes
Equipment,Feet,3073,Ebonsteel Light Armor Boots
Equipment,Feet,3074,Ebonsteel Heavy Armor Boots
Equipment,Feet,3080,Veil boots
Equipment,Feet,3088,Thieves' Boots
Equipment,Feet,3111,Light Sandals
Equipment,Feet,3114,Desert Greaves
Equipment,Feet,3130,Elegant Dancer
Equipment,Feet,3191,Covert Ninja Tabi
Equipment,Feet,3196,Phantom Shadow Ninja Tabi
Equipment,Feet,3197,Heat Haze Light Armor Boots
Equipment,Feet,3247,? ? ? ?
Equipment,Feet,3248,? ? ? ?
Equipment,Feet,3249,? ? ? ?
Equipment,Feet,3250,? ? ? ?
Equipment,Feet,3251,? ? ? ?
Equipment,Feet,3252,? ? ? ?
Equipment,Feet,3253,? ? ? ?
Equipment,Feet,3264,? ? ? ?
Equipment,Feet,3266,? ? ? ?
Equipment,Feet,Ex.,Renegade's Sabatons
Equipment,Feet,Ex.,Star Wolf Light Armor Boots
Equipment,Feet,Ex.,Charm Boots
Equipment,Feet,Ex.,Blood Red Kyahan
Equipment,Feet,Ex.,Shoes of the Swaying Grains
Equipment,Feet,Ex.,Clearwater Light Armor Boots
Equipment,Feet,Ex.,Ashbone Light Armor Boots
Equipment,Feet,Ex.,Greaves of Valor
Equipment,Feet,Ex.,High Boots of the Winter Night
Equipment,Feet,Ex.,Boots of the First Wind
Equipment,Accessories,177,Bracelet of Sealed Battle
Equipment,Accessories,180,Ring of Spellbreaking
Equipment,Accessories,3016,Stone Ring
Equipment,Accessories,3027,Bronze Ring
Equipment,Accessories,3043,Iron Ring
Equipment,Accessories,3059,Steel Ring
Equipment,Accessories,3075,Ebonsteel Ring
Equipment,Accessories,3131,Ring of Resistance
Equipment,Accessories,3132,Tattered Doll
Equipment,Accessories,3133,Bracelet of Impurity
Equipment,Accessories,3134,Bracelet of Urgency
Equipment,Accessories,3135,Undead Ward
Equipment,Accessories,3136,Rabbit's Tail
Equipment,Accessories,3137,Searcher Ring
Equipment,Accessories,3138,Ring of the Warrior Princess
Equipment,Accessories,3139,Protection Charm
Equipment,Accessories,3140,Bracelet of Battle
Equipment,Accessories,3141,Melgina's Choker
Equipment,Accessories,3142,Octonarus's Necklace
Equipment,Accessories,3143,Goatskin Cloak
Equipment,Accessories,3144,Skull Necklace
Equipment,Accessories,3145,Royal Herald Amulet
Equipment,Accessories,3146,Pearl of the Sea God
Equipment,Accessories,3147,Enemy Spyglass
Equipment,Accessories,3148,Goddess's Earrings
Equipment,Accessories,3155,Earthen Crest Amulet
Equipment,Accessories,3162,Aquatic Blue Amulet
Equipment,Accessories,3169,Red Fired Amulet
Equipment,Accessories,3176,Verdant Breeze Amulet
Equipment,Accessories,3198,Master Fighter's Ring
Equipment,Accessories,3199,Master Mage's Ring
Equipment,Accessories,3203,Master Ring
Equipment,Accessories,3204,Master Knight's Ring
Equipment,Accessories,3254,? ? ? ?
Equipment,Accessories,3255,? ? ? ?
Equipment,Accessories,3256,? ? ? ?
Equipment,Accessories,3257,? ? ? ?
Equipment,Accessories,3258,? ? ? ?
Equipment,Accessories,3259,? ? ? ?
Equipment,Accessories,3260,? ? ? ?
Equipment,Accessories,Ex.,Ring of Vengeance
Equipment,Accessories,Ex.,Saintess's Ring
Equipment,Accessories,Ex.,Knight's Cloak
Equipment,Accessories,Ex.,Safety Ring
Equipment,Accessories,Ex.,Trollkin Ring
Equipment,Accessories,Ex.,Lord of the Deep's Forest Ring
Equipment,Accessories,Ex.,Old Perch
Equipment,Accessories,Ex.,Dreamblossom Ornament
Equipment,Accessories,Ex.,Dream-Cutting Scissors
Equipment,Accessories,Ex.,Ring of Torment Purging
Equipment,Accessories,Ex.,Quiver of the Ironwood Kin
Monsters,Monsters,1,Goblin
Monsters,Monsters,2,Hobgoblin
Monsters,Monsters,3,Goblin Archer
Monsters,Monsters,4,Goblin Mage
Monsters,Monsters,5,Goblin Cleric
Monsters,Monsters,6,Bandit
Monsters,Monsters,7,Slime
Monsters,Monsters,8,Abyssal Insect
Monsters,Monsters,9,Gas Cloud
Monsters,Monsters,10,Vorpal Bunny
Monsters,Monsters,11,Skeleton Lady's Gloves
Monsters,Monsters,12,Skeleton Archer
Monsters,Monsters,13,Skeleton Mage
Monsters,Monsters,14,Skeleton Knight
Monsters,Monsters,15,Flying Sword
Monsters,Monsters,16,Mimic
Monsters,Monsters,17,Cursed Sack Doll
Monsters,Monsters,18,Novice Fighter
Monsters,Monsters,19,Novice Beast Thief
Monsters,Monsters,20,Novice Dwarf Priest
Monsters,Monsters,21,Novice Elf Mage
Monsters,Monsters,22,Ruffian
Monsters,Monsters,23,Snippy Adventurer
Monsters,Monsters,24,Red Spinner Woman
Monsters,Monsters,25,Sahuagin
Monsters,Monsters,26,Sahuagin Archer
Monsters,Monsters,27,Sahuagin Mage
Monsters,Monsters,28,Water Slime
Monsters,Monsters,29,Big Slime
Monsters,Monsters,30,Creeping Crud
Monsters,Monsters,31,Creeping Coin
Monsters,Monsters,32,Lizardman
Monsters,Monsters,33,Lizardman Champion
Monsters,Monsters,34,Footpad
Monsters,Monsters,35,Minotaur
Monsters,Monsters,36,Succubus
Monsters,Monsters,37,Pirate Berserker
Monsters,Monsters,38,Pirate Deacon
Monsters,Monsters,39,Average Elf Fighter
Monsters,Monsters,40,Average Dwarf Fighter
Monsters,Monsters,41,Average Thief
Monsters,Monsters,42,Average Mage
Monsters,Monsters,43,Average Knight
Monsters,Monsters,44,Pixie
Monsters,Monsters,45,Air Entity
Monsters,Monsters,46,Forest Hawk
Monsters,Monsters,47,Desert Insect
Monsters,Monsters,48,Lesser Demon
Monsters,Monsters,49,Greater Demon
Monsters,Monsters,50,? ? ? ?
Monsters,Monsters,51,Earth Pixie
Monsters,Monsters,52,? ? ? ?
Monsters,Monsters,53,? ? ? ?
Monsters,Monsters,54,Dragon Fly
Monsters,Monsters,55,Desert Fly
Monsters,Monsters,56,? ? ? ?
Monsters,Monsters,57,Chimera
Monsters,Monsters,58,Gorgon
Monsters,Monsters,59,Necromancer
Monsters,Monsters,60,Poltergeist
Monsters,Monsters,61,Wight
Monsters,Monsters,62,Zkeleton Giant
Monsters,Monsters,63,? ? ? ?
Monsters,Monsters,64,Sand Apparition
Monsters,Monsters,65,Green Goblin
Monsters,Monsters,66,Green Goblin Archer
Monsters,Monsters,67,Air Abyssal Insect
Monsters,Monsters,68,Air Bandit
Monsters,Monsters,69,Air Flying Sword
Monsters,Monsters,70,Air Vorpal Bunny
Monsters,Monsters,71,Air Lizardman
Monsters,Monsters,72,Air Lizardman Champion
Monsters,Monsters,73,Air Pixie
Monsters,Monsters,74,Air Dragon Fly
Monsters,Monsters,75,Red Goblin
Monsters,Monsters,76,Red Goblin Archer
Monsters,Monsters,77,Red Goblin Mage
Monsters,Monsters,78,Red Goblin Cleric
Monsters,Monsters,79,Red Hobgoblin
Monsters,Monsters,80,Fire Slime
Monsters,Monsters,81,Volcano Insect
Monsters,Monsters,82,Fire Cloud
Monsters,Monsters,83,Fire Pixie
Monsters,Monsters,84,Fire Entity
Monsters,Monsters,85,Flame Fly
Monsters,Monsters,86,Volcano Hawk
Monsters,Monsters,87,Earth Hobgoblin
Monsters,Monsters,88,Earth Slime
Monsters,Monsters,89,Earth Entity
Monsters,Monsters,90,? ? ? ?
Monsters,Monsters,91,? ? ? ?
Monsters,Monsters,92,? ? ? ?
Monsters,Monsters,93,? ? ? ?
Monsters,Monsters,94,? ? ? ?
Monsters,Monsters,95,? ? ? ?
Monsters,Monsters,96,? ? ? ?
Monsters,Monsters,97,? ? ? ?
Monsters,Monsters,98,? ? ? ?
Monsters,Monsters,99,? ? ? ?
Monsters,Monsters,100,? ? ? ?
Monsters,Monsters,101,? ? ? ?
Monsters,Monsters,102,? ? ? ?
Monsters,Monsters,103,? ? ? ?
Monsters,Monsters,104,? ? ? ?
Monsters,Monsters,105,? ? ? ?
Monsters,Monsters,106,? ? ? ?
Monsters,Monsters,107,? ? ? ?
Monsters,Monsters,108,? ? ? ?
Monsters,Monsters,109,? ? ? ?
Monsters,Monsters,110,? ? ? ?
Monsters,Monsters,111,Ninja
Monsters,Monsters,112,Indigo Ninja
Monsters,Monsters,113,Amber Ninja
Monsters,Monsters,114,Elite Hobgoblin
Monsters,Monsters,115,Zealot Bandit
Monsters,Monsters,116,Earth Gas Cloud
Monsters,Monsters,117,? ? ? ?
Monsters,Monsters,118,? ? ? ?
Monsters,Monsters,119,? ? ? ?
Monsters,Monsters,120,? ? ? ?
Monsters,Monsters,121,Earth Creeping Coins
Monsters,Monsters,122,Earth Sahuagin
Monsters,Monsters,123,Earth Sahuagin Archer
Monsters,Monsters,124,? ? ? ?
Monsters,Monsters,125,? ? ? ?
Monsters,Monsters,126,? ? ? ?
Monsters,Monsters,127,Earth Big Slime
Monsters,Monsters,128,? ? ? ?
Monsters,Monsters,129,? ? ? ?
Monsters,Monsters,130,? ? ? ?
Monsters,Monsters,131,? ? ? ?
Monsters,Monsters,132,Zealot Fighter
Monsters,Monsters,133,Zealot Dwarf Fighter
Monsters,Monsters,134,Zealot Elf Fighter
Monsters,Monsters,135,? ? ? ?
Monsters,Monsters,136,Ashen-Faced Adventurer
Monsters,Monsters,137,? ? ? ?
Monsters,Monsters,138,? ? ? ?
Monsters,Monsters,139,? ? ? ?
Monsters,Monsters,140,Zealot Beastfolk Thief
Monsters,Monsters,141,Zealot Thief
Monsters,Monsters,142,? ? ? ?
Monsters,Monsters,143,Arena Rival Hunter
Monsters,Monsters,144,Zealot Dwarf Priest
Monsters,Monsters,145,Zealot Elf Mage
Monsters,Monsters,146,Zealot Mage
Monsters,Monsters,147,? ? ? ?
Monsters,Monsters,148,? ? ? ?
Monsters,Monsters,149,? ? ? ?
Monsters,Monsters,150,? ? ? ?
Monsters,Monsters,151,Ninja
Monsters,Monsters,152,Red Hobgoblin Leader
Monsters,Monsters,153,? ? ? ?
Monsters,Monsters,154,? ? ? ?
Monsters,Monsters,155,? ? ? ?
Monsters,Monsters,156,? ? ? ?
Monsters,Monsters,157,? ? ? ?
Monsters,Monsters,158,? ? ? ?
Monsters,Monsters,159,? ? ? ?
Monsters,Monsters,160,? ? ? ?
Monsters,Monsters,161,? ? ? ?
Monsters,Monsters,162,? ? ? ?
Monsters,Monsters,163,? ? ? ?
Monsters,Monsters,164,? ? ? ?
Monsters,Monsters,165,? ? ? ?
Monsters,Monsters,166,? ? ? ?
Monsters,Monsters,167,? ? ? ?
Monsters,Monsters,168,? ? ? ?
Monsters,Monsters,169,? ? ? ?
Monsters,Monsters,170,? ? ? ?
Monsters,Monsters,171,? ? ? ?
Monsters,Monsters,172,? ? ? ?
Monsters,Monsters,173,? ? ? ?
Monsters,Monsters,174,? ? ? ?
Monsters,Monsters,176,? ? ? ?
Monsters,Monsters,177,? ? ? ?
Monsters,Monsters,178,? ? ? ?
Monsters,Monsters,179,? ? ? ?
Monsters,Monsters,180,? ? ? ?
Monsters,Monsters,181,? ? ? ?
Monsters,Monsters,182,? ? ? ?
Monsters,Monsters,183,? ? ? ?
Monsters,Monsters,184,? ? ? ?
Monsters,Monsters,185,? ? ? ?
Monsters,Monsters,186,? ? ? ?
Monsters,Monsters,187,? ? ? ?
Monsters,Monsters,188,? ? ? ?
Monsters,Monsters,189,? ? ? ?
Monsters,Monsters,190,? ? ? ?
Monsters,Monsters,191,? ? ? ?
Monsters,Monsters,192,? ? ? ?
Monsters,Monsters,193,? ? ? ?
Monsters,Key Monsters,1001,Scorpion Woman
Monsters,Key Monsters,1002,Ruffian Boss
Monsters,Key Monsters,1003,Gluttonous Maw
Monsters,Key Monsters,1004,Knight-Butcher Ent
Monsters,Key Monsters,1005,Helmut
Monsters,Key Monsters,1006,Plague Crewman
Monsters,Key Monsters,1007,Oar Collector
Monsters,Key Monsters,1008,Songstress Marin
Monsters,Key Monsters,1009,Melgina
Monsters,Key Monsters,1010,Octonarus
Monsters,Key Monsters,1011,Hydra Plant
Monsters,Key Monsters,1012,Giant Monster Bird
Monsters,Key Monsters,1013,Necrocore
Monsters,Key Monsters,1014,? ? ? ?
Monsters,Key Monsters,1015,? ? ? ?
Monsters,Key Monsters,1016,? ? ? ?
Monsters,Key Monsters,1017,? ? ? ?
Monsters,Key Monsters,1018,? ? ? ?
Monsters,Key Monsters,1019,? ? ? ?
Monsters,Key Monsters,1020,? ? ? ?
Monsters,Key Monsters,1021,? ? ? ?
Monsters,Key Monsters,1022,? ? ? ?
Monsters,Key Monsters,1023,? ? ? ?
Monsters,Key Monsters,1024,? ? ? ?
Monsters,Key Monsters,1025,? ? ? ?
Monsters,Key Monsters,1026,? ? ? ?
Monsters,Key Monsters,1028,? ? ? ?
Monsters,Key Monsters,1029,? ? ? ?
Monsters,Key Monsters,1030,? ? ? ?
Monsters,Key Monsters,1031,? ? ? ?
Monsters,Key Monsters,1032,Seigen
Monsters,Key Monsters,1033,? ? ? ?
Monsters,Key Monsters,Ex,Fire Dragon