StartingRow,StartLoc,Type,CompendiumNumber,ItemName,Rank,ArmorType,$Buy,$Sell,ATK0,MAG0,DIV0,DEF0,MDEF0,ASPD0,ACC0,SUR0,EVA0,RES0,ATK5,MAG5,DIV5,DEF5,MDEF5,ASPD5,ACC5,SUR5,EVA5,RES5,ATK10,MAG10,DIV10,DEF10,MDEF10,ASPD10,ACC10,SUR10,EVA10,RES10,ATK15,MAG15,DIV15,DEF15,MDEF15,ASPD15,ACC15,SUR15,EVA15,RES15,ATK20,MAG20,DIV20,DEF20,MDEF20,ASPD20,ACC20,SUR20,EVA20,RES20,Effects/Special
2,Head!A2,Head,3081,Old-Fashioned Hood,Worn,Cloth,,14,0,0,0,1,0,0,0,0,0,2,,,,,,,,,,,,,,,,,,,,,,,,,,,,,,,,,,,,,,,,,
999,Head!A999,Head,,,,,,,,,,,,,,,,,,,,,,,,,,,,,,,,,,,,,,,,,,,,,,,,,,,,,,,,,
14,Head!A14,Head,3004,Worn-Out Light Helmet,Worn,Light,,16,0,0,0,2,0,-1,-2,0,-2,4,0,0,0,5,0,-1,-2,0,-2,6,,,,,,,,,,,,,,,,,,,,,,,,,,,,,,,
20,Head!A20,Head,,Worn-Out Heavy Helmet,Worn,Light,,19,0,0,0,3,0,-2,-2,0,-4,4,0,0,0,6,0,-2,-2,0,-4,6,,,,,,,,,,,,,,,,,,,,,,,,,,,,,,,
26,Head!A26,Head,3029,Leather Hat,Bronze,Cloth,340,54,0,0,0,2,0,0,0,0,0,4,0,0,0,5,0,0,0,0,0,6,,,,,,,,,,,,,,,,,,,,,,,,,,,,,,,
32,Head!A32,Head,3084,Feathered Hat,Bronze,Cloth,,68,0,3,3,2,0,0,0,0,0,0,0,3,3,5,0,0,0,0,0,2,,,,,,,,,,,,,,,,,,,,,,,,,,,,,,,
38,Head!A38,Head,3019,Bronze Light Helmet,Bronze,Light,400,64,0,0,0,4,0,-1,-2,0,-2,4,,,,,,,,,,,,,,,,,,,,,,,,,,,,,,,,,,,,,,,,,
44,Head!A44,Head,3020,Bronze Heavy Helmet,Bronze,Heavy,470,75,0,0,0,6,0,-2,-2,0,-4,4,0,0,0,9,0,-2,-2,0,-4,6,,,,,,,,,,,,,,,,,,,,,,,,,,,,,,,
50,Head!A50,Head,3045,Beastskin Hat,Iron,Cloth,1020,163,0,0,0,3,0,0,0,0,0,4,0,0,0,6,0,0,0,0,0,6,0,0,0,10,0,0,0,0,0,10,0,0,0,13,0,0,0,0,0,13,0,0,0,17,0,0,0,0,0,18,
56,Head!A56,Head,,Silver Embroidered Hat,Iron,Cloth,,,0,0,0,3,2,0,0,0,0,4,,,,,,,,,,,,,,,,,,,,,,,,,,,,,,,,,,,,,,,,,
62,Head!A62,Head,3090,Plague Mask,Iron,Cloth,,261,0,0,0,3,0,0,0,0,0,4,,,,,,,,,,,0,0,0,10,0,0,0,0,0,10,,,,,,,,,,,,,,,,,,,,,Poison/Paralysis/Stun Tolerance
68,Head!A68,Head,3035,Iron Light Helmet,Iron,Light,1200,192,0,0,0,6,0,-1,-2,0,-2,4,0,0,0,9,0,-1,-2,0,-2,6,0,0,0,13,0,-1,-2,0,-2,10,,,,,,,,,,,,,,,,,,,,,
74,Head!A74,Head,3036,Iron Heavy Helmet,Iron,Heavy,1410,226,0,0,0,9,0,-2,-2,0,-4,4,0,0,0,12,0,-2,-2,0,-4,6,,,,,,,,,,,,,,,,,,,,,,,,,,,,,,,
80,Head!A80,Head,3061,Scaly Leather Hat,Steel,Cloth,,326,0,0,0,5,0,0,0,0,0,4,0,0,0,9,0,0,0,0,0,8,,,,,,,,,,,,,,,,,,,,,0,0,0,21,0,0,0,0,0,20,
86,Head!A86,Head,3097,Mage's Hood,Steel,Cloth,10200,2040,0,4,0,5,4,0,0,0,0,2,0,6,0,9,6,0,0,0,0,6,0,7,0,13,7,0,0,0,0,10,,,,,,,,,,,0,9,0,21,9,0,0,0,0,18,
92,Head!A92,Head,3149,Earthen Crest Headcloth,Steel,Cloth,,408,0,0,0,4,0,0,0,0,4,4,0,0,0,8,0,0,0,0,4,8,,,,,,,,,,,,,,,,,,,,,,,,,,,,,,,Water Type Reduction
98,Head!A98,Head,,Aquatic Blue Headcloth,Steel,Cloth,,,0,0,0,4,0,0,0,0,4,4,0,0,0,8,0,0,0,0,4,8,,,,,,,,,,,,,,,,,,,,,0,0,0,20,0,0,0,0,4,20,Fire Type Reduction
104,Head!A104,Head,,Verdant Breeze Headcloth,Steel,Cloth,,,0,0,0,4,0,0,0,0,4,4,0,0,0,8,0,0,0,0,4,8,,,,,,,,,,,,,,,,,,,,,,,,,,,,,,,Earth Type Reduction
110,Head!A110,Head,,_fire type_ Headcloth,Steel,Cloth,,,0,0,0,4,0,0,0,0,4,4,0,0,0,8,0,0,0,0,4,8,,,,,,,,,,,,,,,,,,,,,,,,,,,,,,,Air Type Reduction
116,Head!A116,Head,3051,Steel Light Helmet,Steel,Light,,384,0,0,0,9,0,-1,-2,0,-2,4,0,0,0,13,0,-1,-2,0,-2,8,0,0,0,17,0,-1,-2,0,-2,12,,,,,,,,,,,0,0,0,25,0,-1,-2,0,-2,20,
122,Head!A122,Head,3105,Helm of Malice,Steel,Light,,614,0,0,0,9,0,-1,-2,0,-2,4,,,,,,,,,,,0,0,0,17,0,-1,-2,0,-2,12,,,,,,,,,,,,,,,,,,,,,Insta-kill Resistance
128,Head!A128,Head,3095,Viking Helm,Steel,Light,12000,2400,0,0,0,8,0,-1,-2,0,4,4,,,,,,,,,,,,,,,,,,,,,,,,,,,,,,,,,,,,,,,,,
134,Head!A134,Head,3150,Earthen Crest Helm,Steel,Light,,480,0,0,8,0,0,-1,-2,0,4,4,0,0,0,12,0,-1,-2,0,4,8,,,,,,,,,,,,,,,,,,,,,,,,,,,,,,,Water Type Reduction
140,Head!A140,Head,,Aquatic Blue Helm,Steel,Light,,480,0,0,8,0,0,-1,-2,0,4,4,0,0,0,12,0,-1,-2,0,4,8,,,,,,,,,,,,,,,,,,,,,,,,,,,,,,,Fire Type Reduction
146,Head!A146,Head,,Verdant Breeze Helm,Steel,Light,,480,0,0,8,0,0,-1,-2,0,4,4,0,0,0,12,0,-1,-2,0,4,8,,,,,,,,,,,,,,,,,,,,,,,,,,,,,,,Earth Type Reduction
152,Head!A152,Head,,Crimson Helm,Steel,,,480,0,0,8,0,0,-1,-2,0,4,4,0,0,0,12,0,-1,-2,0,4,8,,,,,,,,,,,,,,,,,,,,,,,,,,,,,,,Air Type Reduction
158,Head!A158,Head,3052,Steel Heavy Helmet,Steel,Heavy,,451,0,0,0,14,0,-2,-2,0,-4,4,0,0,0,18,0,-2,-2,0,-4,8,0,0,0,22,0,-2,-2,0,-4,12,,,,,,,,,,,,,,,,,,,,,
164,Head!A164,Head,3151,Earthen Crest Heavy Helm,Steel,Heavy,,564,0,0,0,13,0,-2,-2,0,2,4,0,0,0,17,0,-2,-2,0,2,8,,,,,,,,,,,,,,,,,,,,,,,,,,,,,,,Water Type Reduction
170,Head!A170,Head,3158,Aquatic Blue Heavy Helm,Steel,Heavy,,564,0,0,0,13,0,-2,-2,0,2,4,0,0,0,17,0,-2,-2,0,2,8,,,,,,,,,,,,,,,,,,,,,,,,,,,,,,,Fire Type Reduction
176,Head!A176,Head,,Verdant Breeze Heavy Helm,Steel,Heavy,,564,0,0,0,13,0,-2,-2,0,2,4,0,0,0,17,0,-2,-2,0,2,8,,,,,,,,,,,,,,,,,,,,,,,,,,,,,,,Earth Type Reduction
182,Head!A182,Head,,Crimson Heavy Helm,Steel,Heavy,,564,0,0,0,13,0,-2,-2,0,2,4,0,0,0,17,0,-2,-2,0,2,8,,,,,,,,,,,,,,,,,,,,,,,,,,,,,,,Wind Type Reduction
188,Head!A188,Head,,Ebonsteel Light Helmet,Ebonsteel,Light,,,,,,,,,,,,,0,0,0,19,0,-1,-2,0,-2,8,0,0,0,23,0,-1,-2,0,-2,13,0,0,0,28,0,-1,-2,0,-2,17,0,0,0,32,0,-1,-2,0,-2,22,
194,Head!A194,Head,,Ebonsteel Heavy Helmet,Ebonsteel,Heavy,,,,,,,,,,,,,,,,,,,,,,,,,,,,,,,,,,,,,,,,,,,0,0,0,38,0,-2,-2,0,-4,22,
200,Head!A200,Head,,Circlet,Ebonsteel,Cloth,,,0,4,0,6,4,0,0,0,0,2,,,,,,,,,,,0,4,0,15,7,,,,,,0,4,0,20,8,0,0,0,0,15,,,,,,,,,,,"Sleep, Confusion, Charm Tolerance"
206,Head!A206,Head,,Veil Hat,Ebonsteel,Cloth,,,,,,,,,,,,,,,,,,,,,,,,,,,,,,,,,,,,,,,,,,,0,0,0,26,0,0,0,0,0,23,
,,,,,,,,,,,,,,,,,,,,,,,,,,,,,,,,,,,,,,,,,,,,,,,,,,,,,,,,,,,
2,Shield!A2,Shield,,Worn-Out Small Shield,Worn,Cloth,,12,0,0,0,2,0,0,0,0,0,0,0,0,0,5,2,0,0,0,0,0,,,,,,,,,,,,,,,,,,,,,,,,,,,,,,,
8,Shield!A8,Shield,3002,Worn-Out Shield,Worn,Light,,16,0,0,0,3,0,0,0,0,0,0,0,0,0,6,2,0,0,0,0,0,,,,,,,,,,,,,,,,,,,,,,,,,,,,,,,
14,Shield!A14,Shield,3028,Leather Small Shield,Bronze,Cloth,310,50,0,0,0,3,0,0,0,0,0,0,,,,,,,,,,,,,,,,,,,,,,,,,,,,,,,,,,,,,,,,,
20,Shield!A20,Shield,3017,Bronze Shield,Bronze,Light,390,62,0,0,0,6,0,0,0,0,0,0,,,,,,,,,,,,,,,,,,,,,,,,,,,,,,,,,,,,,,,,,
26,Shield!A26,Shield,3018,Bronze Large Shield,Bronze,Heavy,490,78,0,0,0,9,0,-1,-2,0,-2,0,,,,,,,,,,,,,,,,,,,,,,,,,,,,,,,,,,,,,,,,,
32,Shield!A32,Shield,3044,Beastskin Small Shield,Iron,Cloth,930,149,0,0,0,5,0,0,0,0,0,0,0,0,0,8,2,0,0,0,0,0,0,0,0,12,6,0,0,0,0,0,0,0,0,15,9,0,0,0,0,0,,,,,,,,,,,
38,Shield!A38,Shield,3033,Iron Shield,Iron,Light,1170,187,0,0,0,9,0,0,0,0,0,0,0,0,0,12,2,0,0,0,0,0,0,0,0,16,6,0,0,0,0,0,0,0,0,19,9,0,0,0,0,0,,,,,,,,,,,
44,Shield!A44,Shield,3083,Heater Shield,Iron,Light,,50,0,0,0,6,0,0,0,0,2,0,,,,,,,,,,,,,,,,,,,,,,,,,,,,,,,,,,,,,,,,,
50,Shield!A50,Shield,3089,Royal Knight's Shield,Iron,Light,5850,1170,0,0,0,10,0,0,0,0,0,0,0,0,0,13,2,0,0,0,0,0,,,,,,,,,,,,,,,,,,,,,,,,,,,,,,,
56,Shield!A56,Shield,3034,Iron Large Shield,Iron,Heavy,1470,235,0,0,0,14,0,-1,-2,0,-2,0,0,0,0,17,2,-1,-2,0,-2,0,0,0,0,21,6,-1,-2,0,-2,0,0,0,0,24,9,-1,-2,0,-2,0,,,,,,,,,,,
62,Shield!A62,Shield,3060,Scaly Leather Small Shield,Steel,Cloth,,298,0,0,0,6,0,0,0,0,0,0,0,0,0,10,4,0,0,0,0,0,,,,,,,,,,,,,,,,,,,,,0,0,0,22,16,0,0,0,0,0,
68,Shield!A68,Shield,3099,Mage Shield,Steel,Cloth,,465,0,0,0,3,0,0,0,0,0,0,0,0,0,7,4,0,0,0,0,0,,,,,,,,,,,,,,,,,,,,,,,,,,,,,,,I.Q. Barrier
74,Shield!A74,Shield,3049,Steel Shield,Steel,Light,,374,0,0,0,12,0,0,0,0,0,0,0,0,0,16,4,0,0,0,0,0,,,,,,,,,,,,,,,,,,,,,,,,,,,,,,,
80,Shield!A80,Shield,3094,Viking Shield,Steel,Light,11700,2340,0,0,0,13,0,0,0,0,0,0,0,0,0,17,4,0,0,0,0,0,,,,,,,,,,,,,,,,,,,,,,,,,,,,,,,
86,Shield!A86,Shield,3100,Defender of the Faith,Steel,Light,,585,0,0,0,13,0,0,0,0,0,0,0,0,0,17,4,0,0,0,0,0,,,,,,,,,,,,,,,,,,,,,,,,,,,,,,,Piety Barrier
92,Shield!A92,Shield,3050,Steel Large Shield,Steel,Heavy,,470,0,0,0,18,0,-1,-2,0,-2,0,,,,,,,,,,,,,,,,,,,,,,,,,,,,,,,,,,,,,,,,,
98,Shield!A98,Shield,3103,Shield of the Covenant,Steel,Heavy,,735,0,0,0,19,0,-1,-2,0,-2,0,0,0,0,23,4,-1,-2,0,-2,2,0,0,0,27,8,-1,-2,0,-2,3,,,,,,,,,,,0,0,0,35,16,-1,-2,0,-2,5,
104,Shield!A104,Shield,,Ebonsteel Shield,Ebonsteel,Light,,,0,0,0,18,0,0,0,0,0,0,,,,,,,,,,,,,,,,,,,,,,,,,,,,,,,0,0,0,36,18,0,0,0,0,0,
110,Shield!A110,Shield,3124,Mauve Shield,Ebonsteel,Light,,975,0,0,0,15,0,0,0,0,0,0,0,0,0,20,4,0,0,0,0,0,,,,,,,,,,,,,,,,,,,,,,,,,,,,,,,Confusion Tolerance
116,Shield!A116,Shield,,Veil Shield ,Ebonsteel,Cloth,,,0,0,0,10,0,0,0,0,0,0,,,,,,,,,,,0,0,0,19,9,0,0,0,0,0,,,,,,,,,,,0,0,0,28,18,0,0,0,0,0,
,,,,,,,,,,,,,,,,,,,,,,,,,,,,,,,,,,,,,,,,,,,,,,,,,,,,,,,,,,,
2,Feet!A2,Feet,,Cloth Shoes,Worn,Cloth,,12,0,0,0,1,0,2,0,0,2,0,0,0,0,4,0,2,0,0,4,0,,,,,,,,,,,,,,,,,,,,,,,,,,,,,,,
8,Feet!A8,Feet,3010,Worn-Out Light Armor Boots,Worn,Light,,15,0,0,0,2,0,0,0,0,0,0,0,0,0,5,0,0,0,0,2,0,,,,,,,,,,,,,,,,,,,,,,,,,,,,,,,
14,Feet!A14,Feet,,Worn-Out Heavy Armor Boots,Worn,Heavy,,17,0,0,0,3,0,-1,0,0,-2,0,0,0,0,6,0,-1,0,0,0,0,,,,,,,,,,,,,,,,,,,,,,,,,,,,,,,
20,Feet!A20,Feet,3032,Leather Shoes,Bronze,Cloth,290,46,0,0,0,2,0,2,0,0,2,0,0,0,0,5,0,2,0,0,4,0,0,0,0,8,0,2,0,0,7,0,,,,,,,,,,,,,,,,,,,,,
26,Feet!A26,Feet,3088,Thieves' Boots,Bronze,Cloth,,58,0,0,0,2,0,2,4,0,4,0,0,0,0,5,0,2,6,0,6,0,0,0,0,8,0,2,7,0,10,0,,,,,,,,,,,0,0,0,14,0,2,9,0,18,0,
32,Feet!A32,Feet,3025,Bronze Light Armor Boots,Bronze,Light,370,59,0,0,0,3,0,0,0,0,0,0,0,0,0,6,0,0,0,0,2,0,,,,,,,,,,,,,,,,,,,,,,,,,,,,,,,
38,Feet!A38,Feet,3026,Bronze Heavy Armor Boots,Bronze,Heavy,430,69,0,0,0,5,0,-1,0,0,-2,0,0,0,0,8,0,-1,0,0,0,0,,,,,,,,,,,,,,,,,,,,,,,,,,,,,,,
44,Feet!A44,Feet,3048,Beastskin Shoes,Iron,Cloth,870,139,0,0,0,3,0,2,0,0,2,0,0,0,0,6,0,2,0,0,4,0,0,0,0,10,0,2,0,0,8,0,0,0,0,13,0,2,0,0,11,0,0,0,0,17,0,2,0,0,16,0,
50,Feet!A50,Feet,3041,Iron Light Armor Boots,Iron,Light,1110,178,0,0,0,4,0,0,0,0,0,0,0,0,0,7,0,0,0,0,2,0,0,0,0,11,0,0,0,0,6,0,,,,,,,,,,,0,0,0,18,0,0,0,0,14,0,
56,Feet!A56,Feet,3042,Iron Heavy Armor Boots,Iron,Heavy,1290,206,0,0,0,6,0,-1,0,0,-2,0,0,0,0,9,0,-1,0,0,0,0,0,0,0,13,0,-1,0,0,4,0,,,,,,,,,,,,,,,,,,,,,
62,Feet!A62,Feet,3064,Scaly Leather Shoes,Steel,Cloth,,278,0,0,0,5,0,2,0,0,2,0,0,0,0,9,0,2,0,0,6,0,,,,,,,,,,,,,,,,,,,,,0,0,0,21,0,2,0,0,18,0,
68,Feet!A68,Feet,3111,Light Sandals,Steel,Cloth,,348,0,0,0,5,0,8,0,0,8,0,0,0,0,9,0,10,0,0,12,0,,,,,,,,,,,,,,,,,,,,,,,,,,,,,,,
74,Feet!A74,Feet,3057,Steel Light Armor Boots,Steel,Light,,365,0,0,0,6,0,0,0,0,0,0,0,0,0,10,0,0,0,0,4,0,0,0,0,14,0,0,0,0,8,0,0,0,0,18,0,0,0,0,12,0,0,0,0,22,0,0,0,0,16,0,
80,Feet!A80,Feet,3058,Steel Heavy Armor Boots,Steel,Heavy,,413,0,0,0,9,0,-1,0,0,-2,0,0,0,0,13,0,-1,0,0,2,0,,,,,,,,,,,,,,,,,,,,,0,0,0,25,0,-1,0,0,14,0,
86,Feet!A86,Feet,,Veil boots,Ebonsteel,Light,,,0,0,0,8,0,2,0,0,2,0,0,0,0,13,0,2,0,0,6,0,,,,,,,,,,,,,,,,,,,,,0,0,0,26,0,2,0,0,20,0,
92,Feet!A92,Feet,,Ebonsteel Light Armor Boots,Ebonsteel,Light,,,0,0,0,10,0,0,0,0,0,0,,,,,,,,,,,0,0,0,19,0,0,0,0,9,0,0,0,0,24,0,0,0,0,13,0,0,0,0,28,0,0,0,0,18,0,
98,Feet!A98,Feet,,Charm Boots,Ebonsteel,Cloth,,,0,2,0,4,0,4,0,0,2,0,,,,,,,,,,,,,,,,,,,,,,,,,,,,,,,,,,,,,,,,,Flash of Insight
104,Feet!A104,Feet,,Blood Red Kyahan,,Cloth,,,0,0,0,3,0,5,0,0,3,0,,,,,,,,,,,0,0,0,8,0,8,0,0,8,0,,,,,,,,,,,,,,,,,,,,,
110,Feet!A110,Feet,,Phantom Shadow Ninja Tabi,,Cloth,,,0,0,0,3,0,3,0,0,1,0,,,,,,,,,,,,,,,,,,,,,,,,,,,,,,,,,,,,,,,,,
116,Feet!A116,Feet,,Covert Ninja Tabi,Ebonsteel,Cloth,,,0,0,0,4,0,3,0,0,1,0,,,,,,,,,,,0,0,0,10,0,3,0,0,7,0,,,,,,,,,,,,,,,,,,,,,
122,Feet!A122,Feet,,Heat Haze Light Armor Boots,Ebonsteel,Light,,,0,0,0,2,2,0,0,0,1,0,,,,,,,,,,,0,0,0,11,2,0,0,0,6,0,,,,,,,,,,,0,0,0,20,2,0,0,0,22,0,Confusion/Charm Tolerance
,,,,,,,,,,,,,,,,,,,,,,,,,,,,,,,,,,,,,,,,,,,,,,,,,,,,,,,,,,,
2,Hands!A2,Hands,3082,Old-Fashioned Gloves,Worn,Cloth,,12,0,0,0,1,0,0,0,0,0,0,0,0,0,4,0,0,2,0,0,0,,,,,,,,,,,,,,,,,,,,,,,,,,,,,,,
8,Hands!A8,Hands,,Cloth Gloves,Worn,Cloth,,12,0,0,0,1,0,0,2,0,0,0,0,0,0,4,0,0,4,0,0,0,,,,,,,,,,,,,,,,,,,,,,,,,,,,,,,
14,Hands!A14,Hands,3008,Worn-Out Light Gauntlets,Worn,Light,,14,0,0,0,2,0,0,0,0,0,0,0,0,0,5,0,0,2,0,0,0,,,,,,,,,,,,,,,,,,,,,,,,,,,,,,,
20,Hands!A20,Hands,,Worn-Out Heavy Gauntlets,Worn,Light,,18,0,0,0,3,0,0,-2,0,0,0,0,0,0,6,0,0,0,0,0,0,,,,,,,,,,,,,,,,,,,,,,,,,,,,,,,
26,Hands!A26,Hands,3031,Leather Gloves,Bronze,Cloth,290,46,0,0,0,2,0,0,2,0,0,0,0,0,0,5,0,0,4,0,0,0,0,0,0,8,0,0,7,0,0,0,,,,,,,,,,,,,,,,,,,,,
32,Hands!A32,Hands,3087,Mineral Gloves,Bronze,Cloth,,58,0,0,0,2,0,0,0,0,0,0,0,2,2,5,0,0,2,0,0,0,0,3,3,7,0,0,5,0,0,0,,,,,,,,,,,0,5,5,12,0,0,12,0,0,0,
38,Hands!A38,Hands,3023,Bronze Light Gauntlets,Bronze,Light,360,58,0,0,0,3,0,0,0,0,0,0,0,0,0,6,0,0,2,0,0,0,,,,,,,,,,,,,,,,,,,,,,,,,,,,,,,
44,Hands!A44,Hands,3024,Bronze Heavy Gauntlets,Bronze,Heavy,450,72,0,0,0,5,0,0,-2,0,0,0,0,0,0,8,0,0,0,0,0,0,,,,,,,,,,,,,,,,,,,,,,,,,,,,,,,
50,Hands!A50,Hands,3047,Beastskin Gloves,Iron,Cloth,870,139,0,0,0,3,0,0,2,0,0,0,0,0,0,6,0,0,4,0,0,0,0,0,0,10,0,0,8,0,0,0,0,0,0,13,0,0,11,0,0,0,0,0,0,17,0,0,16,0,0,0,
56,Hands!A56,Hands,3039,Iron Light Gauntlets,Iron,Light,1080,173,0,0,0,4,0,0,0,0,0,0,0,0,0,7,0,0,2,0,0,0,0,0,0,11,0,0,6,0,0,0,0,0,0,14,0,0,9,0,0,0,0,0,0,18,0,0,14,0,0,0,
62,Hands!A62,Hands,3040,Iron Heavy Gauntlets,Iron,Heavy,1350,216,0,0,0,6,0,0,-2,0,0,0,0,0,0,9,0,0,0,0,0,0,0,0,0,13,0,0,4,0,0,0,,,,,,,,,,,,,,,,,,,,,
68,Hands!A68,Hands,,Firesmith's Gauntlets,Iron,Heavy,,,0,0,0,6,0,0,0,0,0,0,,,,,,,,,,,,,,,,,,,,,,,,,,,,,,,0,0,0,22,0,0,16,0,0,0,Fire Type Reduction
74,Hands!A74,Hands,3063,Scaly Leather Gloves,Steel,Cloth,0,278,0,0,0,5,0,0,2,0,0,0,0,0,0,9,0,0,6,0,0,0,0,0,0,13,0,0,10,0,0,0,0,0,0,17,0,0,14,0,0,0,,,,,,,,,,,
80,Hands!A80,Hands,3055,Steel Light Gauntlets,Steel,Light,,346,0,0,0,6,0,0,0,0,0,0,0,0,0,10,0,0,4,0,0,0,0,0,0,14,0,0,8,0,0,0,,,,,,,,,,,,,,,,,,,,,
86,Hands!A86,Hands,3110,Featherbronze Gauntlets,Steel,Light,,553,0,0,0,4,-2,0,0,0,0,0,0,0,0,8,-2,0,4,0,0,0,0,0,0,12,-2,0,8,0,0,0,0,0,0,16,-2,0,12,0,0,0,0,0,0,20,-2,0,16,0,0,0,Bind Tolerance
92,Hands!A92,Hands,3056,Steel Heavy Gauntlets,Steel,Heavy,,432,0,0,0,9,0,0,-2,0,0,0,0,0,0,13,0,0,-2,0,0,0,,,,,,,,,,,,,,,,,,,,,0,0,0,25,0,0,14,0,0,0,
98,Hands!A98,Hands,,Phantom Shadow Arm Wraps,Steel,Cloth,,,,,,,,,,,,,,,,,,,,,,,,,,,,,,,,,0,0,0,10,0,1,9,0,2,0,,,,,,,,,,,
104,Hands!A104,Hands,,Ebonsteel Light Gauntlets,Ebonsteel,Light,,,0,0,0,10,0,0,0,0,0,0,,,,,,,,,,,,,,,,,,,,,,,,,,,,,,,,,,,,,,,,,
110,Hands!A110,Hands,,Ebonsteet Heavy Gauntlets,Ebonsteel,Heavy,,,0,0,0,14,0,0,-2,0,0,0,,,,,,,,,,,,,,,,,,,,,,,,,,,,,,,,,,,,,,,,,
116,Hands!A116,Hands,,Bloodstained Gloves,Ebonsteel,Cloth,,,0,0,0,6,0,0,0,0,0,0,,,,,,,,,,,,,,,,,,,,,,,,,,,,,,,,,,,,,,,,,Humanoid Resistance
122,Hands!A122,Hands,,Wilderness Gloves,Ebonsteel,Cloth,,,0,0,0,7,0,0,2,0,0,0,,,,,,,,,,,,,,,,,,,,,,,,,,,,,,,0,0,0,25,0,0,20,0,0,0,Magical Beast Resistance
128,Hands!A128,Hands,,Covert Arm Wraps,Ebonsteel,Cloth,,,0,0,0,3,0,1,1,0,1,0,,,,,,,,,,,,,,,,,,,,,,,,,,,,,,,0,0,0,24,0,1,22,0,6,0,
134,Hands!A134,Hands,,Veil Gloves ,Ebonsteel,Cloth,,,,,,,,,,,,,,,,,,,,,,,0,0,0,17,0,0,11,0,0,0,,,,,,,,,,,,,,,,,,,,,
,,,,,,,,,,,,,,,,,,,,,,,,,,,,,,,,,,,,,,,,,,,,,,,,,,,,,,,,,,,
2,Body!A2,Body,,Cloth Robe,Worn,Cloth,,18,0,0,0,3,0,0,0,0,0,0,0,0,0,8,3,0,0,0,0,0,,,,,,,,,,,,,,,,,,,,,,,,,,,,,,,
8,Body!A8,Body,3006,Worn-Out Light Armor,Worn,Light,,26,0,0,0,6,0,-1,-2,0,-2,0,0,0,0,11,3,-1,-2,0,-2,0,,,,,,,,,,,0,0,0,21,8,-1,-2,0,-2,0,,,,,,,,,,,
14,Body!A14,Body,,Worn-Out Heavy Armor,Worn,Heavy,,33,0,0,0,9,0,-2,-2,0,-4,0,0,0,0,14,3,-2,-2,0,-4,0,,,,,,,,,,,,,,,,,,,,,,,,,,,,,,,
20,Body!A20,Body,3030,Leather Robe,Bronze,Cloth,440,70,0,0,0,6,0,0,0,0,0,0,,,,,,,,,,,,,,,,,,,,,,,,,,,,,,,,,,,,,,,,,
26,Body!A26,Body,3021,Bronze Light Armor,Bronze,Light,655,105,0,0,0,12,0,-1,-2,0,-2,0,,,,,,,,,,,,,,,,,,,,,,,,,,,,,,,,,,,,,,,,,
32,Body!A32,Body,3086,Exorcism Leather,Bronze,Light,,210,0,0,0,11,5,-1,-2,0,-2,0,0,0,0,17,10,-1,-2,0,-2,0,,,,,,,,,,,,,,,,,,,,,,,,,,,,,,,
38,Body!A38,Body,3022,Bronze Heavy Armor,Bronze,Heavy,830,133,0,0,0,18,0,-2,-2,0,-4,0,,,,,,,,,,,,,,,,,,,,,,,,,,,,,,,,,,,,,,,,,
44,Body!A44,Body,3046,Beastskin Robe,Iron,Cloth,1320,211,0,0,0,9,0,0,0,0,0,0,0,0,0,17,5,0,0,0,0,0,,,,,,,,,,,,,,,,,,,,,0,0,0,39,18,0,0,0,0,0,
50,Body!A50,Body,3037,Iron Light Armor,Iron,Light,1965,314,0,0,0,18,0,-1,-2,0,-2,0,0,0,0,26,5,-1,-2,0,-2,0,,,,,,,,,,,0,0,0,41,14,-1,-2,0,-2,0,,,,,,,,,,,
56,Body!A56,Body,3092,Ornate Leather Armor,Iron,Light,,393,0,0,0,15,0,-1,-2,0,-2,4,0,0,0,26,5,-1,-2,0,-2,4,0,0,0,33,9,-1,-2,0,-2,4,,,,,,,,,,,,,,,,,,,,,
62,Body!A62,Body,,Royal Knight's Armor,Iron,Light,,,0,0,0,19,0,-1,-2,0,-2,0,,,,,,,,,,,,,,,,,,,,,,,,,,,,,,,,,,,,,,,,,
68,Body!A68,Body,3038,Iron Heavy Armor,Iron,Heavy,2490,398,0,0,0,27,0,-2,-2,0,-4,0,0,0,0,35,5,-2,-2,0,-4,0,,,,,,,,,,,,,,,,,,,,,,,,,,,,,,,
74,Body!A74,Body,3062,Scaly Leather Robe,Steel,Cloth,,422,0,0,0,12,0,0,0,0,0,0,0,0,0,21,5,0,0,0,0,0,0,0,0,29,11,0,0,0,0,0,0,0,0,38,16,0,0,0,0,0,0,0,0,47,22,0,0,0,0,0,
80,Body!A80,Body,3106,Silver Embroidered Robe,Steel,Cloth,6600,1056,0,0,0,12,2,0,0,0,0,0,,,,,,,,,,,0,0,0,29,13,0,0,0,0,0,,,,,,,,,,,,,,,,,,,,,
86,Body!A86,Body,3098,Mage's Robe,Steel,Cloth,13200,2112,0,5,0,11,6,0,0,0,0,0,,,,,,,,,,,0,8,0,28,19,0,0,0,0,0,0,9,0,37,25,0,0,0,0,0,0,10,0,46,32,0,0,0,0,0,
92,Body!A92,Body,,Comfort of the Endless Rain,Steel,Cloth,,,0,6,0,11,0,2,0,0,0,5,,,,,,,,,,,0,9,0,22,13,2,0,0,0,14,,,,,,,,,,,,,,,,,,,,,
98,Body!A98,Body,3152,Earthen Crest Robe,Steel,Cloth,,528,0,0,0,11,0,0,0,0,0,0,0,0,0,20,5,0,0,0,0,0,,,,,,,,,,,,,,,,,,,,,,,,,,,,,,,Water Type Reduction
104,Body!A104,Body,3053,Steel Light Armor,Steel,Light,,629,0,0,0,24,0,-1,-2,0,-2,0,0,0,0,33,5,-1,-2,0,-2,0,0,0,0,41,11,-1,-2,0,-2,0,,,,,,,,,,,,,,,,,,,,,
110,Body!A110,Body,3153,Earthen Crest Mail,Steel,Cloth,,786,0,0,0,22,0,0,-2,0,2,0,0,0,0,31,5,0,-2,0,2,0,,,,,,,,,,,,,,,,,,,,,,,,,,,,,,,Water Type Reduction
116,Body!A116,Body,,Aquatic Blue Mail,Steel,Cloth,,786,0,0,0,22,0,0,-2,0,2,0,0,0,0,31,5,0,-2,0,2,0,,,,,,,,,,,,,,,,,,,,,,,,,,,,,,,Fire Type Reduction
122,Body!A122,Body,,Viking Armor,Steel,Light,,,0,0,0,25,0,0,0,0,4,0,,,,,,,,,,,,,,,,,,,,,,,,,,,,,,,,,,,,,,,,,
128,Body!A128,Body,3054,Steel Heavy Armor,Steel,Heavy,,797,0,0,0,36,0,-2,-2,0,-4,0,0,0,0,45,5,-2,-2,0,-4,0,,,,,,,,,,,0,0,0,62,16,-2,-2,0,-4,0,0,0,0,71,22,-2,-2,0,-4,0,
134,Body!A134,Body,3154,Earthen Crest Heavy Mail,Steel,Heavy,,996,0,0,0,34,0,-2,-2,0,-4,0,0,0,0,43,5,-2,-2,0,-4,0,0,0,0,51,11,-2,-2,0,-4,0,,,,,,,,,,,,,,,,,,,,,Water Type Reduction
140,Body!A140,Body,,Master's Armor,,Heavy,,,0,0,0,50,0,-2,-2,0,-4,0,,,,,,,,,,,,,,,,,,,,,,,,,,,,,,,,,,,,,,,,,Bind Tolerance
146,Body!A146,Body,,Exorcism Gown,Ebonsteel,Cloth,,,0,0,0,18,0,0,0,0,0,0,,,,,,,,,,,,,,,,,,,,,,,,,,,,,,,0,0,0,58,26,0,0,0,0,0,Demon Resistance
152,Body!A152,Body,,Ebonsteel Light Armor,Ebonsteel,Light,,,0,0,0,35,0,-1,-2,0,-2,0,,,,,,,,,,,,,,,,,,,,,0,0,0,65,19,-1,-2,0,-2,0,0,0,0,75,26,-1,-2,0,-2,0,
158,Body!A158,Body,,Exorcism Mail,Ebonsteel,Light,,,0,0,0,33,0,-1,-2,0,-2,0,,,,,,,,,,,,,,,,,,,,,0,0,0,63,19,-1,-2,0,-2,0,,,,,,,,,,,Demon Resistance
164,Body!A164,Body,,Faewood Light Armor,Ebonsteel,Light,,,0,0,0,15,0,-1,-2,0,4,0,0,0,0,20,6,-1,-2,0,6,0,0,0,0,26,13,-1,-2,0,7,0,0,0,0,37,19,-1,-2,0,8,0,0,0,0,53,26,-1,-2,0,9,0,
170,Body!A170,Body,,Sooty Cloth,Ebonsteel,Cloth,,,0,0,0,30,0,2,-2,0,-2,0,,,,,,,,,,,,,,,,,,,,,0,0,0,60,19,6,-2,0,-2,0,,,,,,,,,,,Precise Sense of Touch
176,Body!A176,Body,,Veil Robe,Ebonsteel,Cloth,,,0,0,0,19,0,0,0,0,0,0,,,,,,,,,,,,,,,,,,,,,0,0,0,49,19,0,0,0,0,0,,,,,,,,,,,
182,Body!A182,Body,,Cyclops's Sash,Ebonsteel,Cloth,,,5,0,0,45,0,-15,-2,5,-4,0,,,,,,,,,,,5,0,0,65,13,-15,-2,5,-4,0,,,,,,,,,,,,,,,,,,,,,
188,Body!A188,Body,,Phantom Shadow Garb,,Cloth,,,0,0,0,10,-2,1,0,0,1,0,,,,,,,,,,,,,,,,,,,,,,,,,,,,,,,,,,,,,,,,,
194,Body!A194,Body,,Manafont Robe,,Cloth,,,0,0,0,18,0,0,0,0,0,0,,,,,,,,,,,0,0,0,38,13,0,0,0,0,0,,,,,,,,,,,,,,,,,,,,,
200,Body!A200,Body,,Blood Red Shinobi Attire,,Cloth,,,0,0,0,8,-1,2,0,0,5,0,,,,,,,,,,,,,,,,,,,,,,,,,,,,,,,,,,,,,,,,,
,,,,,,,,,,,,,,,,,,,,,,,,,,,,,,,,,,,,,,,,,,,,,,,,,,,,,,,,,,,
2,Accessories!A2,Accessories,3019,Stone Ring,Worn,,20,,0,0,0,1,4,0,0,0,0,0,0,0,0,6,4,0,0,0,0,0,,,,,,,,,,,,,,,,,,,,,,,,,,,,,,,
8,Accessories!A8,Accessories,3027,Bronze Ring,Bronze,490,78,,0,0,0,1,8,0,0,0,0,0,0,0,0,6,8,0,0,0,0,0,0,0,0,12,8,0,0,0,0,0,,,,,,,,,,,,,,,,,,,,,
14,Accessories!A14,Accessories,3131,Ring of Resistance,Bronze,,98,,0,0,0,1,0,0,0,0,0,10,,,,,,,,,,,0,0,0,12,0,0,0,0,0,13,,,,,,,,,,,,,,,,,,,,,
20,Accessories!A20,Accessories,3043,Iron Ring,Iron,1470,235,,0,0,0,1,12,0,0,0,0,0,0,0,0,7,12,0,0,0,0,0,0,0,0,13,12,0,0,0,0,0,0,0,0,19,12,0,0,0,0,0,0,0,0,25,12,0,0,0,0,0,
26,Accessories!A26,Accessories,3132,Tattered Dol,Iron,,294,,0,0,0,1,12,0,0,0,0,0,,,,,,,,,,,,,,,,,,,,,,,,,,,,,,,,,,,,,,,,,
32,Accessories!A32,Accessories,3133,Bracelet of Impurity,Iron,,294,,0,0,0,1,12,0,0,0,0,0,0,0,0,7,12,0,0,0,0,0,,,,,,,,,,,,,,,,,,,,,,,,,,,,,,,Poison / Paralysis Tolerance
38,Accessories!A38,Accessories,3134,Bracelet of Urgency,Iron,,294,,0,0,0,1,12,0,0,0,0,0,0,0,0,7,12,0,0,0,0,0,,,,,,,,,,,,,,,,,,,,,,,,,,,,,,,Sleep Tolerance
44,Accessories!A44,Accessories,3135,Undead Ward,Iron,,294,,0,0,0,1,12,0,0,0,0,0,0,0,0,7,12,0,0,0,0,0,,,,,,,,,,,,,,,,,,,,,,,,,,,,,,,Undead Resistance
50,Accessories!A50,Accessories,3136,Rabbit's Tail,Iron,,294,,0,0,0,1,0,0,0,0,0,0,0,0,0,6,0,0,0,0,0,0,,,,,,,,,,,,,,,,,,,,,,,,,,,,,,,Trap avoidance increased
56,Accessories!A56,Accessories,3059,Steel Ring,Steel,,470,,0,0,0,2,16,0,0,0,0,0,0,0,0,8,16,0,0,0,0,0,0,0,0,15,16,0,0,0,0,0,0,0,0,21,16,0,0,0,0,0,0,0,0,28,16,0,0,0,0,0,
62,Accessories!A62,Accessories,3137,Searcher Ring,Steel,,735,,0,0,0,2,12,0,0,0,4,0,0,0,0,8,12,0,0,0,4,0,0,0,0,15,12,0,0,0,4,0,,,,,,,,,,,,,,,,,,,,,"at Enhance +4, Detect increased"
68,Accessories!A68,Accessories,3138,Ring of the Warrior Princess,Steel,,735,,0,0,0,2,12,0,0,0,4,0,0,0,0,8,12,0,0,2,4,0,0,0,0,15,12,0,0,3,4,0,,,,,,,,,,,,,,,,,,,,,
74,Accessories!A74,Accessories,3139,Protection Charm,Steel,,735,,0,0,0,2,12,0,0,0,4,0,,,,,,,,,,,,,,,,,,,,,0,0,0,21,12,0,0,0,4,0,0,0,0,28,12,0,0,0,4,0,Bind Tolerance
80,Accessories!A80,Accessories,3145,Royal Herald Amulet,Steel,,2352,,1,1,1,1,1,1,1,1,1,1,1,1,1,7,1,1,1,1,1,1,,,,,,,,,,,,,,,,,,,,,,,,,,,,,,,Reward for Saving the King in Beginning Abyss
86,Accessories!A86,Accessories,3155,Earthen Crest Amulet,Steel,,588,,0,0,0,2,12,0,0,0,4,0,0,0,0,8,12,0,0,0,4,0,0,0,0,15,12,0,0,0,4,0,,,,,,,,,,,,,,,,,,,,,Water Type Reduction
92,Accessories!A92,Accessories,3162,Aquatic Blue Amulet,Steel,,588,,0,0,0,2,12,0,0,0,4,0,0,0,0,8,12,0,0,0,4,0,0,0,0,15,12,0,0,0,4,0,,,,,,,,,,,,,,,,,,,,,Fire Type Reduction
98,Accessories!A98,Accessories,3176,Verdant Breeze Amulet,Steel,,588,,0,0,0,2,12,0,0,0,4,0,0,0,0,8,12,0,0,0,4,0,0,0,0,15,12,0,0,0,4,0,,,,,,,,,,,,,,,,,,,,,Earth Type Reduction
104,Accessories!A104,Accessories,,Pearl of the Sea God,Steel,,,,1,0,0,2,0,0,0,0,0,0,,,,,,,,,,,,,,,,,,,,,,,,,,,,,,,,,,,,,,,,,"Water Type Reduction, Sleep Tolerance"
110,Accessories!A110,Accessories,,Ebonsteel Ring,Ebonsteel,,,,,,,,,,,,,,,,,,,,,,,,,,,,,,,,,,,,,,,,,,,,0,0,0,32,18,0,0,0,0,0,
116,Accessories!A116,Accessories,,Trollkin Ring,Ebonsteel,,,,0,0,0,2,16,0,0,0,0,0,,,,,,,,,,,0,0,0,17,16,0,0,0,0,0,,,,,,,,,,,0,0,0,32,16,0,0,0,0,0,"Continuing Healing, Dragon Slater Enhancement"
122,Accessories!A122,Accessories,,Old Perch,,,,,0,0,0,1,17,0,0,0,6,0,,,,,,,,,,,,,,,,,,,,,0,0,0,24,17,0,0,0,10,0,,,,,,,,,,,Composure of the Skilled Master
128,Accessories!A128,Accessories,,Master Fighter's Ring,Ebonsteel,,,,0,0,0,2,17,0,0,0,0,0,,,,,,,,,,,,,,,,,,,,,,,,,,,,,,,0,0,0,32,17,0,0,0,0,0,Passive Strength Up
134,Accessories!A134,Accessories,,Safety Ring,Ebonsteel,,,,,,,,,,,,,,,,,,,,,,,,,,,,,,,,,,0,0,0,25,16,0,0,0,0,0,0,0,0,32,16,0,0,0,0,0,Critical Tolerance
140,Accessories!A140,Accessories,,Ring of Vengeance,,,,,0,0,0,2,16,0,0,0,0,7,,,,,,,,,,,,,,,,,,,,,,,,,,,,,,,,,,,,,,,,,
146,Accessories!A146,Accessories,,Peony Hair Ornament,,,,,0,0,0,5,0,0,2,2,0,5,,,,,,,,,,,0,0,0,14,0,0,5,5,0,14,,,,,,,,,,,,,,,,,,,,,Serene Calm