Name,Type,Inheritable,Effects,Detail,Level,Class,Restriction,Source,Potential Source
ABIT,Support,True,Words of prayer that remove 1 debuff from 1 ally row.,Resistance up incrementally added based on skill level and increased number of debuffs removed. Increased Resistance and area of Effects.,40,Priest,,,Daniel
Adept's Rule of Thumb,Discipline,,"Continuously increases each stat, with Detect and Disarm Trap increased even further.",Detect and Disarm Trap increased further based on skill level.,,,,Aldric,
Advice of the Skull,Passive,,Increases damage against undead and decreases damage from undead.,,,,,Yekaterina,
Aegis Bash,Active,True,Moderate physical attack with high Accuracy on 1 enemy. Reduces damage taken from enemies for 3 turns. Damage is reduced and the amount of damage reduction is decreased if learned by someone other than Lanavaille.,Efficacy and damage reduction from enemies increased based on skill level.,,,,Lanavaille,
Agent of Heresy,Passive,,Increases damage to enemies for everyone in the user's row if it has only evil or neutral allies.,,,,,Alice,
Air Formation,Passive,,Increases damage to earth type enemies for user and adjacent air type allies if there are at least 2 air type allies adjacent to the user.,,,,,Jarmil,
Air Resistance Weakening,Debuff,,"By whispering malicious things to surrounding entities, there is a chance of decreasing the air-type tolerance of 1 enemy row for 2 turns.",Probability increased and Air-type Resistance Weakening effect is further increased based on skill level. Additional turns incrementally added.,67,Mage,Mage-specific,,
Air Type Thaumaturgy,Passive,,Reduces air-type damage to self.,Damage decreased further based on skill level.,55,Mage,,,
Air-Kin Blessing,Passive,,Reduces air type damage for beastfolk in the same row.,,,,,Amelia,
Albano's Revulsion,Bondmate,,Continuously increases Defense Power and Paralysis Tolerance.,Defense Power and Paralysis Tolerance increased further based on skill level.,,,,Bondmate,
Alchemist of Rebirth,Discipline,,"Continuously increases each stat, with MP and Piety increased even further.",MP and Piety further increased based on skill level.,,,,Raffaello,
Alchemized Anima Dissolution,Damage,True,Deals moderate untyped spell damage based on Piety to 1 enemy row. Restores the HP of allies in the front row based on the damage dealt. Damage and HP recovery are reduced if learned by someone other than Raffaello.,Efficacy increased based on skill level.,,,,Raffaello,
All Cover,Active,True,Chance to beat single-target attacks in place of all allies for 1 turn.,Defense Power Up incrementally added based on skill level. Probability and Defense Power increased further. More turns added.,40,Knight,Knight-specific,,Eldorado
All-Around Cover,Active,,Chance to intercept single-target attacks aimed at all allies for 1 turn (affected by Luck). The user enters a defensive state. The defensive state granted by this skill is unaffected by duration-extending skills.,Defense Power Up incrementally added based on skill level. Turns added incrementally. Probability and Defense Power further increased.,67,Knight,Knight-specific,,
Amnesiac Corpse Retriever,Discipline,,"Continuously increases each stat, with Attack Power, Magic Power, SP, and MP increased further.","Attack Power, Magic Power, SP, and MP further increased based on skill level.",,,,Iarumas,
Anti-Adventurer Combat Technique,Passive,,Increases damage against adventurers and decreases damage from adventurers.,,,,,Chloe,
Anticipated Attack,Active,True,"Minor physical attack on 1 enemy in which Surety occurs more easily. Efficacy increases with Attack Power and Accuracy. Bypasses Defense Power and guarantees Surety on enemies in preparation. Always hits enemies trying to evade, but damage is reduced.",Efficacy and Defense Power bypass rate increased based on skill level.,3,Ranger,,Heinrico,
Anticipation,Passive,,Increases Evasion rate against physical attacks when targeted by the same enemy. Effect ends when an attack is received.,Evasion rate furnther increased based on skill level.,61,Samurai,"Samurai-specific, Katana-specific",,
Apostle of Breaking Commandments,Passive,,"Increases Tolerance of Insta-Kill, Skill-Binding, and Spell-Binding for user and all adjacent dark type allies.",,,,,Red Beard,
Apothecary's Knowledge,Discipline,,"Continuously increases each stat, HP and Poison Tolerance increased further.",HP and Poison Tolerance increased further based on skill level.,,,,Asha,
Armor Break,Active,True,Minor physical attack on 1 enemy. Chance to decrease Defense Power based on the user's Dexterity.,Probability increased while Defense Power further decreased based on skill level.,14,Fighter,,Elise,
Armor Pierce,Active,True,Minor physical attack on 1 enemy. Greatly penetrates Defense Power.,Efficacy increased while Defense Power further bypassed based on skill level.,6,Ninja,,Kiriha,
Armsmanship,Passive,,Increases Accuracy and Action Speed when equipped with a one-handed weapon. Increases Accuracy and Attack Power when equipped with a two-handed weapon.,Accuracy and Action speed further increased based on skill level when equipped with a one-handed weapon. Accuracy and Attack Power further increased when equipped with a two-handed weapon.,70,Fighter,,,
Art of Assassination,Passive,,Chance of Critical occurring during normal attacks. Occurrence rate increased when bare-handed.,Critical occurrence rate increased based on skill level.,1,Ninja,Ninja-specific,,
Assault Guard,Passive,True,Greatly increases Defense Power during ambushes for 2 turns.,Defense Power incrementally increased further based on skill level. More turns added.,12,Knight,,Barbara,
Astral Break,Active,True,"Major earth type physical attack on 1 enemy. Bypasses Defense Power and increases Action Speed of user and allies in front or behind of 3 turns. Efficacy, Defense Power bypass rate, and Action Speed effect turns are reduced if learned by someone other than Arboris.",Efficacy increase and Action Speed increase effect turns incrementally increased based on skill level.,,,,Arboris,
Attract Hit,Active,True,Minor physical attack on 1 enemy. User becomes more easily targeted by the affected enemy for 3 turns,"Efficacy increased and user becomes more easily targeted by enemies, based on skill level.",14,Knight,,Eckart,
Back-against-the-Water Formation,Passive,True,Attack Power and Magic Power increase when HP drops below 50%.,Attack Power/Magic Power increased further based on skill level.,50,Samurai,,,Bugen
BADI,Damage,,Chance of dealing HP-scaled damage to 1 enemy of a race that bleeds.,Probability and damage scaling increased based on skill level.,51,Priest,,,
BADIOS,Damage,,A light attack spell cast by a sacred prayer. Deals minor damage to 1 enemy based on the user's Divine Power. Damage is increased against undead.,Efficacy increased based on skill level.,9,Priest,,,
BALAFEOS,Debuff,True,Intrudes on psyches over a wide area with a chance to reduce the Attack Power of 1 enemy row for 3 turns.,Probability increased while Attack Power decreased incrementally based on skill level. More turns added.,17,Mage,,,Dino
Bamboo Splitter,Active,,Major physical attack on 1 enemy. Usable in Cresting Wave Stance.,Efficacy increased based on skill level.,25,Samurai,"Samurai-specific, Katana-specific",,
BATILGREF,Debuff,True,Generates a bog underfoot over a wide area with a high chance of reducing the Evasion and Action Speed of 1 enemy row for 3 turns.,Probability increased while Evasion and Action Speed decreased incrementally based on skill level. More turns added.,13,Mage,,,Asha
Bear Trap,Active,,"Places a bear trap ain front of the user during exploration.  If an enemy or the ally party triggers the trap, they will be unable to move for a set time.  At rhe start of battle, all trapped targets take a fixed amount of damage and have rheir Action Speed and Evasion reduced for 2 turns. Does not affect floating enemies and is destroyed by large enemies.",Immobilization duration increased based on skill level.  Enemy Action Speed and Evasion further decreased.  Additional turns added.,25,Ranger,Ranger-specific,,
Beastfolk Thief Discipline,Discipline,,Continuously increases each stat.,Stats increased further based on skill level.,,,,Beast-Thi,
Behind Cover,Passive,True,Chance to bear single-target attacks in place of allies in the back.,Physical damage reduction incrementally added based on skill level. Chance increased further and damage decreased further.,32,Knight,Knight-specific,Eulalia,
Bestial Roar,Discipline,,"Continuously increases each stat,  with HP and Attack Power increased further.",SKILL PAGE 2 MISSING,,,,Galbadus,
Black Beast Feint,Passive,True,Increases own Evasion and makes 1 row of enemies easier to target. Counter attack that penetrates Defense Power when evading an attack. Evasion increases amount and Defense Power penetration rate are reduced if learned by someone other than Savia.,"Evasion, efficacy, and Defense Power penetration rate incrementally increased based on skill level.",,,,Savia,
Blazing Resplendence,Active,True,"Increases fire-type damage dealt to enemies and increases water-type damage taken from enemies for 4 turns.  Moderate physical attck on 1 enemy based on Attack Power and Magic Power. Damage and the fire-type damage inrcease amount are reduced if learned by someone other than Yoizou.","SKILLPAGE2TEXT MISSING",,,,Yoizou,
Blessing of Agora,Passive,True,Adds 1 consecutive turn to buffs and debuffs applied by the user and increases MP. MP increase amount and growth amount of consecutive turns are reduced if learned by someone other than Alice.,Incrementally adds MP Up based on skill level. MP increased further and number of continuous turns augmented.,,,,Alice,
Blessing of Owen,Discipline,,"Continuously increases each stat, with Attack Power and Confusion/Charm Tolerance increased even further.",Attack Power and Confusion/Charm Tolerance increased further based on skill level.,,,,Abenius,
Blessing of Renewal,Support,,Receive a blessing through prayer. Continuously restores minor HP of 1 ally for 4 turns.,Recovery amount increased based on skill level.,67,Priest,Priest-specific,,
Blessing of the Beast God,Discipline,,"Continuously increases each stat, Attack Power and Paralysis Tolerance increased further.",Attack Power and Paralysis Tolerance increased further based on skill level.,,,,Debra,
Blessing of the Beastfolk Goddess,Passive,True,Defeating an enemy restores minor SP to self. Recovery amount is reduced if learned by someone other than Debra.,Incrementally adds Attack Power Up based on skill level. Attack further increased and recovery amount augmented.,,,,Debra,
Blinding,Active,True,Minor physical attack on 1 enemy based on the user's Dexterity. Chance to decrease Accuracy.,Efficacy and probability increased while Accuracy further decreased based on skill level.,20,Thief,,,Amelia
Blood Edge,Active,,Launches a minor physical attack on 1 enemy dealing continuous damage to HP for a set number of turns.,Damage amount and number of turns increased further based on skill level.,51,Thief,,,
Bloodline of the Mirror-Mere,Discipline,,"Continuously increases each stat, with Accuracy and Magic Defense increased even further.",Accuracy and Magic Defense increased further based on skill level.,,,,Livana,
Blunt Combo Strike,Active,,"Minor physical attack with high Accuracy on 1 enemy. When attacking, companion crows perform an attack that penetrates Defense based on Dexterity. Increases own Evasion for 1 turn, and when evading an attack, the companion crow counterattacks.","Efficacy increased, damage dealt by companion crows increased, and Evasion rate increased based on skill level.",,,,Aldric,
Bones of Obsessive Love,Passive,,Restores minor MP to self when defeating an enemy.,,,,,Raffaello,
Branded Hands,Passive,,Increases Accuracy when equipped with a two-handed weapon. Continuously increases the chill limit.,Chill limit is increased even further.,,,,Gerulf,
Calamitous Rockfall,Damage,,"Useable when equipped with Two-Handed Staff of The Spirit Realm. Drops magic infused stones, dealing minor earth spell damage to 1 enemy row. Chance to reduce enemy Evasion for 3 turns.",,,,,,
Calculated Charity,Passive,,Reduces physical damage taken from enemies for the user and an ally in front of or behind them if the ally is evil.,,,,,Milana,
CALDIA,Support,,Expanded visibility increases the Accuracy and Surety Rate of 1 ally for 3 turns.,Accuracy and Surety rate incrementally increased further based on skill level. More turns added.,17,Priest,,,
Calm Mind Technique,Passive,,Reduces Fortitude loss when failing to disarm traps.,,70,Thief,Thief-specific,,
Chaos Deified,Passive,True,"Continuously increases MP and I.Q. and adds 1 consecutive turn to buffs and debuffs applied by the user. When this skill is inherited, Blessing of Agora is also inherited. This skill can be enhanced by inheriting Blessing of Agora, Innocent Fanaticism, or Chaos Deified.","MP, I.Q., and number of continuous turns increased based on skill level.",,,,Alice,
Child of the Sacred Tree,Discipline,,"Continuously increases each stat, with Magic Power and Action Speed increased even further.",Magic Power and Action Speed increased further based on skill level.,,,,Shelirionach,
Chris's Friendship,Bondmate,,Continuously increases MP.,MP increased further based on skill level.,,,,Bondmate,
Coin of Power,Passive,,"Allows one-handed swords and two-handed swords to be equipped. Continuously increases own Attack Power, Defense Power, Accuracy, Evasion, HP, and SP.",,,,,Berkanan,
Cold-Blooded Elf,Discipline,,"Continuously increases each stat, Surety and Sleep Tolerance increased further.",Surety and Sleep Tolerance increased further based on skill level.,,,,Elda,
Compassionate Apothecary,Passive,,"Increases Tolerance of Poison, Paralysis, and Stone for user and all adjacent good allies.",,,,,Asha,
Concealment,Active,,"Conceals the user, providing a high chance of evading an enemy attack, apart from an enemy attack's standard hit determination. Evasion occurrence rate further increased while wearing no armor.",Evasion rate increased based on skill level.,4,Ninja,Ninja-specific,,
Concentration,Passive,,"Attack Power and Magic Power increase each turn. However, the increase reverts if equipment is changed.",Attack Power and Magic Power increased further based on skill level.,1,Samurai,Samurai-specific,,
CONES,Damage,,Launches an orb of pure magic power that deals minor untyped spell damage to 1 enemy.,Efficacy increased based on skill level.,1,Mage,,,
Contiguous States of Mind,Passive,,Continuously increases some stats.,Adds more affected stats based on skill level and Effects increased further.,,,,,
CORTU,Support,,Raises a barrier that reduces spell damage received by all allies for 2 turns.,Spell damage incrementally decreased further based on skill level. More turns added.,18,Mage,,,
Counterattack,Passive,True,Chance to counter attack when evading a close-range attack (affected by luck).,Probability increased based on skill level.,12,Fighter,Close/mid-range weapon-specific,Ophelia,
Cover,Active,True,Chance to intercept single-target attacks directed at 1 designated ally for 2 turns.,Defense Power Up incrementally added based on skill level. Probability and Defense Power increased further. More turns added.,1,Knight,Knight-specific,Eldorado,
Cover Defense,Passive,,Continuously grants a chance for the user to apply a defensive effect when intercepting a single-target attack directed at an ally by a cover skill (affected by Luck).,Probability increased based on skill level.,61,Knight,Knight-specific,,
Covert Strike,Active,,"A series of moderate physical attacks with double the Attack Rate on 1 enemy, that can only be used while in Concealment.",Efficacy increased based on skill level.,35,Ninja,"Close-range-weapon-specific, Ninja-specific",,
Crafty Old Mage,Discipline,,"Continuously increases each stat, Magic Defense and Magic Power increased further.",Magic Defense and Magic Power increased further based on skill level.,,,,Jarmil,
Cresting Wave Stance,Active,,"Performs a normal attack in the current stance, then switches to the Cresting Wave Stance. Increases own skill efficacy, Magic Power, and damage taken.","Own skill efficacy, Magic Power, and damage taken increased further based on skill level.",10,Samurai,"Samurai-specific, Katana-specific",,
Cry of Ruin,Active,True,"Moderate dark-type close-range physical attack with high Accuracy on 1 enemy. When attacking an enemy, deals damage to all enemies in the same row as the target, with damage reducing by distance from the target. Consumes 25% of the user's max HP after attacking. User's HP consumption is increased and damage is reduced if learned by someone other than Gillion.",Efficacy increased based on skill level.,,,,Gillion,
Cunning Pursuit,Passive,True,Increases Surety when attacking opponents affected by status afflictions or debuffs.,Surety increased further based on skill level.,32,Thief,,,Philip
Cursed-Blood Resonance,Passive,,"Increases Accuracy, Action Speed, and damage to enemies when equipped with a two-handed weapon. Consumes 5% of the user's max HP after attacking.",,,,,Gillion,
DALTO,Damage,,"Releases a wave of cold air that deals minor untyped spell damage to 1 enemy. Chance to inflict Chill on target. If the target is already Chilled, the effect will progress further.",Probability increased and efficacy increased further based on skill level.,62,Mage,,,
Dance of the Bold Advance,Passive,,"When equipped with a melee weapon and shield, and placed in the front row, user's Surety, Surety Damage, and Evasion are increased during battle.",,,,,Debra,
Dancer of Liberation,Discipline,,"Continuously increases each stat, with Surety and Evasion increased even further.",Surety and Evasion increased further based on skill level.,,,,Debra,
Dark Resistance Weakening,Debuff,,"By whispering malicious things to surrounding entities, there is a chance of decreasing the dark-type tolerance of 1 enemy row for 2 turns.",Probability increased and Dark-type Resistance Weakening effect is further increased based on skill level. Additional turns incrementally added.,67,Mage,Mage-specific,,
Dark Type Thaumaturgy,Passive,,Reduces dark-type damage to self.,Damage decreased further based on skill level.,55,Mage,,,
Dark-Kin Blessing,Passive,,Reduces dark type damage for elves in the same row.,,,,,Elda,
Deadfall Log,Active,,"Places a deadfall log trap  front of the user during exploration. If an enemy or ally party triggers the trap, they are knocked back a set distance. If an enemy triggers it, at the start of battle, the front-row enemy with the highest HP is dealt HP-scaled damage and has their Defense Power reduced foe 4 turns. If rhe ally party triggers it, all allies take damage and haetheir Defense Power reduced at the start of battle.  Can only be placed in areas with a ceiling.  Does not affect slime-type enemies and cannot hit small enemies.",Damage dealt to enemies further increased based on skill level.  Enemy Defense Power further decreased.,38,Ranger,Ranger-specific,,
Decisive Torso Strike,Active,True,Moderate physical attack with very high Accuracy on 1 enemy.,Efficacy increased based on skill level.,5,Samurai,,Bugen,
Defense of House Zart,Discipline,,"Continuously increases each stat, HP and Evade Trap increased further.",HP and Evade Trap Tolerance increased further based on skill level.,,,,Barbara,
Defensive Provoke,Active,True,"Continuously restores own minor HP, increases Defense Power, and makes 1 row enemies easier to target.","Recovery amount augmented, Defense Power increased, and user becomes more easily targeted by enemies, based on skill level.",38,Knight,Close/mid-range weapon-specific,,Eckart
Delay Attack,Active,True,Minor physical attack on 1 enemy. Chance to decrease Action Speed based on the user's Dexterity.,Efficacy and probability increased while Action Speed further decreased based on skill level.,6,Thief,,Philip,
DIADOR,Support,,Words of prayer that cure 1 ally of Paralysis.,"Resistance up and HP recovery incrementally added based on skill level. Increased Resistance, area of Effects. and recovery amount.",10,Priest,,,
DIALKO,Support,True,Words of prayer that cure 1 ally of Sleep or Stun.,"Resistance up and HP recovery incrementally added based on skill level. Increased Resistance, area of Effects. and recovery amount.",14,Priest,,,Emil
DILTO,Debuff,,Inky blackness steals sight over a wide area with a chance of reducing the Accuracy of 1 enemy row for 3 turns.,Probability increased while Accuracy decreased incrementally based on skill level. More turns added.,5,Mage,,,
DIOS,Support,True,Words of blessing that restore minor HP to 1 ally.,Recovery amount increased based on skill level.,1,Priest,,Galina,
Dissipation,Active,,Making the hand sign to dispel mist negates 1 multi-turn buff from 1 enemy.,Area of effect varies incrementally based on level. Increases the number of buffs negated.,30,Ninja,,,
Divine Path,Passive,,"When performing physical attacks, an attack is made that scales with both Attack Power and Magic Power.",Scaling from Attack Power and Magic Power increased based on skill level.,1,Samurai,Samurai-specific,,
Donato's Recalcitrance,Bondmate,,Continuously increases Accuracy.,Accuracy increased further based on skill level.,,,,Bondmate,
Drastic Strike,Active,,Moderate physical attack on 1 enemy. Efficacy increases the lower the user's remaining HP.,Efficacy increased based on skill level.,64,Fighter,Fighter-specific,,
Dream of the Sleeping Witch,Passive,,"Due to the strain of shared perception with the Sacred Tree, at turn end, if MP is 25% or lower, the user falls Asleep during battle for 1 time only. While Asleep, damage taken is not increased, and MP is recovered at turn end. While Asleep, the user automatically uses a dark-type spell attack on one enemy.",,,,,Shelirionach,
Dwarf Knight Discipline,Discipline,,"Continuously increases each stat, with HP increased further.",HP increased further based on skill level.,,,,Dwarf-Kni,
Earth Formation,Passive,,Increases damage to water type enemies for user and adjacent earth type allies if there are at least 2 earth type allies adjacent to the user.,,,,,Jean,
Earth Resistance Weakening,Debuff,,"By whispering malicious things to surrounding entities, there is a chance of decreasing the earth-type tolerance of 1 enemy row for 2 turns.",Probability increased and Earth-type Resistance Weakening effect is further increased based on skill level. Additional turns incrementally added.,67,Mage,Mage-specific,,
Earth Type Thaumaturgy,Passive,,Reduces earth-type damage to self.,Damage decreased further based on skill level.,55,Mage,,,
Earth-Kin Blessing,Passive,,Reduces earth type damage for dwarves in the same row.,,,,,Bakesh,
Earth-Splitting Strike,Active,,Moderate physical attack on 1 enemy. Chance to Stun based on Attack Power.,Efficacy and Stun chance increased based on skill level.,62,Fighter,"Fighter/Tall Mage-specific, Close/mid-range weapon-specific",,
Elf Mage Discipline,Discipline,,Continuously increases each stat.,Stats increased further based on skill level.,,,,Elf-Mag,
Elf Priest Discipline,Discipline,,Continuously increases each stat.,Stats increased further based on skill level.,,,,Elf-Pri,
Empty Husk,Passive,,"Fixed chance of evading an enemy attack, apart from the enemy attack's standard hit determination. Evasion occurrence rate increased when wearing no armor.",Evasion occurrence rate increased based on skill level.,16,Ninja,,,
Enlightenment of the Brink of Death,Passive,,Increases Surety for user and all adjacent evil allies.,,,,,Rinne,
Ephemeral Illusion Stance,Active,,Enters the Ephemeral Illusion Stance for 1 turn and performs a massive air-type physical attack that bypasses Defense Power on 1 enemy. Increases own Action Speed and increases damage taken. Stance is cancelled if damage is taken during stance. Can only be used once per battle when own HP is 30% or under.,Efficacy increased based on skill level.,1,,"Samurai-specific, Katana/Odachi-specific",Shiou,
ERLIK,Damage,,Flings gravel that deals minor earth spell damage to 1 enemy.,Efficacy increased based on skill level.,1,Mage,,,
Eruption Strike,Active,True,Moderate fire type physical attack on 1 enemy. Increases Accuracy when equipped with a two-handed blunt weapon and boosts damage. Damage is reduced if learned by someone other than Gerulf.,Efficacy increased based on skill level and Accuracy increased further when equipped with a two-handed blunt weapon.,,,Close/mid-range weapon-specific,Gerulf,
Exploit Weakness,Active,,Moderate physical attack on 1 enemy. Damage increases based on the number of status afflictions affecting the target.,Efficacy increased based on skill level.,68,Thief,Thief-specific,,
Eye of Kalshum,Passive,True,Continuously increases Detect with a chance to nullify an enemy's ambush. Detect increase amount and chance of ambush nullification are reduced if learned by someone other than Yekaterina.,Increases chance based on skill level.,,,,Yekaterina,
Eye of the Hunter,Passive,,Increases damage and Accuracy against flying enemies.,,,,,Ophelia,
Eyes of a Hero,Passive,,Increases Accuracy when equipped with a one-handed or two-handed sword.,,,,,Eckart,
Eyes of the Hawk,Passive,,"While exploring, there is a chance to detect various hazards and hidden elements based on Detection.",,44,Ranger,,,
Eyes That Know the Future,Passive,True,"By glimpsing the future, the user can act against a dangerous situation. Chance to evade or reduce the first received damage higher than 50% of own max HP. Activation rate greatly reduced if learned by anyone other than Shelirionach.",Activation rate increased based on skill level.,,,,Shelirionach,
Faith in the God of the Forge,Discipline,,"Continuously increases each stat, HP and Disarm Trap increased further.",HP and Disarm Trap increased further based on skill level.,,,,Valdor,
Faith of the Wicked,Passive,,Increases Critical Tolerance and Insta-Kill Tolerance for user and all adjacent evil allies.,,,,,Galina,
FERU,Damage,True,Launches an orb of air that deals minor air spell damage to 1 enemy.,Efficacy increased based on skill level.,1,Mage,,Jarmil,
Fire Demon's Brand,Passive,,Continuously increases each stat and Surety while Attack Power is increased further.,Attack Power and Surety increased further based on skill level.,,,,Gerulf,
Fire Formation,Passive,,Increases damage to air type enemies for user and adjacent fire type allies if there are at least 2 fire type allies adjacent to the user.,,,,,Alex,
Fire Resistance Weakening,Debuff,,"By whispering malicious things to surrounding entities, there is a chance of decreasing the fire-type tolerance of 1 enemy row for 2 turns.",Probability increased and Fire-type Resistance Weakening effect is further increased based on skill level. Additional turns incrementally added.,67,Mage,Mage-specific,,
Fire Type Thaumaturgy,Passive,,Reduces fire-type damage to self.,Damage decreased further based on skill level.,55,Mage,,,
Fire-Kin Blessing,Passive,,Reduces fire type damage for elves in the same row.,,,,,Eulalia,
First Arrow to Draw Blood,Active,True,"Minor physical attack with high Accuracy on 1 enemy. The enemy is Marked for 2 turns. Marked enemies have reduced Evasion and Action Speed. When the Marked status ends by the passage of turns, the skill user performs a physical attack on the Marked enemy with a guaranteed hit. Bypasses Defense Power, and damage increases based on the number of hits that landed while the target was Marked. Damage and Marked status infliction rate are reduced if learned by someone other than Yrsa.",Efficacy increased based on skill level.,,,Bow-specific,Yrsa,
Flame of Gluttony,Damage,True,Deals moderate fire-type spell damage to 1 enemy. Damage increases the more enemies there are. Damage is reduced if learned by someone other than Erwin.,Efficacy increased based on skill level.,,,,Erwin,
Flame-Bearer,Support,,Imbues the equipped katana with a fire-type trait.,Damage dealt when striking a weak point with a fire-type weapon increased based on skill level.,1/20/30/40,Samurai,"Samurai-specific, Katana-specific",,
Flawlessly Composed Warrior Princess,Passive,,"Continuously increases each stat, <span style='color: yellow'>HP</span>, Defense Power, Confusion/Charm Tolerance, and <span style='color:yellow'>Critical Tolerance</span> increased further.","<span style='color:yellow'>HP,</span> Defense Power, Confusion/Charm Tolerance<span style='color:yellow'>, and Critical Tolerance</span> increased further based on skill level.",,,,Lanavaille,
Flickering Fang,Passive,,Increases damage to magical beasts and decreases damage from magical beasts.,,,,,Abenius,
Flutterdream Flash,Passive,True,"Minor physical attack on 1 enemy at the start of battle. Low chance of decreasing Accuracy Rate. Activation rate reduction, and the amount damage and Accuracy Rate decrease, are reduced if learned by someone other than Abenius.",Efficacy increased based on skill level and amount of Accuracy reduction increased,,,,Abenius,
Follow-Up Attack,Passive,True,Chance to increase Attack Rate during normal attacks (affected by luck).,Probability increased based on skill level.,18,Fighter,,Elda,
Forest-Reading Huntcraft,Discipline,,"Continuously increases each stat, with SP in particular greatly increased.",SP increased further based on skill level.,,,,Yrsa,
FOROS,Damage,,Launches an orb of light that deals minor light spell damage to 1 enemy.,Efficacy increased based on skill level.,1,Mage,,,
Fortified Strike,Active,,Launches 2 minor physical attacks on 1 enemy. Efficacy increases with Defense Power and Magic Defense.,Efficacy increased based on skill level.,54,Knight,Melee/mid-range weapon-specific,,
Foxfire Assault,Passive,,"For the first 3 turns of battle, when attacking an enemy, Foxfire performs a minor physical attack based on Attack Power that has a guaranteed hit. Hit enemies take increased damage for 3 turns. If there are multiple enemies, the target is chosen at random. If this skill damages an already Charmed enemy, the Charm status affliction will not be removed.",,,,,Yuzunamiki,
Frugal Faith,Passive,,Continuously reduces the MP/SP cost of Priest spells/skills that cost 3-10 MP/SP or less.,,,,,Marianne,
Fulfillment of Loyalty,Discipline,,"Continuously increases each stat, with HP and Attack Power increased even further.",HP and Attack Power increased further based on skill level.,,,,Bugen,
Full Power Strike,Active,True,Gathers strength to launch a major physical attack with high Accuracy on 1 enemy.,Efficacy increased based on skill level.,54,Fighter,Fighter-specific,Elda,
Future Dreamt with the Skull,Discipline,,"Continuously increases each stat, MP and Skill-bind/Spell-Bind Tolerance increased further.",MP and Skill/Spell-Binding Tolerance increased further based on skill level.,,,,Yekaterina,
Gale,Passive,,Increases own Attack Power and for 2 turns when evading an enemy attack.,Attack Power increased further based on skill level.,20,Ninja,,,
Gary the Brave's Charge,Bondmate,,Continuously increases Evasion.,Evasion increased further based on skill level.,,,,Bondmate,
Getting by Among Woods or People,Discipline,,"Continuously increases each stat, with Accuracy and Action Speed increased even further.",Accuracy and Action Speed increased further based on skill level.,,,,Heinrico,
Gift of Spell Genius,Discipline,,Continuously increases each stat,MP greatly increased in particular.,,,,Flut,
Glue Bomb,Active,,Minor physical attack on 1 enemy based on the user's Dexterity. Chance to decrease Evasion.,Efficacy and probability increased while Evasion further decreased based on skill level.,27,Thief,,,
Gnawing Doubt,Passive,,Increases damage against demi-humans and decreases damage from demi-humans.,,,,,Gaston,
Grace of the Dark One,Passive,True,"When casting spells or using skills, there is a chance of recovering expended MP and SP (up to 40). The probability of recovering MP or SP is reduced if learned by someone other than Alice.",Probability of recovering MP and SP increased based on skill level.,,,,Alice,
Grace of the Great Tree,Passive,,Increases Magic Power and Magic Defense when equipped with a two-handed staff.,,,,,Flut,
Grand Burial ERLIK,Damage,True,"Heavy stone gravel scatters, as though burying the dead, in a moderate Earth-type spell attack on 1 enemy. Chance to stun based on Magic Power. Damage dealt and Stun chance are increased when attacking undead opponents. Damage and chance of inflicting Stun are decreased if learned by someone other than Yekaterina.",Skill Description Page 2.,,,,Yekaterina,
Guard Experience,Passive,,Continuously reduces the MP/SP cost of Fighter spells/skills that cost 3-10 MP/SP.,,,,,Gandolfo,
Guardian Blow,Active,,"Launches a Defense Power and Magic Defense-based major physical attack on 1 enemy, increasing Defense Power and Magic Defense of the user for 3 turns.",Efficacy increased based on skill level. Defense Power and Magic Defense incerased further.,64,Knight,Heavy Shield-specific,,
HALITO,Damage,,Launches a fireball that deals minor fire spell damage to 1 enemy.,Efficacy increased based on skill level.,1,Mage,,,
Hamstring,Active,,"Minor physical attack on all enemies in the frontmost enemy row. Chance to reduce Action Speed for 1 turn. Has no effect on enemies that are not touching the ground. Usable only when an odachi is equipped at the start of the turn.","SKILLPAGE2TEXT MISSING",28,Samurai,"Samurai-specific, Odachi-specific",,
Heavy Attack,Active,True,Moderate physical attack with high Accuracy on 1 enemy.,Efficacy increased based on skill level. Probability and Defense Power increased further.,4,Fighter,,Gandolfo,
Heretical Blessing,Passive,,Reduces damage taken from enemies for everyone in the user's row if that row has only evil or neutral allies.,,,,,,
Hiding,Active,True,Makes the user hidden and increases multiple abilities.,Multiple abilities increased further while Hidden cancellation rate decreased based on skill level.,9,Thief,Thief-specific,Viviana,
Honest Living,Passive,,"Increases Tolerance of Curse, Skill-binding, and Fear for user and all adjacent good allies.",,,,,Olive,
Hot-Blooded Adventurer,Discipline,,Continuously increases each stat. Attack Power increased further.,Evasion and Poison Tolerance increased further based on skill level.,,,,Gaston,
Human Fighter Discipline,Discipline,,Continuously increases each stat.,Stats increased further based on skill level.,,,,Human-Fig,
Human Priest Discipline,Discipline,,Continuously increases each stat.,Stats increased further based on skill level.,,,,Human-Pri,
Human Samurai Discipline,Discipline,,Continuously increases each stat.,Stats increased further based on skill level.,,,,Human-Sam,
Illusory Mist,Active,,"A misty vapor obscures enemy sight, with a high chance of reducing the Accuracy of all enemies for 2 turns.",Probability and Accuracy Rate decrease amount increased based on skill level.,9,Ninja,,,
Immortal Strike,Active,True,Deals a minor physical attack on 1 enemy and restores minor HP to self.,Recovery amount increased based on skill level.,51,Fighter,,,"Gaston, Olive"
Impartial Collaborator,Passive,,Increases damage to enemies for user and allies in front of or behind them if the ally is neutral.,,,,,Elise,
Inheritor of the Secret Arts,Discipline,,"Continuously increases each stat, with Surety and Accuracy increased even further.",Surety and Accuracy increased further based on skill level.,,,,Rinne,
Innocent Fanaticism,Passive,True,"Continuously increases MP and Piety and adds 1 consecutive turn to buffs and debuffs applied by the user. When this skill is inherited, Blessing of Agora is also inherited. This skill can be enhanced by inheriting Blessing of Agora, Innocent Fanaticism, or Chaos Deified.","MP, Piety, and number of continuous turns increased based on skill level.",,,,Alice,
Instruction in Inner Stillness,Discipline,,"Continuously increases each stat, with Attack Power and Surety increased even further.",Attack Power and Surety increased further based on skill level.,,,,Shiou,
Interpersonal Combat Technique,Passive,,Increases damage against humanoids and decreases damage from humanoids.,,,,,Chloe,
Ira's Divine Protection,Bondmate,,Continuously increases Divine Power.,Divine Power increased further based on skill level.,,,,Bondmate,
KANTIOS,Debuff,,Chaotic energy over a wide area strips away the self-awareness of 1 enemy row with a chance of Confusing them.,Probability increased while Confusion becomes harder to remove based on skill level.,34,Mage,,,
KATINO,Debuff,True,Generates sleep-inducing fumes over a wide area which have a chance of putting 1 enemy row to Sleep.,Probability increased while Sleep becomes harder to remove based on skill level.,3,Mage,,Asha,
Killing Blow,Active,,"Minor physical attack with high Accuracy on 1 enemy. When an enemy is defeated with this skill, after combat, there is a chance that the number of uses for specific skills or traps will be restored. The traps for which uses are replenished depend on the type of enemy. If an enemy is not defeated with this skill, the attacked enemy will become enraged for 4 turns. Enraged enemies will have greatly increased efficacy when attacking.",Trap replenishment rate increased based on skill level.,54,Ranger,,,
KINAPIC,Support,True,Receiving divine power to increase the Resistance of 1 ally row for 3 turns.,Resistance incrementally increased further based on skill level. More turns added.,20,Priest,,,Valdor
King's Disposition,Discipline,,"Continuously increases each stat, Accuracy and Stun Tolerance increased further.",Accuracy and Stun Tolerance increased further based on skill level.,,,,Arboris,
Knight's Creed,Discipline,,"Continuously increases each stat, Attack Power and Stun Tolerance increased further.",Attack Power and Stun Tolerance increased further based on skill level.,,,,Eckart,
Knight's Defense,Active,,Reduces all damage taken by all allies for 1 turn.,Damage decreased further based on skill level.,51,Knight,Knight-specific,,
Knight's Oath,Discipline,,"Continuously increases each stat, SP and Resistance increased further.",SP and Resistance increased further based on skill level.,,,,Clarissa,
Knowledge of Adventurers,Discipline,,"Continuously increases each stat, Attack Power and Detect increased further.",Attack Power and Detect increased further based on skill level.,,,,Olive,
Knowledge of the Millennial Lord,Passive,,Continuously reduces the MP/SP cost of Mage spells/skills that cost 3-10 MP/SP.,,,,,Adam,
Kunoichi Self-Discipline,Discipline,,"Continuously increases each stat, with Action Speed increased even further.",Stats increased further based on skill level.,,,,Human-Nin,
KUSFIS,Support,True,Words of prayer that cure 1 ally of Skill-binding or Spell-binding.,"Resistance up and HP recovery incrementally added based on skill level. Increased Resistance, area of Effects. and recovery amount.",27,Priest,,,Galina
LACONES,Damage,,Launches countless orbs of magic power that deal moderate untyped spell damage to all enemies.,Efficacy increased based on skill level.,40,Mage,Mage-specific,,
LAERLIK,Damage,,"Upheaves the ground, loosing a massive boulder which deals moderate earth spell damage to all enemies.",Efficacy increased based on skill level.,40,Mage,Mage-specific,,
LAFERU,Damage,,"Generates a massive tornado that shears all, dealing moderate air spell damage to all enemies.",Efficacy increased based on skill level.,40,Mage,Mage-specific,,
LAFOROS,Damage,,Generates a shower of countless lights that deal moderate light spell damage to all enemies.,Efficacy increased based on skill level.,40,Mage,Mage-specific,,
LAHALITO,Damage,,"Generates a massive pillar of flame that consumes all, dealing moderate fire spell damage to all enemies.",Efficacy increased based on skill level.,40,Mage,Mage-specific,,
LAMIGAL,Damage,,"Generates a massive torrent of water that swallows all, dealing moderate water spell damage to all enemies.",Efficacy increased based on skill level.,40,Mage,Mage-specific,,
LATUMAPIC,Support,,"Analyzing an enemy with enhanced eyes, the name of the nearest wandering enemy becomes known. In battle, the race and type of one enemy can be differentiated.",Effect changes based on skill level.,20,Ranger,Ranger-specific,,
LATUMOFIS,Support,True,Words of prayer that cure 1 ally of Poison.,"Resistance up, Critical Poison recovery, and HP recovery incrementally added based on skill level. Increased Resistance, area of Effects, and recovery amount.",6,Priest,,Marianne,
LAZELOS,Damage,,Generates a powerful mass of hatred that deals moderate dark spell damage to all enemies.,Efficacy increased based on skill level.,40,Mage,Mage-specific,,
Light Resistance Weakening,Debuff,,"By whispering malicious things to surrounding entities, there is a chance of decreasing the light-type tolerance of 1 enemy row for 2 turns.",Probability increased and Light-type Resistance Weakening effect is further increased based on skill level. Additional turns incrementally added.,67,Mage,Mage-specific,,
Light Shaft's Radiance,Passive,,"Increases damage to enemies for user and an ally in front of or behind them if the ally is light-type, with damage to dark-type enemies increased even further.",,,,,Adam,
Light Type Thaumaturgy,Passive,,Reduces light-type damage to self.,Damage decreased further based on skill level.,55,Mage,,,
Light-Kin Blessing,Passive,,Reduces light type damage for elves in the same row.,,,,,Emil,
Lightning Celerity,Passive,,Increases Evasion when equipped with a one-handed sword.,Attack Power increased further based on skill level.,,,,Gerard,
Line Cover,Active,,Chance to bear single-target attacks in place of allies in 1 ally row for 1 turn.,Defense Power Up incrementally added based on skill level.,20,Knight,Knight-specific,,
Lingering Blossom,Active,True,"Increases Atttack Power and Surety for 3 turns. For 1 turn, the user becomes more likely to be targeted by enemies, and if they would take damage that reduces their HP to 0, they might persevere once with 1 HP. If the user perseveres, their Evasion, Attack Power, and Surety are increased for 4 turns. Chance of persevering and chance of being targeted are greatly reduced, and Evasion, Attack Power, and Surety increase amounts are also reduced if learned by anyone other than Shiou.","Chance of becoming more likely to be targeted, Evasion, Attack Power, and Surety increased even futher based on skill level.",1,,,Shiou,
"Linked Steps, Relentless Assault",Passive,,Increases the damage of the next attack after defeating an enemy.,Damage further increased based on skill level.,70,Ninja,Ninja-specific,,
Locksmith's Craft,Discipline,,Continuously increases each stat. Evasion and Disarm Trap increased further.,Evasion and Disarm Trap increased further based on skill level.,,,,Jean,
Lord of the Deep Forest's Leadership,Passive,,Increases Evasion and Action Speed for user and all adjacent evil and neutral allies.,,,,,Arboris,
Lucent MAFOROS,Damage,True,"Channels additional Magic Power into MAFOROS, launching an even brighter, more powerful volley of light orbs that deals moderate light-type spell damage to 1 enemy row. Chance to reduce Accuracy for 3 turns. If the target is dark-type, damage dealt is increased and both the amount and chance of Accuracy reduction are higher. Damage is decreased while Accuracy reduction amount and chance are reduced if learned by someone other than Adam.","Damage increased, and the amount and chance of Accuracy reduction increased based on skill level.",,,,Adam,
MABADIOS,Damage,,A light-type attack spell cast by an exalted prayer. Deals minor damage to 1 enemy row based on the user's Divine Power. Damage is increased against undead.,Efficacy increased based on skill level.,62,Priest,,,
MACALDIA,Support,True,Expanded visibility of the area increases the Accuracy and Surety Rate of 1 ally row for 3 turns.,Accuracy and Surety rate incrementally increased further based on skill level. More turns added.,,,,Daniel,
MACONES,Damage,,Launches an orb of concussive magic power that deals minor untyped spell damage to 1 enemy row.,Efficacy increased based on skill level.,9,Mage,,,
MADALTO,Damage,,"Whips up a chilling blizzard gale, dealing minor untyped spell damage to 1 enemy row. Chance to inflict Chill on targets. If the target is already Chilled, the effect will progress further.",Probability increased and efficacy increased further based on skill level.,64,Mage,,,
MADI,Support,,"Enveloped in blessed light, 1 ally is cured of Poison, Sleep, Stun, or Paralysis, and major HP is restored.",Target types and recovery amount increased based on skill level.,53,Priest,,,
MADIOS,Support,True,Words of great blessing that restore minor HP to 1 ally row.,Recovery amount increased based on skill level.,12,Priest,,Emil,
MAERLIK,Damage,,Flings a stone that deals minor earth spell damage to 1 enemy row.,Efficacy increased based on skill level.,9,Mage,,,
MAFERU,Damage,True,Launches a massive blade of air that deals minor air spell damage to 1 enemy row.,Efficacy increased based on skill level.,9,Mage,,,Jarmil
MAFOROS,Damage,,Launches scattered orbs of light that deal minor light spell damage to 1 enemy row.,Efficacy increased based on skill level.,9,Mage,,,
Mage of the Black Rod,Passive,,"At the start of own turn, when user is in the front row, increases Attack Power, Defense Power, Accuracy, and Evasion, and when user is the back row, increases Magic Power, Magic Defense, and Resistance. Additionally, increases own Attack Power, Defense Power, Magic Defense, and Accuracy when equipped with a one-handed staff or one-handed sword.",,,,,Iarumas,
Magic Detection,Passive,,Continuously increases Detect.,Detect increased further based on skill level.,70,Mage,Mage/Mage of the Black Rod/Tall Mage-specific,,
Magic Guard,Passive,,Continuously increases Magic Defense when wearing heavy armor and when equipped with a heavy shield.,Magic Defense increased further based on skill level.,70,Knight,Knight-specific,,
Magic of the Dark One,Discipline,,"Continuously increases each stat, Divine Power and Magic Defense increased further.",Divine Power and Magic Defense increased further based on skill level.,,,,Alice,
Magical Being Knowledge,Passive,,Increases damage against magical beings and decreases damage from magical beings.,,,,,Dino,
MAHALITO,Damage,,Launches a blazing fireball that deals minor fire spell damage to 1 enemy row.,Efficacy increased based on skill level.,9,Mage,,,
MAKALKI,Support,,"Enveloped in divine light, nullifies status ailments once for 1 ally row for 2 turns. This skill is unaffected by duration-extending skills.","Enveloped in divine light, nullifies status ailments once for 1 ally row for 2 turns.",65,Priest,Priest-specific,,
MAKALTU,Support,True,Generates an encompassing wall of Magic Power that increases the Defense Power of 1 row of allies for 3 turns.,Defense Power incrementally increased further based on skill level. More turns added.,22,Priest,,Valdor,
MAKANITO,Damage,,Fouls the air with a chance of suffocating 1 enemy row. More effective against low-level targets.,Probability increased based on skill level.,51,Mage,,,
Malefic Wind,Damage,,"Envelopes the area in concentrated magic power, dealing moderate spell damage to 1 enemy row and dispels 1 multi-turn buff on that row.",Efficacy and probability increased based on skill level. Number of removals is incrementally increased.,61,Mage,,,
MAMIGAL,Damage,True,Launches a torrent of water that deals minor water spell damage to 1 enemy row.,Efficacy increased based on skill level.,9,Mage,,,Flut
MAREIN,Damage,,A radiance of mourning for the dead shines down on the undead in 1 enemy row with a chance to obliterate them based on the user's Divine Power.,Probability increased based on skill level.,15,Priest,,,
MASOLOTU,Support,,Conjures an apparition that increases the Evasion of 1 ally row for 3 turns.,Evasion incrementally increased further based on skill level. More turns added.,3,Priest,,,
Master of the Hunt,Discipline,,"Continuously increases each stat, Attack Power and Action Speed increased further.",Attack Power and Action Speed increased further based on skill level.,,,,Philip,
MAZELOS,Damage,,Launches an orb of immense spite that deals minor dark spell damage to 1 enemy row.,Efficacy increased based on skill level.,9,Mage,,,
Mel the Thief's Trap Decipher,Passive,,Continuously increases Disarm Trap.,Disarm Trap increased further based on skill level.,,,,Bondmate,
Mental Unity,Active,,Increases Spell Attack damage for 4 turns.,Spell attack damage increased further based on skill level.,22,Mage,,,
Midsummer Valor,Discipline,,"Continuously increases each stat, with SP and Surety increased even further.",SP and Surety increased further based on skill level.,,,,Chloe,
MIGAL,Damage,True,Launches an orb of water that deals minor water spell damage to 1 enemy.,Efficacy increased based on skill level.,1,Mage,,Flut,
MILWA,Support,,"Calls into being a light that illuminates the surroundings, expanding visibility during exploration until a certain distance is traveled. The caster's Action Speed is reduced at the start of battle. Decreases flee success rate for all allies.",The distance over which the effect persists is increased at specific levels. The surroundings become slightly visible even in areas where the corresponding map is unavailable at specific levels.,7,Ranger,,,
Miracle of Faith,Passive,,Increases Magic Defense when equipped with light armor.,,,,,Valdor,
Mirage Hunting,Active,True,Moderate physical attack with high Accuracy on 1 enemy. Surety and Surety Damage increases the higher the user's Evasion. Damage is reduced if learned by someone other than Gold Maiden.,"Efficacy, Surety, and Surety Damage increased based on skill level.",,,,Debra,
Mist of Reversal Stance,Active,,"User takes a Defensive Stance for 1 turn. While in this stance, damage received from spell attacks is reduced. Magic Power is increased for 5 turns based on the efficacy of the spell attack taken. The stance ends when an attack is received.",Damage taken further reduced and Magic Power further increased based on skill level.,64,Samurai,"Samurai-specific, Katana-specific",,
Moment of Finality,Active,True,"Unleashes the blasting spell contained with a charm, launching an untyped spell attack on 1 enemy row that bypasses Magic Defense. Damage based on Attack Power. Damage is reduced if learned by someone other than Rinne.",Efficacy and Magic Defense bypass rate increased based on skill level.,,,,Rinne,
Monolith-Bearer,Support,,Imbues the equipped katana with a earth-type trait.,Damage dealt when striking a weak point with a earth-type weapon increased based on skill level.,1/20/30/40,Samurai,"Samurai-specific, Katana-specific",,
MONTINO,Debuff,True,Silence over a wide area envelopes 1 enemy row with a chance of Spell-binding them.,Probability increased based on skill level.,27,Mage,,Dino,
Moonlit Pool of the White Daemon,Active,,"Moderate water-type physical attack on 1 enemy. Ignores distance modifiers. Damage, probability of Spell-Binding, and the rate of Magic Power reduction are reduced if learned by someone other than Livana.","Efficacy increased, with probability further increased and Magic Power further decreased based on skill level.",,,,Livana,
MORLIS,Debuff,,Generates an acidic mist over a wide area with a chance of reducing the Defense Power of 1 enemy row for 3 turns.,Probability increased while Defense Power decreased incrementally based on skill level. More turns added.,24,Mage,,,
Mudd's Caution,Passive,,Continuously increases Detect.,Detect increased further based on skill level.,,,,Bondmate,
Mutual Interests,Passive,,Increases damage to enemies for user and allies in front of or behind them if the ally is evil.,,,,,Milana,
Mysta Energy Manipulation,Passive,,Increases Magic Power when equipped with a yoto.,Magic Power increased further based on skill level.,70,Samurai,Samurai-specific,,
Nameless Loyalty,Passive,,Increases Tolerance of Sleep and Stun for user and all adjacent good allies.,,,,,Eldorado,
Natural Combatant,Discipline,,"Continuously increases each stat, Evasion greatly increased in particular.",Evasion increased further based on skill level.,,,,Savia,
Ninja Dual Wield,Passive,,"When equipped with a dagger, a dagger can be equipped in the left hand. When equipped with a throwing weapon, a throwing weapon can be equipped in the left hand. When using Ninja Dual Wield, Evasion and Action Speed are reduced.","Damage reduction rate is reduced when attacking with the left hand, based on skill level. The rate of left-hand Attack Power added to right-hand Attack Power when using attack skills is increased.",25,Ninja,Ninja-specific,,
NOFIS,Debuff,,Calls forth a calamity over a wide area with a chance of reducing the Magic Defense of 1 enemy row for 3 turns.,Probability increased while Magic Defense further decreased based on skill level.,53,Mage,,,
Nose for Treasure,Discipline,,"Continuously increases each stat, Disarm Trap and Detect increased further.",Disarm Trap and Detect increased further based on skill level.,,,,Amelia,
Nose for Wealth,Passive,,Increases the chance of obtaining sellable items from treasure chests.,Probability increased based on skill level.,61,Thief,Thief-specific,,
Oath of Fortitude,Passive,,"Increases Tolerance of Confusion, Charm, and Fear for user and all adjacent neutral allies.",,,,,Clarissa,
Old Sage With the Baby Face,Discipline,,"Continuously increases each stat, with MP and Magic Power increased even further.",MP and Magic Power increased further based on skill level.,,,,Erwin,
Old Warrior's Teachings,Discipline,,Continuously increases each stat. Accuracy and Defense Power increased further.,Accuracy and Defense Power increased further based on skill level.,,,,Elise,
One-Handed Weapon Proficiency,Passive,,"Increases Attack Power and Accuracy when equipped with a dagger, one-handed sword, or one-handed axe.",Attack Power and Accuracy increased further based on skill level.,,,,,
Passive Accuracy Up,Passive,True,Continuously increases Accuracy.,Accuracy increased further based on skill level.,,,,Beast-Thi,
Passive Accuracy Up (Fighter),Passive,True,Continuously increases Accuracy.,Accuracy increased further based on skill level.,16,Fighter,,,Chloe
Passive Accuracy Up (Innate),Passive,,Continuously increases Accuracy.,,,,,,
Passive Accuracy Up (Ranger),Passive,,Continuously increases Accuracy.,Accuracy increased further based on skill level.,12,Ranger,,,
Passive Action Speed Up,Passive,True,Continuously increases Action Speed.,Action Speed increased further based on skill level.,,,,Human-Nin,
Passive Action Speed Up (Innate),Passive,,Continuously increases Action Speed.,,,,,,
Passive Action Speed Up (Mind),Passive,,Continuously increases Action Speed.,Action Speed increased further based on skill level.,,,,,
Passive Action Speed Up (Thief),Passive,True,Continuously increases Action Speed.,Action Speed increased further based on skill level.,17,Thief,,,Bakesh
Passive Attack Power Up,Passive,True,Continuously increases Attack Power.,Attack Power increased further based on skill level.,,,,Human-Fig,
Passive Attack Power Up (Fighter),Passive,True,Continuously increases Attack Power.,Attack Power increased further based on skill level.,10,Fighter,,Gaston,
Passive Attack Power Up (Innate),Passive,,Continuously increases Attack Power.,,,,,,
Passive Attack Power Up (Mind),Passive,,Continuously increases Attack Power.,Attack Power increased further based on skill level.,,,,,
Passive Attack Power/Magic Power Up,Passive,True,Continuously increases Attack Power and Magic Power.,Attack Power and Magic Power increased further based on skill level.,,,,Human-Sam,
Passive Attack Power/Magic Power Up (Innate),Passive,,Continuously increases Attack Power and Magic Power.,,,,,,
Passive Defense Power Up (Fighter),Passive,True,Continuously increases Defense Power.,Defense Power increased further based on skill level.,,,Chloe,,
Passive Defense Power Up (Knight),Passive,True,Continuously increases Defense Power.,Defense Power increased further based on skill level.,10,Knight,,,
Passive Detection Up (Mage),Passive,,Continuously increases Detect.,Detect increased further based on skill level.,4,Mage,,,
Passive Detection Up (Ranger),Passive,,Continuously increases Detect.,Detect increased further based on skill level.,22,Ranger,,,
Passive Detection Up (Thief),Passive,,Continuously increases Detect.,Detect increased further based on skill level.,35,Thief,,,
Passive Divine Power Up,Passive,True,Continuously increases Divine Power.,Divine Power increased further based on skill level.,,,,Elf-Pri,
Passive Divine Power Up (Innate),Passive,,Continuously increases Divine Power.,,,,,,
Passive Divine Power Up (Priest),Passive,,Continuously increases Divine Power.,Divine Power increased further based on skill level.,5,Priest,,,
Passive Evade Trap Up (Ranger),Passive,,Continuously increases Evade Trap.,Evade Trap increased further based on skill level.,28,Ranger,,,
Passive Evade Trap Up (Thief),Passive,True,Continuously increases Evade Trap.,Evade Trap increased further based on skill level.,5,Thief,,,
Passive Evasion Up (Mind),Passive,,Continuously increases Evasion.,Evasion increased further based on skill level.,,,,,
Passive Evasion Up (Ninja),Passive,,Continuously increases Evasion.,SP increased further based on skill level.,13,Ninja,,,
Passive Evasion Up (Thief),Passive,True,Continuously increases Evasion.,Evasion increased further based on skill level.,11,Thief,,,Jean
Passive HP Up,Passive,True,Continuously increases HP.,HP increased further based on skill level.,,,,Dwarf-Kni,
Passive HP Up (Fighter),Passive,True,Continuously increases HP.,HP increased further based on skill level.,6,Fighter,,Benjamin,
Passive HP Up (Innate),Passive,,Continuously increases HP.,,,,,,
Passive HP Up (Knight),Passive,True,Continuously increases HP.,HP increased further based on skill level.,3,Knight,,,
Passive HP Up (Mind),Passive,,Continuously increases HP.,HP increased further based on skill level.,,,,,
Passive Magic Defense Up (Knight),Passive,True,Continuously increases Magic Defense.,Magic Defense increased further based on skill level.,17,Knight,,,Barbara
Passive Magic Defense Up (Priest),Passive,True,Continuously increases Magic Defense.,Magic Defense increased further based on skill level.,11,Priest,,,
Passive Magic Power Up,Passive,True,Continuously increases Magic Power.,Magic Power increased further based on skill level.,,,,Elf-Mag,
Passive Magic Power Up (Innate),Passive,,Continuously increases Magic Power.,,,,,,
Passive Magic Power Up (Mage),Passive,,Continuously increases Magic Power.,Magic Power increased further based on skill level.,15,Mage,,,
Passive MP Up,Passive,True,Continuously increases MP..,MP increased further based on skill level.,,,,Human-Pri,
Passive MP Up (Innate),Passive,,Continuously increases MP.,,,,,,
Passive MP Up (Mage),Passive,,Continuously increases MP.,MP increased further based on skill level.,7,Mage,,,
Passive MP Up (Mind),Passive,,Continuously increases MP.,MP increased further based on skill level.,,,,,
Passive Resistance Up (Knight),Passive,True,Continuously increases Resistance.,Resistance increased further based on skill level.,7,Knight,,,
Passive Resistance Up (Priest),Passive,,Continuously increases Resistance.,Resistance increased further based on skill level.,18,Priest,,,
Passive SP Up (Mind),Passive,,Continuously increases SP.,SP increased further based on skill level.,,,,,
Passive SP Up (Ninja),Passive,,Continuously increases SP.,SP increased further based on skill level.,9,Ninja,,,
Passive Surety Rate Up (Mind),Passive,,Continuously increases Surety.,Surety increased further based on skill level.,,,,,
Passive Surety Up (Ninja),Passive,,Continuously increases Surety.,Surety increased further based on skill level.,18,Ninja,,,
Passive Surety Up (Thief),Passive,True,Continuously increases Surety.,Surety increased further based on skill level.,13,Thief,,,Viviana
Path Walked with a Skull,Discipline,,"Continuously increases each stat, with HP and MP increased even further.",HP and MP increased further based on skill level.,,,,Yekatarina,
Penetrating Shot,Active,,Moderate physical attack of 1 enemy row. Bypasses Defense Power. Efficacy increases with Attack Power and Accuracy.,Efficacy and Defense Power bypass rate increased based on skill level.,32,Ranger,Bow-specific,,
Pinnacle of the Flower District,Discipline,,"Continuously increases each stat, with SP ad Attack Power increased further.",SP and Attack Power increased further based on skill level.,,,,Yuzunamiki,
Planned Hunting,Passive,,Increases damage against magical beasts and decreases damage from magical beasts.,,,,,Benjamin,
Poised All-Out Strike,Active,,Moderate physical attack on 1 enemy. This skill cannot be used on the next turn after it is used.,Efficacy increased based on skill level.,68,Fighter,Fighter/Mage of the Black Rod-specific,,
Poison Attack,Active,True,Minor physical attack on 1 enemy. Chance to poison based on the user's Dexterity.,Efficacy and probability increased and poison damage augmented based on skill level.,23,Thief,,Milana,
Poison Berry,Active,,"Minor physical attack on 1 enemy. If the target is poisoned, cures the poison and inflicts critical poison. Does not cure Poison if the target is already affected by critical poison.",Efficacy and critical poison damage incerased based on skill level.,65,Thief,,,
PORTO,Support,,Blows a tailwind that increases the Action Speed of 1 ally for 3 turns.,Action Speed incrementally increased further based on skill level. More turns added.,8,Priest,,,
Practical Self-Defense,Discipline,,"Continuously increases each stat, SP and Resistance increased further.",SP and Resistance increased further based on skill level.,,,,Chloe,
Prayer of Rebellion,Support,True,Generates flames of rebellion that increase the Attack Power and Resistance of 1 row of allies for 3 turns. Attack Power and Resistance increase amount and number of turns are reduced if learned by someone other than Red Beard.,Attack Power and Resistance incrementally increased further based on skill level. Additional turns added.,,,,Red Beard,
Precision Strike,Active,,Minor physical attack with high Accuracy on 1 enemy. bypasses Defense Power and guarantees a decisive hit on enemies in preparation.,Efficacy increased while Defense Power further bypassed based on skill level.,3,Thief,,,
Presence of Mind,Passive,,"Attacks become more likely to hit, even enemies that are out of range.",,,,,Philip,
Priest Weapon Mastery,Passive,,Piety value is added to Attack Power.,Additional Piety increased further based on skill level.,30,Priest,,,
Protector of the Kingdom,Discipline,,"Continuously increases each stat, HP and Defense Power increased further.",HP and Defense Power increased further based on skill level.,,,,Eulalia,
Pursuit of Prayer,Discipline,,"Continuously increases each stat, HP and Divine Power increased further.",HP and Divine Power increased further based on skill level.,,,,Emil,
Queen of War and Love,Passive,True,Restores minor HP to all allies upon winning a battle. Recovery amount is reduced if learned by someone other than Lanavaille.,Recovery amount increased based on skill level.,,,,Lanavaille,
Quickdraw Stance,Active,,Transition to Quickdraw Stance and perfom Quickdraw Slash 1 turn later. Evades and counters with Quickdraw: Reverse Wave when taking a physical attack. Stance is canceled if hit by non-physical attacks. Usable only when a katana is equipped at the start of a turn.,Efficacy increased based on skill level.,35,Samurai,"Samurai-specific, Katana-specific",,
Raging King I,Active,True,"Moderate physical attack with high Accuracy on 1 enemy. For each time the user is attacked from the end of their turn until the start of their next, their damage increases on that turn.  The damage increase effect resets at the end of the user's turn. Damage is reduced if learned by someone other than Galbadus.",,,,,Galbadus,
Recovery,Passive,,Chance to remove 1 naturally-recoverable status affliction at the start of own turn (affected by luck).,Probability increased based on skill level.,29,Knight,,,
Red Spinner Mage,Discipline,,"Continuously increases each stat, with HP and Sleep Tolerance increased further.",HP and Sleep Tolerance increased further based on skill level.,,,,Asha,
REILIS,Support,,"Words of prayer that cure 1 ally of Fear, Confusion, or Charm.","Resistance up and HP recovery incrementally added based on skill level. Increased Resistance, area of Effects. and recovery amount.",23,Priest,,,
REINIKUS,Support,,Words of prayer that cure 1 ally of Stone.,"Resistance up and HP recovery incrementally added based on skill level. Increased Resistance, area of Effects. and recovery amount.",35,Priest,,,
Royal Knight Aspirant,Discipline,,"Continuously increases each stat, SP and Accuracy increased further.",SP and Accuracy increased further based on skill level.,,,,Alex,
Sacred Blessing,Passive,,Reduces own damage taken from undead.,Damage decreased further based on skill level.,55,Priest,Priest-specific,,
Sacred Healer,Passive,,Reduces the MP cost of DIOS and MADIOS.,,,,,Marianne,
Sacred Resistance,Passive,,Increases own Resistance and Divine Power during ambushes for 2 turns.,Resistance and Divine Power increased further based on skill level.,70,Priest,,,
Salvation through Wealth,Discipline,,Continuously increases each stat. MP and Curse Tolerance Trap increased further.,MP and Curse Tolerance increased further based on skill level.,,,,Marianne,
Sanctified Prayer,Discipline,,"Continuously increases each stat, with Divine Power and Magic Defense increased further.",Divine Power and Magic Defense increased further based on skill level.,,,,Marianne,
Scatter Shot,Active,,"Minor physical attack 5 times on random enemies. If the same enemy is hit multiple times, damage decreases with each additional hit. Efficacy increases with Attack Power and Accuracy",Efficacy increased based on skill level.,70,Ranger,Bow-specific,,
Second Arrow,Passive,,"When attacking with a normal attack or attack skill, if there are multiple enemies, there is a chance to attack a different enemy instead (affected by Luck).",Probability increased based on skill level.,62,Ranger,Ranger-specific,,
Secret Art of LABADIOS,Damage,,Can use LABADIOS once during the battle when placed in the center of the back row. If LABADIOS has been learned. the power of that secret art is enhanced.,,,,,Alice,
Secret Art of LAERLIK,Damage,,Can use LAERLIK once during the battle when placed in the center of the back row. If LAERLIK has been learned. the power of that secret art is enhanced.,,,,,Yekaterina,
Secret Art of LAFOROS,Damage,,Can use LAFOROS once during the battle when placed in the center of the back row. If LAFOROS has been learned. the power of that secret art is enhanced.,,,,,Adam,
Self-Defense,Active,True,Greatly increases own Defense Power and Magic Defense for 3 turns.,Defense Power and Magic Defense incrementally increased further based on skill level. More turns added.,27,Knight,,,Clarissa
Self-Healing,Active,True,Continuously restores own minor HP for 3 turns.,Recovery amount increased based on skill level.,6,Knight,,Clarissa,
Shadowy Alignment,Passive,,Increases Evasion when equipped with a dagger or throwing weapon.,,,,,Kiriha,
"Shedding Armor, Flashing Blade",Active,,"Greatly increases own Action Speed, Evasion, and Surety rate for 5 turns.  Defense Power and Magic Defense gained from equipment becomes 0.","Own Action Speed, Evasion, and Surety rate further increased based on skill level.",67,Ninja,,,
Sidestep,Passive,,Increases Evasion when equipped with cloth.,,,,,Viviana,
Sir Jack's Mettle,Bondmate,,Continuously increases HP.,HP increased further based on skill level.,,,,Bondmate,
Skull Study,Passive,,Continuously reduces the MP/SP cost of Thief spells/skills that cost 3-10 MP/SP.,,,,,Debra,
Skull's Tutelage,Passive,,Decreases physical damage taken from enemies and increases HP when user is in the back row.,,,,,Yekaterina,
Slayer of the White Calamity,Passive,,"Increases damage to magical beasts. If a battle begins against an enemy caught in a trap, damage to magical beasts is also increased for allies directly in front of or behind the user.",,,,,Yrsa,
Smoke Bomb,Active,,Chance to greatly reduce the Accuracy of close-range attacks for all enemies and all allies for 2 turns. Increases flee success rate for all allies.,"Accuracy rate of close-range attacks further decreased, while the number of uses and  flee success rate are further increased based on skill level.",15,Ranger,,,
Sneak Attack,Active,,Major physical attack on 1 enemy. Bypasses Defense Power and ignores distance modifiers and Guard. Can only be activated while hidden.,Efficacy increased based on skill level.,30,Thief,Thief-specific,,Milana
Sniper,Passive,,"When performing a physical attack, deals damage based on Attack Power and Accuracy.",,1,Ranger,Ranger-specific,,
Soaring Beast Knight,Passive,,Increases Evasion when equipped with a two-handed spear and light armor.,,,,,Savia,
Solid Devotion,Discipline,,"Continuously increases each stat, Magic Defense and Stun Tolerance increased further.",Magic Defense and Stun Tolerance increased further based on skill level.,,,,Eldorado,
Spellcraft Bookmark,Passive,,Reduces the MP/SP cost and increases damage dealt to enemies if the same spell attack as in the previous action is selected.,,,,,Erwin,
Spiritual Power of the Dark One,Discipline,,"Continuously increases each stat, with MP and Divine Power increased even further.",MP and Divine Power increased further based on skill level.,,,,Alice,
Stealth,Passive,True,Continuously increases Initiative rate.,Initiative rate increased further based on skill level.,15,Thief,,Amelia,
Stirring Righteousness,Passive,,Increases damage to enemies for everyone in the user's row if it has only good or neutral allies.,,,,,Lanavaille,
Storm-Bearer,Support,,Imbues the equipped katana with an air-type trait.,Damage dealth when striking a weak point with an air-type weapon increased based on skill level.,1/20/30/40,Samurai,"Samurai-specific, Katana-specific",,
Strike of Righteous Fury,Damage,,"Minor physical attack on all enemies in the frontmost enemy row. Enrages the attacked enemy and has a chance to decrease their Defense Power based on the user's Strength for 2 turns. Enraged enemies will have reatly increased efficacy when attacking. The enraged status is note affected by effect duration-extending skills.  Usable only when an odachi is equipped at the start of the turn.","",999,Samurai,"Samurai-specific, Odachi-specific",,
Strong and Gentle Priest,Discipline,,"Continuously increases each stat, Defense Power and Resistance increased further.",Defense Power and Resistance increased further based on skill level.,,,,Daniel,
Strongest in the Village,Discipline,,"Continuously increases each stat, Attack Power and Defense Power increased further.",Attack Power and Defense Power increased further based on skill level.,,,,Benjamin,
Strongly Selfish,Discipline,,"Continuously increases each stat, with Defense Power and Action Speed increased further.",Defense Power and Action Speed increased further based on skill level.,,,,Milana,
Strongly Suspicious,Discipline,,"Continuously increases each stat, Magic Defense and Action Speed increased further.",Magic Defense and Action Speed increased further based on skill level.,,,,Milana,
Stun Bash,Active,True,Moderate physical attack on 1 enemy. Chance to stun based on Defense Power.,Efficacy and probability increased based on skill level.,8,Knight,Close/mid-range weapon-specific,Alex,
Superior Principles,Passive,,Further increases damage dealt when attacking with an element type that the target is weak against.,,,,,Bugen,
Tactical Bola,Active,,"Entangles 1 enemy with a tactical bola. For a set number of turns, it deals continuous HP damage to the entangled enemy when it performs close-range attacks, and has a chance to inflict Poison each tim conti uous HP damage occurs.","Continuous HP damage, Poison infliction chance, and Poison damage amount increased based on skill level.",50,Ranger,,,
Talented Trapsmith,Discipline,,"Continuously increases each stat, Disarm Trap and Evade Trap increased further.",Disarm Trap and Evade Trap increased further based on skill level.,,,,Bakesh,
Tall Mage,Discipline,,"Continuously increases each stat, with Attack Power, SP, Defense Power, and Magic Defense increased further.","Attack Power, SP, Defense Power, and Magic Defense further increased based on skill level.",,,,Berkanan,
The One Who Enforces,Passive,,Increases Surety and Accuracy when equipped with a two-handed axe.,,,,,Livana,
Thief's Guild Trainee,Discipline,,Continuously increases each stat. SP and Disarm Trap increased further.,SP and Disarm Trap increased further based on skill level.,,,,Viviana,
Thievery Proficiency,Passive,,Continuously reduces the SP cost of Thief skills.,SP cost reduced further based on skill level.,,,,,
Thousand Hue Blossom,Active,True,"Performs a minor physical attack on a random target, with double the hit count, and a chance to inflict Charm. If this skill damages an already Charmed enemy, the Charm status affliction will not be removed. Charm effect is lost and damage is reduced if learned by someone other than Yuzunamiki.",Efficacy increased based on skill level and chance of inflicting Charm increased further.,,,Long-range weapon-specific,,Yuzunamiki
Thousandfold Grip,Passive,,"Increases Surety rate of odachi-specific skills, Ephemeral Illusion Stance, Running Flame, Running Blaze, and Running Inferno when equipped with an odachi.","",62,Samurai,"Samurai-specific, Odachi-specific",,
Thundersmiter's Protection,Discipline,,Continuously increases each stat. Evasion and Action Speed increased further.,Evasion and Action Speed increased further based on skill level.,,,,Gerard,
Thunderstrike,Active,True,Moderate air type physical attack on 1 enemy. Low chance of inflicting Paralysis on target. Damage is reduced if learned by someone other than Gerard.,Efficacy increased based on skill level and chance of inflicting Paralysis increased.,,,,Gerard,
Tide-Bearer,Support,,Imbues the equipped katana with a water-type trait.,Damage dealt when striking a weak point with a water-type weapon increased based on skill level.,1/20/30/40,Samurai,"Samurai-specific, Katana-specific",,
Tradition in Shadows,Discipline,,"Continuously increases each stat, with Accuracy and Evasion increased further.",Accuracy and Evasion increased further based on skill level.,,,,Kiriha,
Traitor to Gods,Discipline,,"Continuously increases each stat, Divine Power and Attack Power increased further.",Divine Power and Attack Power increased further based on skill level.,,,,Red Beard,
Trap Disarm Master's Resolve,Passive,,Low chance of curing own Trapophobia when an ally successfully disarms a trap.,Probability increased based on skill level.,54,Thief,,,
Trap Traversal,Active,,"While exploring, nullifies discerned floor traps that deal damage until a certain distance has been traveled (some trapscannot be nullified).",Movement distance for which the effect persists increased based on skill level.,60,Ranger,,,
Treasure Master,Passive,,Continuously increases the number of trap disarm attempts.,,63,Thief,Thief-specific,,
Treasure Trap Detection Skill,Passive,True,Continuously increases Trap Detection rate.,Trap detection rate increased further based on skill level.,1,Thief,,Bakesh,
Treasure Trap Disarm Skill,Passive,True,Continuously increases Disarm Trap.,Disarm Trap increased further based on skill level.,3,Thief,,Jean,
True Eye Stance,Passive,,"The stance taken at the start of battle. If in a different stance, performing a normal attack will switch it to True Eye Stance.","Enters True Eye Stance at the start of battle. If in a different stance, performing a normal attack will switch it to True Eye Stance.",1,Samurai,Samurai-specific,,
True Words of Fire,Damage,True,"Deals minor fire spell damage to 1 enemy. Chance to decrease the enemy's Accuracy and Defense Power for 3 turns. Damage increased based on the mage or Tall Mage's class level. Damage reduced, and Accuracy and Defense Power decrease chance and number of turns are reduced if learned by someone other than Berkanan.","Chance increased further, Accuracy/Defense Power decreased further, and number of continuous turns increased based on skill level.",,,,Berkanan,
Twilight of the Long-Lived Race,Discipline,,"Continuously increases each stat, with MP and Resistance increased even further.",MP and Resistance increased further based on skill level.,,,,Adam,
Tyrant's Gravity,Passive,,"At the start of battle, the user is more easily targeted by all enemies. The effect ends if the user is attacked 3 times.",,,,,Galbadus,
TZALIK,Damage,True,Deals major untyped spell damage to 1 enemy. Greatly bypasses Magic Defense with a chance to inflict Paralysis on target. Damage and Paralysis rate are reduced if learned by someone other than Iarumas.,Efficacy and Paralysis probability increased further based on skill level.,,,,Iarumas,
"Unending Deaths, Continuous Funerals",Active,,"Minor physical attack on 1 enemy. If the target is defeated, performs a minor physical attack to another enemy.",Efficacy increased based on skill level.,64,Ninja,Ninja-specific,,
Unstoppable Curiosity,Discipline,,Continuously increases each stat. Detect and Fear Tolerance increased further.,Detect and Fear Tolerance increased further based on skill level.,,,,Dino,
Untyped Resistance Weakening,Debuff,,"By whispering malicious things to surrounding entities, there is a chance of decreasing the untyped-type tolerance of 1 enemy row for 2 turns.",Probability increased and Untyped-type Resistance Weakening effect is further increased based on skill level. Additional turns incrementally added.,67,Mage,Mage/Mage of the Black Rod-specific,,
Untyped Thaumaturgy,Passive,,Reduces untyped damage to self.,Damage decreased further based on skill level.,55,Mage,,,
Unwavering Faith,Discipline,,Continuously increases each stat. Divine Power and Critical Evasion increased further.,Divine Power and Critical Tolerance increased further based on skill level.,,,,Galina,
Unyielding Will to Fight,Passive,True,Chance to cheat death with 1 HP when taking fatal damage (affected by luck).,Probability increased based on skill level.,35,Knight,,,Eulalia
Valiant Righteousness,Passive,,"<span style=""color: yellow"">Own Action Speed increased based on the number of one-handed swords and light armor equipped to self.</span> Increases damage to enemies for everyone in the user's row if it has only good or neutral allies.",,,,,Lanavaille,
Vengeful Oath Conditioning,Discipline,,"Continuously increases each stat, with Attack Power and Accuracy increased even further.",Attack Power and Accuracy increased further based on skill level.,,,,Gillion,
Vitality Jutsu,Passive,,Continuously increases attack power as thr current HP percentage increases.,Attack Power increased further based on skill level.,61,Ninja,,,
Voice Theft,Active,,"Marks an opponent, sealing away their voice, with a high chance of Spell-Binding 1 enemy for 2 turns.",Probability incrementally increased further based on skill level. More turns added.,22,Ninja,,,
Warrior Princess of Resolution and Love,Discipline,,Continuously increases each stat. Defense Power and Confusion/Charm Tolerance increased further.,Defense Power and Confusion/Charm Tolerance increased further based on skill level.,,,,Lanavaille,
Warrior's Battle Cry,Active,True,Increases own Attack Power and decreases Defense Power for 4 turns.,Attack Power increased further based on skill level.,8,Fighter,,Chloe,
Water Formation,Passive,,Increases damage to fire type enemies for user and adjacent water type allies if there are at least 2 water type allies adjacent to the user.,,,,,Flut,
Water Resistance Weakening,Debuff,,"By whispering malicious things to surrounding entities, there is a chance of decreasing the water-type tolerance of 1 enemy row for 2 turns.",Probability increased and Water-type Resistance Weakening effect is further increased based on skill level. Additional turns incrementally added.,67,Mage,Mage-specific,,
Water Type Thaumaturgy,Passive,,Reduces water-type damage to self.,Damage decreased further based on skill level.,55,Mage,,,
Water-Kin Blessing,Passive,,Reduces water type damage for humans in the same row.,,,,,Daniel,
Way of the Field of Battle,Discipline,,Continuously increases each stat. Evasion and Action Speed increased further.,Evasion and Action Speed increased further based on skill level.,,,,Ophelia,
Way of the Knight,Passive,True,Chance to reduce damage when user is attacked (affected by luck).,Probability increased while damage decreased incrementally based on skill level.,25,Knight,,,Alex
Way of the Mage,Passive,,Continuously reduces the MP cost of attack and debuff spells.,MP cost reduced further based on skill level.,25,Mage,,,
Way of the Priest,Passive,True,Reduces the MP cost of recovery and support spells.,MP cost reduced further based on skill level.,25,Priest,,,Marianne
Way of the Thief,Passive,,Increases decisive damage during a decisive hit.,Decisive damage increased further based on skill level.,25,Thief,,,
Way of the Warrior,Passive,True,Increases close-range damage when equipped with close or mid-range weapon.,Damage increased further based on skill level.,25,Fighter,,,"Gandolfo, Ophelia"
Wayfaring Hunter's Savvy,Passive,,"If there are 4 or more enemies during an ambush, for 1 turn, all allies greatly reduce damage taken 1 time.",,,,,Heinrico,
Weaponmaster,Discipline,,Continuously increases each stat. Accuracy and Surety increased further.,Accuracy and Surety increased further based on skill level.,,,,Gandolfo,
Wide Volley,Active,True,Minor physical attack on 1 enemy row. Efficacy Increases with Attack Power and Accuracy.,Efficacy increased based on skill level.,10,Ranger,Bow-specific,,Heinrico
Wild Knight,Passive,,Continuously reduces the MP/SP cost of Knight spells/skills that cost 3-10 MP/SP.,,,,,Barbara,
Wild Strike,Active,,"Major physical attack on 1 enemy. Afterward, own Action Speed is reduced.",Recovery amount increased based on skill level.,31,Fighter,Close/mid-range weapon-specific,,"Benjamin, Elise"
Wild Throw,Active,,Minor physical attack on 3 random enemies.,Efficacy increased based on skill level.,10,Ninja,"Long-range weapon-specific, Ninja-specific",,Kiriha
Will of the Millennial Lord,Discipline,,Continuously increases each stat. Magic Power and Action Speed increased further.,Magic Power and Action Speed increased further based on skill level.,,,,Adam,
Will to Fight,Passive,True,"Increases Accuracy, Evasion, and Surety when HP is below a certain level.",Adds more affected stats based on skill level and Effects increased further.,36,Fighter,,Olive,
Wisdom of the Crafty Old Dwarf,Discipline,,"Coninuously increases Detect, Evade Trap, Disarm Trap, and Trapophobia Tolerance. Detect, Evade Trap, Disarm Trap, and Trapophobia Tolerance increase amounts are reduced if learned by someone other than Aldric.","Detect, Evade Trap, Disarm Trap, and Trapophobia Tolerance increased further based on skill level.",,,,Aldric,
Wisdom of Truth,Passive,True,Eliminates dampening of damage from types the user is at a disadvantage with a chance to reduce damage when user is attacked (affected by Luck). Damage reduction amount/rate are reduced if learned by someone other than Adam.,"Incrementally adds MP up, with a chance to reduce damage when attacked, based on skill level. Probability increased and damage further reduced.",,,,Adam,
Witching Wisdom,Passive,,Increases the success of status afflictions and debuffs inflicted by the user.,,,,,Asha,
Young Spell Prodigy,Discipline,,"Continuously increases each stat, MP and Magic Power increased further.",MP and Magic Power increased further based on skill level.,,,,Flut,
ZELOS,Damage,,Launches an orb of condensed spite that deals minor dark spell damage to 1 enemy.,Efficacy increased based on skill level.,1,Mage,,,
ZILFIS,Support,,Words of prayer that cure 1 ally of Curse.,"Resistance up and HP recovery incrementally added based on skill level. Increased Resistance, area of Effects. and recovery amount.",29,Priest,,,

