StartingRow,StartLoc,Type,Compendium Number,Item Name,Rank,# of Attacks,Buy Price,Sell Price,ATK0,MAG0,DIV0,DEF0,MDEF0,ASPD0,ACC0,SUR0,EVA0,RES0,ATK5,MAG5,DIV5,DEF5,MDEF5,ASPD5,ACC5,SUR5,EVA5,RES5,ATK10,MAG10,DIV10,DEF10,MDEF10,ASPD10,ACC10,SUR10,EVA10,RES10,ATK15,MAG15,DIV15,DEF15,MDEF15,ASPD15,ACC15,SUR15,EVA15,RES15,ATK20,MAG20,DIV20,DEF20,MDEF20,ASPD20,ACC20,SUR20,EVA20,RES20,Traits / Special Effects
2,Dagger!A2,Dagger,1,Worn-Out Dagger,Worn,2,,15,8,0,0,0,0,4,15,0,2,0,13,0,0,0,0,4,15,0,2,0,18,0,0,0,0,4,15,0,2,0,23,0,0,0,0,4,15,0,2,0,28,0,0,0,0,4,15,0,2,0,Nimble Strike
8,Dagger!A8,Dagger,12,Bronze Dagger,Bronze,2,375,60,16,0,0,0,0,4,15,0,2,0,24,0,0,0,0,4,15,0,2,0,31,0,0,0,0,4,15,0,2,0,39,0,0,0,0,4,15,0,2,0,46,0,0,0,0,4,15,0,2,0,Nimble Strike
14,Dagger!A14,Dagger,56,Dagger of Undead Bane,Bronze,2,,75,17,0,0,0,0,4,15,0,2,0,25,0,0,0,0,4,15,0,2,0,32,0,0,0,0,4,15,0,2,0,40,0,0,0,0,4,15,0,2,0,47,0,0,0,0,4,15,0,2,0,"Nimble Strike, Vs Undead"
20,Dagger!A20,Dagger,23,Iron Dagger,Iron,2,1125,180,25,0,0,0,0,4,15,0,2,0,35,0,0,0,0,4,15,0,2,0,45,0,0,0,0,4,15,0,2,0,55,0,0,0,0,4,15,0,2,0,65,0,0,0,0,4,15,0,2,0,Nimble Strike
26,Dagger!A26,Dagger,34,Steel Dagger,Steel,2,,360,33,0,0,0,0,4,15,0,2,0,46,0,0,0,0,4,15,0,2,0,58,0,0,0,0,4,15,0,2,0,71,0,0,0,0,4,15,0,2,0,83,0,0,0,0,4,15,0,2,0,Nimble Strike
32,Dagger!A32,Dagger,74,Mage Knife,Steel,2,,450,28,0,0,0,0,4,15,0,2,0,41,0,0,0,0,4,15,0,2,0,53,0,0,0,0,4,15,0,2,0,66,0,0,0,0,4,15,0,2,0,78,0,0,0,0,4,15,0,2,0,"Nimble Strike, I.Q. Conversion"
38,Dagger!A38,Dagger,75,Dagger of Corrosion,Steel,2,,450,31,0,0,0,0,4,15,0,2,0,44,0,0,0,0,4,15,0,2,0,56,0,0,0,0,4,15,0,2,0,69,0,0,0,0,4,15,0,2,0,81,0,0,0,0,4,15,0,2,0,"Nimble Strike, Defense Power Decrease"
44,Dagger!A44,Dagger,76,Paralyzer Dagger,Steel,2,11250,2250,31,0,0,0,0,4,15,0,2,0,44,0,0,0,0,4,15,0,2,0,56,0,0,0,0,4,15,0,2,0,69,0,0,0,0,4,15,0,2,0,81,0,0,0,0,4,15,0,2,0,"Nimble Strike, Inflict Paralysis"
50,Dagger!A50,Dagger,111,Dagger of Flame,Steel,2,,450,31,0,0,0,0,4,15,0,2,0,44,0,0,0,0,4,15,0,2,0,56,0,0,0,0,4,15,0,2,0,69,0,0,0,0,4,15,0,2,0,81,0,0,0,0,4,15,0,2,0,"Nimble Strike, Fire Type"
56,Dagger!A56,Dagger,121,Dagger of the Water Drop,Steel,2,,450,31,0,0,0,0,4,15,0,2,0,44,0,0,0,0,4,15,0,2,0,56,0,0,0,0,4,15,0,2,0,69,0,0,0,0,4,15,0,2,0,81,0,0,0,0,4,15,0,2,0,"Nimble Strike, Water Type"
62,Dagger!A62,Dagger,130,Dagger of the Gale,Steel,2,,450,31,0,0,0,0,4,15,0,2,0,44,0,0,0,0,4,15,0,2,0,56,0,0,0,0,4,15,0,2,0,69,0,0,0,0,4,15,0,2,0,81,0,0,0,0,4,15,0,2,0,"Nimble Strike, Air Type"
68,Dagger!A68,Dagger,139,Dagger of the Soil,Steel,2,,450,31,0,0,0,0,4,15,0,2,0,44,0,0,0,0,4,15,0,2,0,56,0,0,0,0,4,15,0,2,0,69,0,0,0,0,4,15,0,2,0,81,0,0,0,0,4,15,0,2,0,"Nimble Strike, Earth Type"
74,Dagger!A74,Dagger,Ex.,Tanto of Slicing,Steel,2,,,33,0,0,0,0,4,15,6,2,0,46,0,0,0,0,4,15,8,2,0,58,0,0,0,0,4,15,11,2,0,71,0,0,0,0,4,15,13,2,0,83,0,0,0,0,4,15,16,2,0,Nimble Strike
80,Dagger!A80,Dagger,45,Ebonsteel Dagger,Ebonsteel,2,,750,45,0,0,0,0,4,15,0,2,0,60,0,0,0,0,4,15,0,2,0,75,0,0,0,0,4,15,0,2,0,90,0,0,0,0,4,15,0,2,0,105,0,0,0,0,4,15,0,2,0,Nimble Strike
86,Dagger!A86,Dagger,89,Dagger of Expulsion,Ebonsteel,2,,938,43,0,0,0,0,4,15,0,2,0,58,0,0,0,0,4,15,0,2,0,73,0,0,0,0,4,15,0,2,0,88,0,0,0,0,4,15,0,2,0,103,0,0,0,0,4,15,0,2,0,"Nimble Strike, Vs Undead"
92,Dagger!A92,Dagger,98,Demonbane Dagger,Ebonsteel,2,,938,43,0,0,0,0,4,15,0,2,0,58,0,0,0,0,4,15,0,2,0,73,0,0,0,0,4,15,0,2,0,88,0,0,0,0,4,15,0,2,0,103,0,0,0,0,4,15,0,2,0,"Nimble Strike, Demon Slayer"
98,Dagger!A98,Dagger,148,Dagger of the Aurora,Ebonsteel,2,,938,43,0,0,0,0,4,15,0,2,0,58,0,0,0,0,4,15,0,2,0,73,0,0,0,0,4,15,0,2,0,88,0,0,0,0,4,15,0,2,0,103,0,0,0,0,4,15,0,2,0,"Nimble Strike, Light Type"
104,Dagger!A104,Dagger,158,Dagger of Eternal Darkness,Ebonsteel,2,,938,43,0,0,0,0,4,15,0,2,0,58,0,0,0,0,4,15,0,2,0,73,0,0,0,0,4,15,0,2,0,88,0,0,0,0,4,15,0,2,0,103,0,0,0,0,4,15,0,2,0,"Nimble Strike, Dark Type"
110,Dagger!A110,Dagger,Ex.,Red Camellia,Ebonsteel,2,,,44,0,0,0,0,5,15,0,2,0,59,0,0,0,0,5,15,0,2,0,74,0,0,0,0,5,15,0,2,0,89,0,0,0,0,5,15,0,2,0,104,0,0,0,0,5,15,0,2,0,Nimble Strike (Major)
116,Dagger!A116,Dagger,Ex.,Azure Songstress,Ebonsteel,2,,,25,49,0,0,0,0,30,0,0,0,40,65,0,0,0,0,30,0,0,0,55,81,0,0,0,0,30,0,0,0,70,97,0,0,0,0,30,0,0,0,85,114,0,0,0,0,30,0,0,0,"Nimble Strike, Inflict Charm, I.Q. Barrier"
122,Dagger!A122,Dagger,Ex.,Jade Ceremonial Blade,Ebonsteel,2,,,48,0,0,0,0,4,15,0,5,0,63,0,0,0,0,4,15,0,7,0,78,0,0,0,0,4,15,0,8,0,93,0,0,0,0,4,15,0,9,0,,,,,,,,,,,"Nimble Strike, Evasive Strike, Evasive Heavy Strike, Critical on Normal Attacks"
128,Dagger!A128,Dagger,Ex.,Raven Dagger,Ebonsteel,3,,,20,0,0,0,0,10,15,0,2,0,35,0,0,0,0,10,15,0,2,0,50,0,0,0,0,10,15,0,2,0,65,0,0,0,0,10,15,0,2,0,80,0,0,0,0,10,15,0,2,0,"Nimble Strike, Air Type"
134,Dagger!A134,Dagger,,Silver Dagger,Silver,2,,,54,0,0,0,0,4,20,0,2,0,72,0,0,0,0,4,20,0,2,0,90,0,0,0,0,4,20,0,2,0,108,0,0,0,0,4,20,0,2,0,,,,,,,,,,,Nimble Strike
140,Dagger!A140,Dagger,,Beast Killer,Silver,2,,,51,0,0,0,0,4,20,0,2,0,69,0,0,0,0,4,20,0,2,0,87,0,0,0,0,4,20,0,2,0,105,0,0,0,0,4,20,0,2,0,,,,,,,,,,,"Nimble Strike, Magical Beast-Slayer"
146,Dagger!A146,Dagger,,Seafoam Dagger,Silver,2,,,51,0,0,0,0,4,20,0,2,0,69,0,0,0,0,4,20,0,2,0,87,0,0,0,0,4,20,0,2,0,105,0,0,0,0,4,20,0,2,0,,,,,,,,,,,"Nimble Strike, Water Type"
152,Dagger!A152,Dagger,,Earthrend Dagger,Silver,2,,,51,0,0,0,0,4,20,0,2,0,69,0,0,0,0,4,20,0,2,0,87,0,0,0,0,4,20,0,2,0,105,0,0,0,0,4,20,0,2,0,,,,,,,,,,,"Nimble Strike, Earth Type"
158,Dagger!A158,Dagger,,Cyclops Fang Sword,Silver,2,,,70,0,0,0,0,-5,0,5,2,0,88,0,0,0,0,-5,0,7,2,0,,,,,,,,,,,,,,,,,,,,,,,,,,,,,,,"Nimble Strike, Evasion Damage, VERIFY WEAPON CATEGORY"
164,Dagger!A164,Dagger,,,,,,,,,,,,,,,,,,,,,,,,,,,,,,,,,,,,,,,,,,,,,,,,,,,,,,,,,
170,Dagger!A170,Dagger,,,,,,,,,,,,,,,,,,,,,,,,,,,,,,,,,,,,,,,,,,,,,,,,,,,,,,,,,
176,Dagger!A176,Dagger,,,,,,,,,,,,,,,,,,,,,,,,,,,,,,,,,,,,,,,,,,,,,,,,,,,,,,,,,
182,Dagger!A182,Dagger,,,,,,,,,,,,,,,,,,,,,,,,,,,,,,,,,,,,,,,,,,,,,,,,,,,,,,,,,
188,Dagger!A188,Dagger,,,,,,,,,,,,,,,,,,,,,,,,,,,,,,,,,,,,,,,,,,,,,,,,,,,,,,,,,
194,Dagger!A194,Dagger,,,,,,,,,,,,,,,,,,,,,,,,,,,,,,,,,,,,,,,,,,,,,,,,,,,,,,,,,
200,Dagger!A200,Dagger,,,,,,,,,,,,,,,,,,,,,,,,,,,,,,,,,,,,,,,,,,,,,,,,,,,,,,,,,
206,Dagger!A206,Dagger,,,,,,,,,,,,,,,,,,,,,,,,,,,,,,,,,,,,,,,,,,,,,,,,,,,,,,,,,
212,Dagger!A212,Dagger,,,,,,,,,,,,,,,,,,,,,,,,,,,,,,,,,,,,,,,,,,,,,,,,,,,,,,,,,
218,Dagger!A218,Dagger,,,,,,,,,,,,,,,,,,,,,,,,,,,,,,,,,,,,,,,,,,,,,,,,,,,,,,,,,
224,Dagger!A224,Dagger,,,,,,,,,,,,,,,,,,,,,,,,,,,,,,,,,,,,,,,,,,,,,,,,,,,,,,,,,
230,Dagger!A230,Dagger,,,,,,,,,,,,,,,,,,,,,,,,,,,,,,,,,,,,,,,,,,,,,,,,,,,,,,,,,
236,Dagger!A236,Dagger,,,,,,,,,,,,,,,,,,,,,,,,,,,,,,,,,,,,,,,,,,,,,,,,,,,,,,,,,
242,Dagger!A242,Dagger,,,,,,,,,,,,,,,,,,,,,,,,,,,,,,,,,,,,,,,,,,,,,,,,,,,,,,,,,
248,Dagger!A248,Dagger,,,,,,,,,,,,,,,,,,,,,,,,,,,,,,,,,,,,,,,,,,,,,,,,,,,,,,,,,
,,,,,,,,,,,,,,,,,,,,,,,,,,,,,,,,,,,,,,,,,,,,,,,,,,,,,,,,,,,
2,1H_Sword!A2,1H_Sword,2,Worn-Out Sword,Worn,2,,20,10,0,0,0,0,0,10,0,2,0,15,0,0,0,0,0,10,0,2,0,20,0,0,0,0,0,10,0,2,0,25,0,0,0,0,0,10,0,2,0,30,0,0,0,0,0,10,0,2,0,
8,1H_Sword!A8,1H_Sword,13,Bronze Sword,Bronze,2,500,80,20,0,0,0,0,0,10,0,2,0,28,0,0,0,0,0,10,0,2,0,35,0,0,0,0,0,10,0,2,0,43,0,0,0,0,0,10,0,2,0,50,0,0,0,0,0,10,0,2,0,
14,1H_Sword!A14,1H_Sword,57,Sword of Undead Bane,Bronze,2,,100,22,0,0,0,0,0,10,0,2,0,30,0,0,0,0,0,10,0,2,0,37,0,0,0,0,0,10,0,2,0,45,0,0,0,0,0,10,0,2,0,52,0,0,0,0,0,10,0,2,0,Vs Undead
20,1H_Sword!A20,1H_Sword,24,Iron Sword,Iron,2,1500,240,30,0,0,0,0,0,10,0,2,0,40,0,0,0,0,0,10,0,2,0,50,0,0,0,0,0,10,0,2,0,60,0,0,0,0,0,10,0,2,0,70,0,0,0,0,0,10,0,2,0,
26,1H_Sword!A26,1H_Sword,70,Sword of the Breeze,Iron,2,,384,28,0,0,0,0,0,10,0,2,0,38,0,0,0,0,0,10,0,2,0,48,0,0,0,0,0,10,0,2,0,58,0,0,0,0,0,10,0,2,0,68,0,0,0,0,0,10,0,2,0,Air Type
32,1H_Sword!A32,1H_Sword,71,Royal Knight's Sword,Iron,2,7500,1500,32,0,0,0,0,0,10,0,2,0,42,0,0,0,0,0,10,0,2,0,52,0,0,0,0,0,10,0,2,0,62,0,0,0,0,0,10,0,2,0,72,0,0,0,0,0,10,0,2,0,
38,1H_Sword!A38,1H_Sword,35,Steel Sword,Steel,2,,480,40,0,0,0,0,0,10,0,2,0,53,0,0,0,0,0,10,0,2,0,65,0,0,0,0,0,10,0,2,0,78,0,0,0,0,0,10,0,2,0,90,0,0,0,0,0,10,0,2,0,
44,1H_Sword!A44,1H_Sword,77,Man-Eater,Steel,2,,768,38,0,0,0,0,0,10,0,2,0,51,0,0,0,0,0,10,0,2,0,63,0,0,0,0,0,10,0,2,0,76,0,0,0,0,0,10,0,2,0,88,0,0,0,0,0,10,0,2,0,Humanoid-Slayer
50,1H_Sword!A50,1H_Sword,78,Cutlass of Tyranny,Steel,2,,1400,40,0,0,0,0,0,15,0,2,0,53,0,0,0,0,0,17,0,2,0,65,0,0,0,0,0,18,0,2,0,,,,,,,,,,,,,,,,,,,,,Evasion Decrease
56,1H_Sword!A56,1H_Sword,79,Horned Eagle Sword,Steel,2,,768,38,0,0,0,0,0,10,0,2,0,51,0,0,0,0,0,10,0,2,0,63,0,0,0,0,0,10,0,2,0,76,0,0,0,0,0,10,0,2,0,88,0,0,0,0,0,10,0,2,0,Magical Beast-Slayer
62,1H_Sword!A62,1H_Sword,112,Sword of Flame,Steel,2,,600,38,0,0,0,0,0,10,0,2,0,51,0,0,0,0,0,10,0,2,0,63,0,0,0,0,0,10,0,2,0,76,0,0,0,0,0,10,0,2,0,88,0,0,0,0,0,10,0,2,0,Fire Type
68,1H_Sword!A68,1H_Sword,122,Sword of the Water Drop,Steel,2,,600,38,0,0,0,0,0,10,0,2,0,51,0,0,0,0,0,10,0,2,0,63,0,0,0,0,0,10,0,2,0,76,0,0,0,0,0,10,0,2,0,88,0,0,0,0,0,10,0,2,0,Water Type
74,1H_Sword!A74,1H_Sword,131,Sword of the Gale,Steel,2,,600,38,0,0,0,0,0,10,0,2,0,51,0,0,0,0,0,10,0,2,0,63,0,0,0,0,0,10,0,2,0,76,0,0,0,0,0,10,0,2,0,88,0,0,0,0,0,10,0,2,0,Air Type
80,1H_Sword!A80,1H_Sword,140,Sword of the Soil,Steel,2,,600,38,0,0,0,0,0,10,0,2,0,51,0,0,0,0,0,10,0,2,0,63,0,0,0,0,0,10,0,2,0,76,0,0,0,0,0,10,0,2,0,88,0,0,0,0,0,10,0,2,0,Earth Type
86,1H_Sword!A86,1H_Sword,46,Ebonsteel Sword,Ebonsteel,2,,1000,53,0,0,0,0,0,10,0,2,0,68,0,0,0,0,0,10,0,2,0,83,0,0,0,0,0,10,0,2,0,98,0,0,0,0,0,10,0,2,0,113,0,0,0,0,0,10,0,2,0,
92,1H_Sword!A92,1H_Sword,90,Sword of Expulsion,Ebonsteel,2,,1250,52,0,0,0,0,0,10,0,2,0,67,0,0,0,0,0,10,0,2,0,82,0,0,0,0,0,10,0,2,0,97,0,0,0,0,0,10,0,2,0,112,0,0,0,0,0,10,0,2,0,Vs. Undead
98,1H_Sword!A98,1H_Sword,99,Demonbane Sword,Ebonsteel,2,,1250,52,0,0,0,0,0,10,0,2,0,67,0,0,0,0,0,10,0,2,0,82,0,0,0,0,0,10,0,2,0,97,0,0,0,0,0,10,0,2,0,112,0,0,0,0,0,10,0,2,0,Demon Slayer
104,1H_Sword!A104,1H_Sword,149,Sword of the Aurora,Ebonsteel,2,,1250,52,0,0,0,0,0,10,0,2,0,67,0,0,0,0,0,10,0,2,0,82,0,0,0,0,0,10,0,2,0,97,0,0,0,0,0,10,0,2,0,112,0,0,0,0,0,10,0,2,0,Light Type
110,1H_Sword!A110,1H_Sword,159,Sword of Eternal Darkness,Ebonsteel,2,,1250,52,0,0,0,0,0,10,0,2,0,67,0,0,0,0,0,10,0,2,0,82,0,0,0,0,0,10,0,2,0,97,0,0,0,0,0,10,0,2,0,112,0,0,0,0,0,10,0,2,0,Dark Type
116,1H_Sword!A116,1H_Sword,176,Sword of Promises,Ebonsteel,2,,1200,56,0,0,0,0,-2,10,-2,2,0,71,0,0,0,0,-2,10,-2,2,0,86,0,0,0,0,-2,10,-2,2,0,101,0,0,0,0,-2,10,-2,2,0,116,0,0,0,0,-2,10,-2,2,0,Defense Penetration
122,1H_Sword!A122,1H_Sword,Ex.,Blade Cuisinart,Ebonsteel,3,,,40,0,0,0,0,0,10,0,2,0,55,0,0,0,0,0,10,0,2,0,70,0,0,0,0,0,10,0,2,0,85,0,0,0,0,0,10,0,2,0,100,0,0,0,0,0,10,0,2,0,
128,1H_Sword!A128,1H_Sword,Ex.,Thunder God's Sword,Ebonsteel,2,,,50,0,0,0,0,4,10,0,2,0,,,,,,,,,,,80,0,0,0,0,7,10,0,2,0,,,,,,,,,,,110,0,0,0,0,9,10,0,2,0,
134,1H_Sword!A134,1H_Sword,Ex.,Sword of Slashing,Ebonsteel,2,,,50,0,0,0,0,0,10,0,2,0,65,0,0,0,0,0,10,0,2,0,80,0,0,0,0,0,10,0,2,0,95,0,0,0,0,0,10,0,2,0,110,0,0,0,0,0,10,0,2,0,Defense Penetration
140,1H_Sword!A140,1H_Sword,Ex.,Greed Sword,Ebonsteel,2,,,52,0,0,6,0,-2,10,0,2,0,57,0,0,8,0,-2,10,0,2,0,82,0,0,9,0,-2,10,0,2,0,97,0,0,10,0,-2,10,0,2,0,,,,,,,,,,,"Greed Force, Beast Howl Learned"
146,1H_Sword!A146,1H_Sword,,Silver Sword,Silver,2,,,64,0,0,0,0,0,10,0,2,0,,,,,,,,,,,100,0,0,0,0,0,10,0,2,0,,,,,,,,,,,,,,,,,,,,,
152,1H_Sword!A152,1H_Sword,,,,,,,,,,,,,,,,,,,,,,,,,,,,,,,,,,,,,,,,,,,,,,,,,,,,,,,,,
158,1H_Sword!A158,1H_Sword,,,,,,,,,,,,,,,,,,,,,,,,,,,,,,,,,,,,,,,,,,,,,,,,,,,,,,,,,
164,1H_Sword!A164,1H_Sword,,,,,,,,,,,,,,,,,,,,,,,,,,,,,,,,,,,,,,,,,,,,,,,,,,,,,,,,,
170,1H_Sword!A170,1H_Sword,,,,,,,,,,,,,,,,,,,,,,,,,,,,,,,,,,,,,,,,,,,,,,,,,,,,,,,,,
176,1H_Sword!A176,1H_Sword,,,,,,,,,,,,,,,,,,,,,,,,,,,,,,,,,,,,,,,,,,,,,,,,,,,,,,,,,
182,1H_Sword!A182,1H_Sword,,,,,,,,,,,,,,,,,,,,,,,,,,,,,,,,,,,,,,,,,,,,,,,,,,,,,,,,,
188,1H_Sword!A188,1H_Sword,,,,,,,,,,,,,,,,,,,,,,,,,,,,,,,,,,,,,,,,,,,,,,,,,,,,,,,,,
194,1H_Sword!A194,1H_Sword,,,,,,,,,,,,,,,,,,,,,,,,,,,,,,,,,,,,,,,,,,,,,,,,,,,,,,,,,
200,1H_Sword!A200,1H_Sword,,,,,,,,,,,,,,,,,,,,,,,,,,,,,,,,,,,,,,,,,,,,,,,,,,,,,,,,,
206,1H_Sword!A206,1H_Sword,,,,,,,,,,,,,,,,,,,,,,,,,,,,,,,,,,,,,,,,,,,,,,,,,,,,,,,,,
212,1H_Sword!A212,1H_Sword,,,,,,,,,,,,,,,,,,,,,,,,,,,,,,,,,,,,,,,,,,,,,,,,,,,,,,,,,
218,1H_Sword!A218,1H_Sword,,,,,,,,,,,,,,,,,,,,,,,,,,,,,,,,,,,,,,,,,,,,,,,,,,,,,,,,,
224,1H_Sword!A224,1H_Sword,,,,,,,,,,,,,,,,,,,,,,,,,,,,,,,,,,,,,,,,,,,,,,,,,,,,,,,,,
230,1H_Sword!A230,1H_Sword,,,,,,,,,,,,,,,,,,,,,,,,,,,,,,,,,,,,,,,,,,,,,,,,,,,,,,,,,
236,1H_Sword!A236,1H_Sword,,,,,,,,,,,,,,,,,,,,,,,,,,,,,,,,,,,,,,,,,,,,,,,,,,,,,,,,,
242,1H_Sword!A242,1H_Sword,,,,,,,,,,,,,,,,,,,,,,,,,,,,,,,,,,,,,,,,,,,,,,,,,,,,,,,,,
248,1H_Sword!A248,1H_Sword,,,,,,,,,,,,,,,,,,,,,,,,,,,,,,,,,,,,,,,,,,,,,,,,,,,,,,,,,
254,1H_Sword!A254,1H_Sword,,,,,,,,,,,,,,,,,,,,,,,,,,,,,,,,,,,,,,,,,,,,,,,,,,,,,,,,,
,,,,,,,,,,,,,,,,,,,,,,,,,,,,,,,,,,,,,,,,,,,,,,,,,,,,,,,,,,,
2,2H_Sword!A2,2H_Sword,5,Worn-Out Greatsword,Worn,1,,27,13,0,0,0,0,-4,6,0,-2,0,21,0,0,0,0,-4,6,0,-2,0,28,0,0,0,0,-4,6,0,-2,0,36,0,0,0,0,-4,6,0,-2,0,,,,,,,,,,,Strength-Based +
8,2H_Sword!A8,2H_Sword,16,Bronze Greatsword,Bronze,1,675,108,33,0,0,0,0,-4,6,0,-2,0,44,0,0,0,0,-4,6,0,-2,0,55,0,0,0,0,-4,6,0,-2,0,66,0,0,0,0,-4,6,0,-2,0,78,0,0,0,0,-4,6,0,-2,0,Strength-Based +
14,2H_Sword!A14,2H_Sword,60,The Greatsword of Undead Bane,Bronze,1,,135,35,0,0,0,0,-4,6,0,-2,0,46,0,0,0,0,-4,6,0,-2,0,57,0,0,0,0,-4,6,0,-2,0,68,0,0,0,0,-4,6,0,-2,0,80,0,0,0,0,-4,6,0,-2,0,Strength-Based +
20,2H_Sword!A20,2H_Sword,27,Iron Greatsword,Iron,1,2025,324,54,0,0,0,0,-4,6,0,-2,0,69,0,0,0,0,-4,6,0,-2,0,84,0,0,0,0,-4,6,0,-2,0,99,0,0,0,0,-4,6,0,-2,0,,,,,,,,,,,Strength-Based +
26,2H_Sword!A26,2H_Sword,38,Steel Greatsword,Steel,1,,648,72,0,0,0,0,-4,6,0,-2,0,90,0,0,0,0,-4,6,0,-2,0,108,0,0,0,0,-4,6,0,-2,0,127,0,0,0,0,-4,6,0,-2,0,147,0,0,0,0,-4,6,0,-2,0,Strength-Based +
32,2H_Sword!A32,2H_Sword,115,Two-Handed Sword of the Flame,Steel,1,,810,68,0,0,0,0,-4,6,0,-2,0,86,0,0,0,0,-4,6,0,-2,0,104,0,0,0,0,-4,6,0,-2,0,123,0,0,0,0,-4,6,0,-2,0,143,0,0,0,0,-4,6,0,-2,0,"Strength-Based +, Fire Type"
38,2H_Sword!A38,2H_Sword,125,Two-Handed Sword of the Water Drop,Steel,1,,810,68,0,0,0,0,-4,6,0,-2,0,86,0,0,0,0,-4,6,0,-2,0,104,0,0,0,0,-4,6,0,-2,0,123,0,0,0,0,-4,6,0,-2,0,143,0,0,0,0,-4,6,0,-2,0,"Strength-Based +, Water Type"
44,2H_Sword!A44,2H_Sword,134,Two-Handed Sword of the Gale,Steel,1,,810,68,0,0,0,0,-4,6,0,-2,0,86,0,0,0,0,-4,6,0,-2,0,104,0,0,0,0,-4,6,0,-2,0,123,0,0,0,0,-4,6,0,-2,0,143,0,0,0,0,-4,6,0,-2,0,"Strength-Based +, Air Type"
50,2H_Sword!A50,2H_Sword,143,Two-Handed Sword of the Soil,Steel,1,,810,68,0,0,0,0,-4,6,0,-2,0,86,0,0,0,0,-4,6,0,-2,0,104,0,0,0,0,-4,6,0,-2,0,123,0,0,0,0,-4,6,0,-2,0,143,0,0,0,0,-4,6,0,-2,0,"Strength-Based +, Earth Type"
56,2H_Sword!A56,2H_Sword,49,Ebonsteel Greatsword,Ebonsteel,1,,1350,110,0,0,0,0,-4,6,0,-2,0,133,0,0,0,0,-4,6,0,-2,0,155,0,0,0,0,-4,6,0,-2,0,178,0,0,0,0,-4,6,0,-2,0,200,0,0,0,0,-4,6,0,-2,0,Strength-Based +
62,2H_Sword!A62,2H_Sword,93,Greatsword of Expulsion,Ebonsteel,1,,1688,105,0,0,0,0,-4,6,0,-2,0,128,0,0,0,0,-4,6,0,-2,0,150,0,0,0,0,-4,6,0,-2,0,173,0,0,0,0,-4,6,0,-2,0,195,0,0,0,0,-4,6,0,-2,0,"Strength-Based +, Vs Undead"
68,2H_Sword!A68,2H_Sword,100,Demonbane Greatsword,Ebonsteel,1,,1688,105,0,0,0,0,-4,6,0,-2,0,128,0,0,0,0,-4,6,0,-2,0,150,0,0,0,0,-4,6,0,-2,0,173,0,0,0,0,-4,6,0,-2,0,195,0,0,0,0,-4,6,0,-2,0,"Strength-Based +, Demon Slayer"
74,2H_Sword!A74,2H_Sword,152,Two-Handed Sword of the Aurora,Ebonsteel,1,,1688,105,0,0,0,0,-4,6,0,-2,0,128,0,0,0,0,-4,6,0,-2,0,150,0,0,0,0,-4,6,0,-2,0,173,0,0,0,0,-4,6,0,-2,0,195,0,0,0,0,-4,6,0,-2,0,"Strength-Based +, Light Type"
80,2H_Sword!A80,2H_Sword,162,Greatsword of Eternal Darkness,Ebonsteel,1,,1688,105,0,0,0,0,-4,6,0,-2,0,128,0,0,0,0,-4,6,0,-2,0,150,0,0,0,0,-4,6,0,-2,0,173,0,0,0,0,-4,6,0,-2,0,195,0,0,0,0,-4,6,0,-2,0,"Strength-Based +, Dark Type"
86,2H_Sword!A86,2H_Sword,Ex.,Dragon Slayer,Ebonsteel,1,,,106,0,0,0,0,-4,6,0,-2,0,129,0,0,0,0,-4,6,0,-2,0,151,0,0,0,0,-4,6,0,-2,0,174,0,0,0,0,-4,6,0,-2,0,196,0,0,0,0,-4,6,0,-2,0,"Strength-Based +, Dragon Slayer, Dragon Tolerance"
92,2H_Sword!A92,2H_Sword,,Silver Greatsword,Silver,1,,,132,0,0,0,0,-4,15,0,-2,0,165,0,0,0,0,-4,15,0,-2,0,191,0,0,0,0,-4,15,0,-2,0,214,0,0,0,0,-4,15,0,-2,0,231,0,0,0,0,-4,15,0,-2,0,Strength-Based +
98,2H_Sword!A98,2H_Sword,,Icebreaker,Silver,1,,,130,0,0,0,0,-4,15,0,-2,0,,,,,,,,,,,189,0,0,0,0,-4,15,0,-2,0,212,0,0,0,0,-4,15,0,-2,0,,,,,,,,,,,"Strength-Based +, Vs Ice, Freeze Shatter"
104,2H_Sword!A104,2H_Sword,,Beast Buster,Silver,1,,,128,0,0,0,0,-4,15,0,-2,0,,,,,,,,,,,187,0,0,0,0,-4,15,0,-2,0,210,0,0,0,0,-4,15,0,-2,0,,,,,,,,,,,"Strength-Based +, Magical Beast-Slayer"
110,2H_Sword!A110,2H_Sword,,Nordic Sword,Silver,1,75000,,122,0,0,0,0,-4,35,1,-2,0,,,,,,,,,,,,,,,,,,,,,,,,,,,,,,,,,,,,,,,,,"Strength-Based +, ???"
116,2H_Sword!A116,2H_Sword,Ex.,Devourer of Ruin,Silver,1,,,152,0,0,0,0,-4,20,15,-2,0,,,,,,,,,,,218,0,0,0,0,-4,29,24,-2,0,231,0,0,0,0,-4,31,26,-2,0,,,,,,,,,,,"Strength-Based +, Status Affliction/Debuff Exploit, Attack Power Up"
122,2H_Sword!A122,2H_Sword,,,,,,,,,,,,,,,,,,,,,,,,,,,,,,,,,,,,,,,,,,,,,,,,,,,,,,,,,
128,2H_Sword!A128,2H_Sword,,,,,,,,,,,,,,,,,,,,,,,,,,,,,,,,,,,,,,,,,,,,,,,,,,,,,,,,,
134,2H_Sword!A134,2H_Sword,,,,,,,,,,,,,,,,,,,,,,,,,,,,,,,,,,,,,,,,,,,,,,,,,,,,,,,,,
140,2H_Sword!A140,2H_Sword,,,,,,,,,,,,,,,,,,,,,,,,,,,,,,,,,,,,,,,,,,,,,,,,,,,,,,,,,
146,2H_Sword!A146,2H_Sword,,,,,,,,,,,,,,,,,,,,,,,,,,,,,,,,,,,,,,,,,,,,,,,,,,,,,,,,,
152,2H_Sword!A152,2H_Sword,,,,,,,,,,,,,,,,,,,,,,,,,,,,,,,,,,,,,,,,,,,,,,,,,,,,,,,,,
158,2H_Sword!A158,2H_Sword,,,,,,,,,,,,,,,,,,,,,,,,,,,,,,,,,,,,,,,,,,,,,,,,,,,,,,,,,
164,2H_Sword!A164,2H_Sword,,,,,,,,,,,,,,,,,,,,,,,,,,,,,,,,,,,,,,,,,,,,,,,,,,,,,,,,,
170,2H_Sword!A170,2H_Sword,,,,,,,,,,,,,,,,,,,,,,,,,,,,,,,,,,,,,,,,,,,,,,,,,,,,,,,,,
176,2H_Sword!A176,2H_Sword,,,,,,,,,,,,,,,,,,,,,,,,,,,,,,,,,,,,,,,,,,,,,,,,,,,,,,,,,
182,2H_Sword!A182,2H_Sword,,,,,,,,,,,,,,,,,,,,,,,,,,,,,,,,,,,,,,,,,,,,,,,,,,,,,,,,,
188,2H_Sword!A188,2H_Sword,,,,,,,,,,,,,,,,,,,,,,,,,,,,,,,,,,,,,,,,,,,,,,,,,,,,,,,,,
194,2H_Sword!A194,2H_Sword,,,,,,,,,,,,,,,,,,,,,,,,,,,,,,,,,,,,,,,,,,,,,,,,,,,,,,,,,
200,2H_Sword!A200,2H_Sword,,,,,,,,,,,,,,,,,,,,,,,,,,,,,,,,,,,,,,,,,,,,,,,,,,,,,,,,,
206,2H_Sword!A206,2H_Sword,,,,,,,,,,,,,,,,,,,,,,,,,,,,,,,,,,,,,,,,,,,,,,,,,,,,,,,,,
212,2H_Sword!A212,2H_Sword,,,,,,,,,,,,,,,,,,,,,,,,,,,,,,,,,,,,,,,,,,,,,,,,,,,,,,,,,
218,2H_Sword!A218,2H_Sword,,,,,,,,,,,,,,,,,,,,,,,,,,,,,,,,,,,,,,,,,,,,,,,,,,,,,,,,,
224,2H_Sword!A224,2H_Sword,,,,,,,,,,,,,,,,,,,,,,,,,,,,,,,,,,,,,,,,,,,,,,,,,,,,,,,,,
230,2H_Sword!A230,2H_Sword,,,,,,,,,,,,,,,,,,,,,,,,,,,,,,,,,,,,,,,,,,,,,,,,,,,,,,,,,
236,2H_Sword!A236,2H_Sword,,,,,,,,,,,,,,,,,,,,,,,,,,,,,,,,,,,,,,,,,,,,,,,,,,,,,,,,,
242,2H_Sword!A242,2H_Sword,,,,,,,,,,,,,,,,,,,,,,,,,,,,,,,,,,,,,,,,,,,,,,,,,,,,,,,,,
248,2H_Sword!A248,2H_Sword,,,,,,,,,,,,,,,,,,,,,,,,,,,,,,,,,,,,,,,,,,,,,,,,,,,,,,,,,
254,2H_Sword!A254,2H_Sword,,,,,,,,,,,,,,,,,,,,,,,,,,,,,,,,,,,,,,,,,,,,,,,,,,,,,,,,,
260,2H_Sword!A260,2H_Sword,,,,,,,,,,,,,,,,,,,,,,,,,,,,,,,,,,,,,,,,,,,,,,,,,,,,,,,,,
266,2H_Sword!A266,2H_Sword,,,,,,,,,,,,,,,,,,,,,,,,,,,,,,,,,,,,,,,,,,,,,,,,,,,,,,,,,
272,2H_Sword!A272,2H_Sword,,,,,,,,,,,,,,,,,,,,,,,,,,,,,,,,,,,,,,,,,,,,,,,,,,,,,,,,,
,,,,,,,,,,,,,,,,,,,,,,,,,,,,,,,,,,,,,,,,,,,,,,,,,,,,,,,,,,,
2,1H_Axe!A2,1H_Axe,3,Worn-Out One-Handed Axe,Worn,1,,21,11,0,0,0,0,0,6,0,0,0,17,0,0,0,0,0,6,0,0,0,23,0,0,0,0,0,6,0,0,0,,,,,,,,,,,,,,,,,,,,,Defense Penetration
8,1H_Axe!A8,1H_Axe,14,Bronze One-Handed Axe,Bronze,1,525,84,26,0,0,0,0,0,6,0,0,0,35,0,0,0,0,0,6,0,0,0,43,0,0,0,0,0,6,0,0,0,52,0,0,0,0,0,6,0,0,0,,,,,,,,,,,Defense Penetration
14,1H_Axe!A14,1H_Axe,58,One-Handed Axe of Undead Bane,Bronze,1,,105,28,0,0,0,0,0,6,0,0,0,37,0,0,0,0,0,6,0,0,0,45,0,0,0,0,0,6,0,0,0,54,0,0,0,0,0,0,0,0,0,,,,,,,,,,,"Defense Penetration, Vs Undead"
20,1H_Axe!A20,1H_Axe,25,Iron One-Handed Axe,Iron,1,1575,252,41,0,0,0,0,0,6,0,0,0,52,0,0,0,0,0,6,0,0,0,63,0,0,0,0,0,6,0,0,0,74,0,0,0,0,0,6,0,0,0,86,0,0,0,0,0,6,0,0,0,Defense Penetration
26,1H_Axe!A26,1H_Axe,36,Steel One-Handed Axe,Steel,1,,504,56,0,0,0,0,0,6,0,0,0,70,0,0,0,0,0,6,0,0,0,83,0,0,0,0,0,6,0,0,0,97,0,0,0,0,0,6,0,0,0,111,0,0,0,0,0,6,0,0,0,Defense Penetration
32,1H_Axe!A32,1H_Axe,113,Light Axe of Flame,Steel,1,,630,52,0,0,0,0,0,6,0,0,0,66,0,0,0,0,0,6,0,0,0,79,0,0,0,0,0,6,0,0,0,93,0,0,0,0,0,6,0,0,0,107,0,0,0,0,0,6,0,0,0,"Defense Penetration, Fire Type"
38,1H_Axe!A38,1H_Axe,123,Light Axe of the Water Drop,Steel,1,,630,52,0,0,0,0,0,6,0,0,0,66,0,0,0,0,0,6,0,0,0,79,0,0,0,0,0,6,0,0,0,93,0,0,0,0,0,6,0,0,0,107,0,0,0,0,0,6,0,0,0,"Defense Penetration, Water Type"
44,1H_Axe!A44,1H_Axe,132,Light Axe of the Gale,Steel,1,,630,52,0,0,0,0,0,6,0,0,0,66,0,0,0,0,0,6,0,0,0,79,0,0,0,0,0,6,0,0,0,93,0,0,0,0,0,6,0,0,0,107,0,0,0,0,0,6,0,0,0,"Defense Penetration, Air Type"
50,1H_Axe!A50,1H_Axe,141,Light Axe of the Soil,Steel,1,,630,52,0,0,0,0,0,6,0,0,0,66,0,0,0,0,0,6,0,0,0,79,0,0,0,0,0,6,0,0,0,93,0,0,0,0,0,6,0,0,0,107,0,0,0,0,0,6,0,0,0,"Defense Penetration, Earth Type"
56,1H_Axe!A56,1H_Axe,47,Ebonsteel One-Handed Axe,Ebonsteel,1,,1050,83,0,0,0,0,0,6,0,0,0,99,0,0,0,0,0,6,0,0,0,115,0,0,0,0,0,6,0,0,0,131,0,0,0,0,0,6,0,0,0,148,0,0,0,0,0,6,0,0,0,Defense Penetration
62,1H_Axe!A62,1H_Axe,91,One-Handed Axe of Expulsion,Ebonsteel,1,,1313,79,0,0,0,0,0,6,0,0,0,95,0,0,0,0,0,6,0,0,0,111,0,0,0,0,0,6,0,0,0,127,0,0,0,0,0,6,0,0,0,144,0,0,0,0,0,6,0,0,0,"Defense Penetration, Vs Undead"
68,1H_Axe!A68,1H_Axe,101,Hunting Hatchet,Ebonsteel,1,,1313,79,0,0,0,0,0,6,0,0,0,95,0,0,0,0,0,6,0,0,0,111,0,0,0,0,0,6,0,0,0,127,0,0,0,0,0,6,0,0,0,144,0,0,0,0,0,6,0,0,0,"Defense Penetration, Magical Beast-Slayer"
74,1H_Axe!A74,1H_Axe,150,Light Axe of the Aurora,Ebonsteel,1,,1313,79,0,0,0,0,0,6,0,0,0,95,0,0,0,0,0,6,0,0,0,111,0,0,0,0,0,6,0,0,0,127,0,0,0,0,0,6,0,0,0,144,0,0,0,0,0,6,0,0,0,"Defense Penetration, Light Type"
80,1H_Axe!A80,1H_Axe,160,Light Axe of Eternal Darkness,Ebonsteel,1,,1313,79,0,0,0,0,0,6,0,0,0,95,0,0,0,0,0,6,0,0,0,111,0,0,0,0,0,6,0,0,0,127,0,0,0,0,0,6,0,0,0,144,0,0,0,0,0,6,0,0,0,"Defense Penetration, Dark Type"
86,1H_Axe!A86,1H_Axe,,Silver One-Handed Axe,Silver,1,,,100,0,0,0,0,0,6,0,0,0,,,,,,,,,,,,,,,,,,,,,,,,,,,,,,,,,,,,,,,,,Defense Penetration
92,1H_Axe!A92,1H_Axe,,,,,,,,,,,,,,,,,,,,,,,,,,,,,,,,,,,,,,,,,,,,,,,,,,,,,,,,,
98,1H_Axe!A98,1H_Axe,,,,,,,,,,,,,,,,,,,,,,,,,,,,,,,,,,,,,,,,,,,,,,,,,,,,,,,,,
104,1H_Axe!A104,1H_Axe,,,,,,,,,,,,,,,,,,,,,,,,,,,,,,,,,,,,,,,,,,,,,,,,,,,,,,,,,
110,1H_Axe!A110,1H_Axe,,,,,,,,,,,,,,,,,,,,,,,,,,,,,,,,,,,,,,,,,,,,,,,,,,,,,,,,,
116,1H_Axe!A116,1H_Axe,,,,,,,,,,,,,,,,,,,,,,,,,,,,,,,,,,,,,,,,,,,,,,,,,,,,,,,,,
122,1H_Axe!A122,1H_Axe,,,,,,,,,,,,,,,,,,,,,,,,,,,,,,,,,,,,,,,,,,,,,,,,,,,,,,,,,
128,1H_Axe!A128,1H_Axe,,,,,,,,,,,,,,,,,,,,,,,,,,,,,,,,,,,,,,,,,,,,,,,,,,,,,,,,,
134,1H_Axe!A134,1H_Axe,,,,,,,,,,,,,,,,,,,,,,,,,,,,,,,,,,,,,,,,,,,,,,,,,,,,,,,,,
140,1H_Axe!A140,1H_Axe,,,,,,,,,,,,,,,,,,,,,,,,,,,,,,,,,,,,,,,,,,,,,,,,,,,,,,,,,
146,1H_Axe!A146,1H_Axe,,,,,,,,,,,,,,,,,,,,,,,,,,,,,,,,,,,,,,,,,,,,,,,,,,,,,,,,,
,,,,,,,,,,,,,,,,,,,,,,,,,,,,,,,,,,,,,,,,,,,,,,,,,,,,,,,,,,,
2,2H_Axe!A2,2H_Axe,7,Worn-Out Two-Handed Axe,Worn,1,,27,13,0,0,0,0,-8,0,0,-6,0,21,0,0,0,0,-8,0,0,-6,0,28,0,0,0,0,-8,0,0,-6,0,36,0,0,0,0,-8,0,0,-6,0,,,,,,,,,,,"Defense Penetration, Strength-Based +"
8,2H_Axe!A8,2H_Axe,18,Bronze Two-Handed Axe,Bronze,1,675,108,33,0,0,0,0,-8,0,0,-6,0,44,0,0,0,0,-8,0,0,-6,0,55,0,0,0,0,-8,0,0,-6,0,66,0,0,0,0,-8,0,0,-6,0,77,0,0,0,0,-8,0,0,-6,0,"Defense Penetration, Strength-Based +"
14,2H_Axe!A14,2H_Axe,62,Two-Handed Axe of Undead Bane,Bronze,1,,135,35,0,0,0,0,-8,0,0,-6,0,46,0,0,0,0,-8,0,0,-6,0,57,0,0,0,0,-8,0,0,-6,0,68,0,0,0,0,-8,0,0,-6,0,79,0,0,0,0,-8,0,0,-6,0,"Defense Penetration, Strength-Based +, Vs Undead"
20,2H_Axe!A20,2H_Axe,29,Iron Two-Handed Axe,Iron,1,2025,324,54,0,0,0,0,-8,0,0,-6,0,69,0,0,0,0,-8,0,0,-6,0,84,0,0,0,0,-8,0,0,-6,0,99,0,0,0,0,-8,0,0,-6,0,114,0,0,0,0,-8,0,0,-6,0,"Defense Penetration, Strength-Based +"
26,2H_Axe!A26,2H_Axe,40,Steel Two-Handed Axe,Steel,1,,648,72,0,0,0,0,-8,0,0,-6,0,90,0,0,0,0,-8,0,0,-6,0,108,0,0,0,0,-8,0,0,-6,0,127,0,0,0,0,-8,0,0,-6,0,147,0,0,0,0,-8,0,0,-6,0,"Defense Penetration, Strength-Based +"
32,2H_Axe!A32,2H_Axe,84,War Axe,Steel,,20250,3240,73,0,0,0,0,-8,0,0,-6,0,91,0,0,0,0,-8,0,0,-6,0,109,0,0,0,0,-8,0,0,-6,0,128,0,0,0,0,-8,0,0,-6,0,148,0,0,0,0,-8,0,0,-6,0,"Defense Penetration, Strength-Based +"
38,2H_Axe!A38,2H_Axe,117,Two-Handed Axe of Flame,Steel,1,,810,68,0,0,0,0,-8,0,0,-6,0,86,0,0,0,0,-8,0,0,-6,0,104,0,0,0,0,-8,0,0,-6,0,123,0,0,0,0,-8,0,0,-6,0,143,0,0,0,0,-8,0,0,-6,0,"Defense Penetration, Strength-Based +, Fire Type"
44,2H_Axe!A44,2H_Axe,127,Two-Handed Axe of the Water Drop,Steel,1,,810,68,0,0,0,0,-8,0,0,-6,0,86,0,0,0,0,-8,0,0,-6,0,104,0,0,0,0,-8,0,0,-6,0,123,0,0,0,0,-8,0,0,-6,0,143,0,0,0,0,-8,0,0,-6,0,"Defense Penetration, Strength-Based +, Water Type"
50,2H_Axe!A50,2H_Axe,136,Two-Handed Axe of the Gale,Steel,1,,810,68,0,0,0,0,-8,0,0,-6,0,86,0,0,0,0,-8,0,0,-6,0,104,0,0,0,0,-8,0,0,-6,0,123,0,0,0,0,-8,0,0,-6,0,143,0,0,0,0,-8,0,0,-6,0,"Defense Penetration, Strength-Based +, Air Type"
56,2H_Axe!A56,2H_Axe,145,Two-Handed Axe of the Soil,Steel,1,,810,68,0,0,0,0,-8,0,0,-6,0,86,0,0,0,0,-8,0,0,-6,0,104,0,0,0,0,-8,0,0,-6,0,123,0,0,0,0,-8,0,0,-6,0,143,0,0,0,0,-8,0,0,-6,0,"Defense Penetration, Strength-Based +, Earth Type"
62,2H_Axe!A62,2H_Axe,51,Ebonsteel Two-Handed Axe,Ebonsteel,1,,1350,114,0,0,0,0,-8,0,0,-6,0,137,0,0,0,0,-8,0,0,-6,0,159,0,0,0,0,-8,0,0,-6,0,182,0,0,0,0,-8,0,0,-6,0,204,0,0,0,0,-8,0,0,-6,0,"Defense Penetration, Strength-Based +"
68,2H_Axe!A68,2H_Axe,95,Two-Handed Axe of Expulsion,Ebonsteel,1,,1688,109,0,0,0,0,-8,0,0,-6,0,132,0,0,0,0,-8,0,0,-6,0,154,0,0,0,0,-8,0,0,-6,0,177,0,0,0,0,-8,0,0,-6,0,199,0,0,0,0,-8,0,0,-6,0,"Defense Penetration, Strength-Based +, Vs Undead"
74,2H_Axe!A74,2H_Axe,102,Hunting Axe,Ebonsteel,1,,1688,109,0,0,0,0,-8,0,0,-6,0,132,0,0,0,0,-8,0,0,-6,0,154,0,0,0,0,-8,0,0,-6,0,177,0,0,0,0,-8,0,0,-6,0,199,0,0,0,0,-8,0,0,-6,0,"Defense Penetration, Strength-Based +, Magical Beast-Slayer"
80,2H_Axe!A80,2H_Axe,154,Two-Handed Axe of the Aurora,Ebonsteel,1,,1688,109,0,0,0,0,-8,0,0,-6,0,132,0,0,0,0,-8,0,0,-6,0,154,0,0,0,0,-8,0,0,-6,0,177,0,0,0,0,-8,0,0,-6,0,199,0,0,0,0,-8,0,0,-6,0,"Defense Penetration, Strength-Based +, Light Type"
86,2H_Axe!A86,2H_Axe,164,Two-Handed Axe of Eternal Darkness,Ebonsteel,1,,1688,109,0,0,0,0,-8,0,0,-6,0,132,0,0,0,0,-8,0,0,-6,0,154,0,0,0,0,-8,0,0,-6,0,177,0,0,0,0,-8,0,0,-6,0,199,0,0,0,0,-8,0,0,-6,0,"Defense Penetration, Strength-Based +, Dark Type"
92,2H_Axe!A92,2H_Axe,Ex.,Twin Moon Two-Handed Axe,Ebonsteel,1,,,105,0,0,0,0,-8,0,10,-6,0,128,0,0,0,0,-8,0,12,-6,0,150,0,0,0,0,-8,0,13,-6,0,173,0,0,0,0,-8,0,14,-6,0,195,0,0,0,0,-8,0,14,-6,0,"Defense Penetration, Strength-Based +, Water Type"
98,2H_Axe!A98,2H_Axe,,Silver Two-Handed Axe,Silver,1,,,137,0,0,0,0,-8,6,0,-6,0,170,0,0,0,0,-8,6,0,-6,0,196,0,0,0,0,-8,6,0,-6,0,219,0,0,0,0,-8,6,0,-6,0,236,0,0,0,0,-8,6,0,-6,0,"Defense Penetration, Strength-Based +"
104,2H_Axe!A104,2H_Axe,,Nordic Axe,Silver,1,75000,,127,0,0,0,0,-8,0,25,-6,0,,,,,,,,,,,,,,,,,,,,,,,,,,,,,,,,,,,,,,,,,"Defense Penetration, Strength-Based +, ???"
110,2H_Axe!A110,2H_Axe,,Tundra Axe,Silver,1,,,122,0,0,0,0,-8,20,0,-15,0,155,0,0,0,0,-8,20,0,-15,0,181,0,0,0,0,-8,20,0,-15,0,204,0,0,0,0,-8,20,0,-15,0,221,0,0,0,0,-8,20,0,-15,0,"Defense Penetration, Strength-Based +"
116,2H_Axe!A116,2H_Axe,,Beast Crusher,Silver,1,,,132,0,0,0,0,-8,6,0,-6,0,165,0,0,0,0,-8,6,0,-6,0,191,0,0,0,0,-8,6,0,-6,0,214,0,0,0,0,-8,6,0,-6,0,231,0,0,0,0,-8,6,0,-6,0,"Defense Penetration, Strength-Based +, Magical Beast-Slayer"
122,2H_Axe!A122,2H_Axe,,Seafoam Two-Handed Axe,Silver,1,,,132,0,0,0,0,-8,6,0,-6,0,165,0,0,0,0,-8,6,0,-6,0,191,0,0,0,0,-8,6,0,-6,0,214,0,0,0,0,-8,6,0,-6,0,231,0,0,0,0,-8,6,0,-6,0,"Defense Penetration, Strength-Based +, Water Type"
128,2H_Axe!A128,2H_Axe,,Earthrend Two-Handed Axe,Silver,1,,,132,0,0,0,0,-8,6,0,-6,0,165,0,0,0,0,-8,6,0,-6,0,191,0,0,0,0,-8,6,0,-6,0,214,0,0,0,0,-8,6,0,-6,0,231,0,0,0,0,-8,6,0,-6,0,"Defense Penetration, Strength-Based +, Earth Type"
134,2H_Axe!A134,2H_Axe,,,,,,,,,,,,,,,,,,,,,,,,,,,,,,,,,,,,,,,,,,,,,,,,,,,,,,,,,
140,2H_Axe!A140,2H_Axe,,,,,,,,,,,,,,,,,,,,,,,,,,,,,,,,,,,,,,,,,,,,,,,,,,,,,,,,,
146,2H_Axe!A146,2H_Axe,,,,,,,,,,,,,,,,,,,,,,,,,,,,,,,,,,,,,,,,,,,,,,,,,,,,,,,,,
152,2H_Axe!A152,2H_Axe,,,,,,,,,,,,,,,,,,,,,,,,,,,,,,,,,,,,,,,,,,,,,,,,,,,,,,,,,
158,2H_Axe!A158,2H_Axe,,,,,,,,,,,,,,,,,,,,,,,,,,,,,,,,,,,,,,,,,,,,,,,,,,,,,,,,,
164,2H_Axe!A164,2H_Axe,,,,,,,,,,,,,,,,,,,,,,,,,,,,,,,,,,,,,,,,,,,,,,,,,,,,,,,,,
170,2H_Axe!A170,2H_Axe,,,,,,,,,,,,,,,,,,,,,,,,,,,,,,,,,,,,,,,,,,,,,,,,,,,,,,,,,
176,2H_Axe!A176,2H_Axe,,,,,,,,,,,,,,,,,,,,,,,,,,,,,,,,,,,,,,,,,,,,,,,,,,,,,,,,,
182,2H_Axe!A182,2H_Axe,,,,,,,,,,,,,,,,,,,,,,,,,,,,,,,,,,,,,,,,,,,,,,,,,,,,,,,,,
188,2H_Axe!A188,2H_Axe,,,,,,,,,,,,,,,,,,,,,,,,,,,,,,,,,,,,,,,,,,,,,,,,,,,,,,,,,
194,2H_Axe!A194,2H_Axe,,,,,,,,,,,,,,,,,,,,,,,,,,,,,,,,,,,,,,,,,,,,,,,,,,,,,,,,,
200,2H_Axe!A200,2H_Axe,,,,,,,,,,,,,,,,,,,,,,,,,,,,,,,,,,,,,,,,,,,,,,,,,,,,,,,,,
206,2H_Axe!A206,2H_Axe,,,,,,,,,,,,,,,,,,,,,,,,,,,,,,,,,,,,,,,,,,,,,,,,,,,,,,,,,
212,2H_Axe!A212,2H_Axe,,,,,,,,,,,,,,,,,,,,,,,,,,,,,,,,,,,,,,,,,,,,,,,,,,,,,,,,,
218,2H_Axe!A218,2H_Axe,,,,,,,,,,,,,,,,,,,,,,,,,,,,,,,,,,,,,,,,,,,,,,,,,,,,,,,,,
224,2H_Axe!A224,2H_Axe,,,,,,,,,,,,,,,,,,,,,,,,,,,,,,,,,,,,,,,,,,,,,,,,,,,,,,,,,
230,2H_Axe!A230,2H_Axe,,,,,,,,,,,,,,,,,,,,,,,,,,,,,,,,,,,,,,,,,,,,,,,,,,,,,,,,,
236,2H_Axe!A236,2H_Axe,,,,,,,,,,,,,,,,,,,,,,,,,,,,,,,,,,,,,,,,,,,,,,,,,,,,,,,,,
242,2H_Axe!A242,2H_Axe,,,,,,,,,,,,,,,,,,,,,,,,,,,,,,,,,,,,,,,,,,,,,,,,,,,,,,,,,
248,2H_Axe!A248,2H_Axe,,,,,,,,,,,,,,,,,,,,,,,,,,,,,,,,,,,,,,,,,,,,,,,,,,,,,,,,,
254,2H_Axe!A254,2H_Axe,,,,,,,,,,,,,,,,,,,,,,,,,,,,,,,,,,,,,,,,,,,,,,,,,,,,,,,,,
,,,,,,,,,,,,,,,,,,,,,,,,,,,,,,,,,,,,,,,,,,,,,,,,,,,,,,,,,,,
2,1H_Mace!A2,1H_Mace,4,Worn-Out Mace,Worn,1,,19,11,0,0,0,0,0,4,-4,2,0,17,0,0,0,0,0,4,-4,2,0,23,0,0,0,0,0,4,-4,2,0,29,0,0,0,0,0,4,-4,2,0,,,,,,,,,,,"Inflict Stun, Evasion Damage"
8,1H_Mace!A8,1H_Mace,15,Bronze Mace,Bronze,1,475,76,24,0,0,0,0,0,4,-4,2,0,33,0,0,0,0,0,4,-4,2,0,41,0,0,0,0,0,4,-4,2,0,50,0,0,0,0,0,4,-4,2,0,,,,,,,,,,,"Inflict Stun, Evasion Damage"
14,1H_Mace!A14,1H_Mace,59,Mace of Undead Bane,Bronze,1,,95,26,0,0,0,0,0,4,-4,2,0,35,0,0,0,0,0,4,-4,2,0,43,0,0,0,0,0,4,-4,2,0,52,0,0,0,0,0,4,-4,2,0,,,,,,,,,,,"Inflict Stun, Evasion Damage, Vs Undead"
20,1H_Mace!A20,1H_Mace,67,Mace of Agony,Bronze,1,,95,28,-10,-10,0,0,0,4,-4,2,-10,37,-10,-10,0,0,0,4,-4,2,-10,45,-10,-10,0,0,0,4,-4,2,-10,54,-10,-10,0,0,0,4,-4,2,-10,,,,,,,,,,,"Inflict Stun, Evasion Damage"
26,1H_Mace!A26,1H_Mace,26,Iron Mace,Iron,1,1425,228,38,0,0,0,0,0,4,-4,2,0,49,0,0,0,0,0,4,-4,2,0,60,0,0,0,0,0,4,-4,2,0,71,0,0,0,0,0,4,-4,2,0,83,0,0,0,0,0,4,-4,2,0,"Inflict Stun, Evasion Damage"
32,1H_Mace!A32,1H_Mace,37,Steel Mace,Steel,1,,456,51,0,0,0,0,0,4,-4,2,0,65,0,0,0,0,0,4,-4,2,0,78,0,0,0,0,0,4,-4,2,0,92,0,0,0,0,0,4,-4,2,0,106,0,0,0,0,0,4,-4,2,0,"Inflict Stun, Evasion Damage"
38,1H_Mace!A38,1H_Mace,114,Warmace of Flame,Steel,1,,456,48,0,0,0,0,0,4,-4,2,0,62,0,0,0,0,0,4,-4,2,0,75,0,0,0,0,0,4,-4,2,0,89,0,0,0,0,0,4,-4,2,0,103,0,0,0,0,0,4,-4,2,0,"Inflict Stun, Evasion Damage, Fire Type"
44,1H_Mace!A44,1H_Mace,124,Warmace of the Water Drop,Steel,1,,456,48,0,0,0,0,0,4,-4,2,0,62,0,0,0,0,0,4,-4,2,0,75,0,0,0,0,0,4,-4,2,0,89,0,0,0,0,0,4,-4,2,0,103,0,0,0,0,0,4,-4,2,0,"Inflict Stun, Evasion Damage, Water Type"
50,1H_Mace!A50,1H_Mace,133,Warmace of the Gale,Steel,1,,456,48,0,0,0,0,0,4,-4,2,0,62,0,0,0,0,0,4,-4,2,0,75,0,0,0,0,0,4,-4,2,0,89,0,0,0,0,0,4,-4,2,0,103,0,0,0,0,0,4,-4,2,0,"Inflict Stun, Evasion Damage, Air Type"
56,1H_Mace!A56,1H_Mace,142,Mace of the Soil,Steel,1,,456,48,0,0,0,0,0,4,-4,2,0,62,0,0,0,0,0,4,-4,2,0,75,0,0,0,0,0,4,-4,2,0,89,0,0,0,0,0,4,-4,2,0,103,0,0,0,0,0,4,-4,2,0,"Inflict Stun, Evasion Damage, Earth Type"
62,1H_Mace!A62,1H_Mace,Ex.,Mace of Pounding,Steel,1,,,57,0,0,0,0,0,4,-4,2,0,71,0,0,0,0,0,4,-4,2,0,84,0,0,0,0,0,4,-4,2,0,98,0,0,0,0,0,4,-4,2,0,112,0,0,0,0,0,4,-4,2,0,"Inflict Stun, Evasion Damage"
68,1H_Mace!A68,1H_Mace,48,Ebonsteel Mace,Ebonsteel,1,,950,76,0,0,0,0,0,4,-4,2,0,92,0,0,0,0,0,4,-4,2,0,108,0,0,0,0,0,4,-4,2,0,124,0,0,0,0,0,4,-4,2,0,141,0,0,0,0,0,4,-4,2,0,"Inflict Stun, Evasion Damage"
74,1H_Mace!A74,1H_Mace,92,Mace of Expulsion,Ebonsteel,1,,1188,74,0,0,0,0,0,4,-4,2,0,90,0,0,0,0,0,4,-4,2,0,106,0,0,0,0,0,4,-4,2,0,122,0,0,0,0,0,4,-4,2,0,139,0,0,0,0,0,4,-4,2,0,"Inflict Stun, Evasion Damage, Vs Undead"
80,1H_Mace!A80,1H_Mace,104,Desert Hammer,Ebonsteel,1,35625,3563,79,0,0,1,1,-2,4,-4,1,0,95,0,0,1,1,-2,4,-4,1,0,111,0,0,1,1,-2,4,-4,1,0,127,0,0,1,1,-2,4,-4,1,0,144,0,0,1,1,-2,4,-4,1,0,"Inflict Stun, Evasion Damage"
86,1H_Mace!A86,1H_Mace,108,Mace of Tumult,Ebonsteel,1,,1188,72,0,0,0,0,0,4,-4,2,0,88,0,0,0,0,0,4,-4,2,0,104,0,0,0,0,0,4,-4,2,0,120,0,0,0,0,0,4,-4,2,0,137,0,0,0,0,0,4,-4,2,0,"Inflict Stun, Evasion Damage, Inflict Confusion"
92,1H_Mace!A92,1H_Mace,151,Warmace of the Aurora,Ebonsteel,1,,1188,74,0,0,0,0,0,4,-4,2,0,90,0,0,0,0,0,4,-4,2,0,106,0,0,0,0,0,4,-4,2,0,122,0,0,0,0,0,4,-4,2,0,139,0,0,0,0,0,4,-4,2,0,"Inflict Stun, Evasion Damage, Light Type"
98,1H_Mace!A98,1H_Mace,161,Warmace of Eternal Darkness,Ebonsteel,1,,1188,74,0,0,0,0,0,4,-4,2,0,90,0,0,0,0,0,4,-4,2,0,106,0,0,0,0,0,4,-4,2,0,122,0,0,0,0,0,4,-4,2,0,139,0,0,0,0,0,4,-4,2,0,"Inflict Stun, Evasion Damage, Dark Type"
104,1H_Mace!A104,1H_Mace,Ex.,Mace of Power,Ebonsteel,1,,,64,0,0,0,0,-1,4,-4,2,0,80,0,0,0,0,-1,4,-4,2,0,96,0,0,0,0,-1,4,-4,2,0,112,0,0,0,0,-1,4,-4,2,0,129,0,0,0,0,-1,4,-4,2,0,"Inflict Stun (Divine Power), Evasion Damage"
110,1H_Mace!A110,1H_Mace,,Beast Breaker,Silver,1,,,87,0,0,0,0,0,4,-4,2,0,,,,,,,,,,,,,,,,,,,,,,,,,,,,,,,,,,,,,,,,,"Inflict Stun (Divine Power), Evasion Damage, Magical Beast-Slayer"
116,1H_Mace!A116,1H_Mace,,Earthrend Mace,Silver,1,,,87,0,0,0,0,0,4,-4,2,0,,,,,,,,,,,,,,,,,,,,,,,,,,,,,,,,,,,,,,,,,"Inflict Stun (Divine Power), Evasion Damage, Earth Type"
122,1H_Mace!A122,1H_Mace,,Seafoam Mace,Silver,1,,,87,0,0,0,0,0,4,-4,2,0,,,,,,,,,,,,,,,,,,,,,,,,,,,,,,,,,,,,,,,,,"Inflict Stun (Divine Power), Evasion Damage, Water Type"
128,1H_Mace!A128,1H_Mace,,,,,,,,,,,,,,,,,,,,,,,,,,,,,,,,,,,,,,,,,,,,,,,,,,,,,,,,,
134,1H_Mace!A134,1H_Mace,,,,,,,,,,,,,,,,,,,,,,,,,,,,,,,,,,,,,,,,,,,,,,,,,,,,,,,,,
140,1H_Mace!A140,1H_Mace,,,,,,,,,,,,,,,,,,,,,,,,,,,,,,,,,,,,,,,,,,,,,,,,,,,,,,,,,
146,1H_Mace!A146,1H_Mace,,,,,,,,,,,,,,,,,,,,,,,,,,,,,,,,,,,,,,,,,,,,,,,,,,,,,,,,,
152,1H_Mace!A152,1H_Mace,,,,,,,,,,,,,,,,,,,,,,,,,,,,,,,,,,,,,,,,,,,,,,,,,,,,,,,,,
158,1H_Mace!A158,1H_Mace,,,,,,,,,,,,,,,,,,,,,,,,,,,,,,,,,,,,,,,,,,,,,,,,,,,,,,,,,
164,1H_Mace!A164,1H_Mace,,,,,,,,,,,,,,,,,,,,,,,,,,,,,,,,,,,,,,,,,,,,,,,,,,,,,,,,,
170,1H_Mace!A170,1H_Mace,,,,,,,,,,,,,,,,,,,,,,,,,,,,,,,,,,,,,,,,,,,,,,,,,,,,,,,,,
176,1H_Mace!A176,1H_Mace,,,,,,,,,,,,,,,,,,,,,,,,,,,,,,,,,,,,,,,,,,,,,,,,,,,,,,,,,
182,1H_Mace!A182,1H_Mace,,,,,,,,,,,,,,,,,,,,,,,,,,,,,,,,,,,,,,,,,,,,,,,,,,,,,,,,,
188,1H_Mace!A188,1H_Mace,,,,,,,,,,,,,,,,,,,,,,,,,,,,,,,,,,,,,,,,,,,,,,,,,,,,,,,,,
194,1H_Mace!A194,1H_Mace,,,,,,,,,,,,,,,,,,,,,,,,,,,,,,,,,,,,,,,,,,,,,,,,,,,,,,,,,
200,1H_Mace!A200,1H_Mace,,,,,,,,,,,,,,,,,,,,,,,,,,,,,,,,,,,,,,,,,,,,,,,,,,,,,,,,,
206,1H_Mace!A206,1H_Mace,,,,,,,,,,,,,,,,,,,,,,,,,,,,,,,,,,,,,,,,,,,,,,,,,,,,,,,,,
212,1H_Mace!A212,1H_Mace,,,,,,,,,,,,,,,,,,,,,,,,,,,,,,,,,,,,,,,,,,,,,,,,,,,,,,,,,
218,1H_Mace!A218,1H_Mace,,,,,,,,,,,,,,,,,,,,,,,,,,,,,,,,,,,,,,,,,,,,,,,,,,,,,,,,,
224,1H_Mace!A224,1H_Mace,,,,,,,,,,,,,,,,,,,,,,,,,,,,,,,,,,,,,,,,,,,,,,,,,,,,,,,,,
230,1H_Mace!A230,1H_Mace,,,,,,,,,,,,,,,,,,,,,,,,,,,,,,,,,,,,,,,,,,,,,,,,,,,,,,,,,
236,1H_Mace!A236,1H_Mace,,,,,,,,,,,,,,,,,,,,,,,,,,,,,,,,,,,,,,,,,,,,,,,,,,,,,,,,,
242,1H_Mace!A242,1H_Mace,,,,,,,,,,,,,,,,,,,,,,,,,,,,,,,,,,,,,,,,,,,,,,,,,,,,,,,,,
248,1H_Mace!A248,1H_Mace,,,,,,,,,,,,,,,,,,,,,,,,,,,,,,,,,,,,,,,,,,,,,,,,,,,,,,,,,
254,1H_Mace!A254,1H_Mace,,,,,,,,,,,,,,,,,,,,,,,,,,,,,,,,,,,,,,,,,,,,,,,,,,,,,,,,,
,,,,,,,,,,,,,,,,,,,,,,,,,,,,,,,,,,,,,,,,,,,,,,,,,,,,,,,,,,,
2,2H_Mace!A2,2H_Mace,8,Worn-Out Two-Handed Mace,Worn,1,,25,12,0,0,0,0,-8,0,-4,-6,0,20,0,0,0,0,-8,0,-4,-6,0,27,0,0,0,0,-8,0,-4,-6,0,,,,,,,,,,,,,,,,,,,,,"Inflict Stun, Evasion Damage, Strength Based +"
8,2H_Mace!A8,2H_Mace,19,Bronze Two-Handed Mace,Bronze,1,625,100,31,0,0,0,0,-8,0,-4,-6,0,42,0,0,0,0,-8,0,-4,-6,0,53,0,0,0,0,-8,0,-4,-6,0,,,,,,,,,,,,,,,,,,,,,"Inflict Stun, Evasion Damage, Strength Based +"
14,2H_Mace!A14,2H_Mace,63,Two-Handed Mace of Undead Bane,Bronze,1,,125,32,0,0,0,0,-8,0,-4,-6,0,43,0,0,0,0,-8,0,-4,-6,0,54,0,0,0,0,-8,0,-4,-6,0,,,,,,,,,,,,,,,,,,,,,"Inflict Stun, Evasion Damage, Strength Based +, Vs Undead"
20,2H_Mace!A20,2H_Mace,30,Iron Two-Handed Mace,Iron,1,1875,300,52,0,0,0,0,-8,0,-4,-6,0,67,0,0,0,0,-8,0,-4,-6,0,82,0,0,0,0,-8,0,-4,-6,0,97,0,0,0,0,-8,0,-4,-6,0,112,0,0,0,0,-8,0,-4,-6,0,"Inflict Stun, Evasion Damage, Strength Based +"
26,2H_Mace!A26,2H_Mace,41,Steel Two-Handed Mace,Steel,1,,600,70,0,0,0,0,-8,0,-4,-6,0,88,0,0,0,0,-8,0,-4,-6,0,106,0,0,0,0,-8,0,-4,-6,0,125,0,0,0,0,-8,0,-4,-6,0,145,0,0,0,0,-8,0,-4,-6,0,"Inflict Stun, Evasion Damage, Strength Based +"
32,2H_Mace!A32,2H_Mace,87,Isabella's Warhammer,Steel,1,,960,80,0,0,0,0,-15,0,-4,-6,0,103,0,0,0,0,-15,0,-4,-6,0,125,0,0,0,0,-15,0,-4,-6,0,148,0,0,0,0,-15,0,-4,-6,0,170,0,0,0,0,-15,0,-4,-6,0,"Inflict Stun, Evasion Damage, Strength Based +"
38,2H_Mace!A38,2H_Mace,118,Heavy Mace of Flame,Steel,1,,750,68,0,0,0,0,-8,0,-4,-6,0,86,0,0,0,0,-8,0,-4,-6,0,104,0,0,0,0,-8,0,-4,-6,0,123,0,0,0,0,-8,0,-4,-6,0,143,0,0,0,0,-8,0,-4,-6,0,"Inflict Stun, Evasion Damage, Strength Based +, Fire Type"
44,2H_Mace!A44,2H_Mace,119,Firesmith's Mace,Steel,1,,750,74,0,0,0,0,-8,0,-4,-10,0,92,0,0,0,0,-8,0,-4,-10,0,110,0,0,0,0,-8,0,-4,-10,0,129,0,0,0,0,-8,0,-4,-10,0,149,0,0,0,0,-8,0,-4,-10,0,"Inflict Stun, Evasion Damage, Strength Based +, Fire Type"
50,2H_Mace!A50,2H_Mace,128,Heavy Mace of the Water Drop,Steel,1,,750,68,0,0,0,0,-8,0,-4,-6,0,86,0,0,0,0,-8,0,-4,-6,0,104,0,0,0,0,-8,0,-4,-6,0,123,0,0,0,0,-8,0,-4,-6,0,143,0,0,0,0,-8,0,-4,-6,0,"Inflict Stun, Evasion Damage, Strength Based +, Water Type"
56,2H_Mace!A56,2H_Mace,137,Heavy Mace of the Gale,Steel,1,,750,68,0,0,0,0,-8,0,-4,-6,0,86,0,0,0,0,-8,0,-4,-6,0,104,0,0,0,0,-8,0,-4,-6,0,123,0,0,0,0,-8,0,-4,-6,0,143,0,0,0,0,-8,0,-4,-6,0,"Inflict Stun, Evasion Damage, Strength Based +, Air Type"
62,2H_Mace!A62,2H_Mace,146,Heavy Mace of the Soil,Steel,1,,750,68,0,0,0,0,-8,0,-4,-6,0,86,0,0,0,0,-8,0,-4,-6,0,104,0,0,0,0,-8,0,-4,-6,0,123,0,0,0,0,-8,0,-4,-6,0,143,0,0,0,0,-8,0,-4,-6,0,"Inflict Stun, Evasion Damage, Strength Based +, Earth Type"
68,2H_Mace!A68,2H_Mace,52,Ebonsteel Two-Handed Mace,Ebonsteel,1,,1250,105,0,0,0,0,-8,0,-4,-6,0,128,0,0,0,0,-8,0,-4,-6,0,140,0,0,0,0,-8,0,-4,-6,0,173,0,0,0,0,-8,0,-4,-6,0,195,0,0,0,0,-8,0,-4,-6,0,"Inflict Stun, Evasion Damage, Strength Based +"
74,2H_Mace!A74,2H_Mace,96,Two-Handed Mace of Expulsion,Ebonsteel,1,,1563,100,0,0,0,0,-8,0,-4,-6,0,123,0,0,0,0,-8,0,-4,-6,0,145,0,0,0,0,-8,0,-4,-6,0,168,0,0,0,0,-8,0,-4,-6,0,190,0,0,0,0,-8,0,-4,-6,0,"Inflict Stun, Evasion Damage, Strength Based +, Vs Undead"
80,2H_Mace!A80,2H_Mace,156,Heavy Mace of the Aurora,Ebonsteel,1,,1563,100,0,0,0,0,-8,0,-4,-6,0,123,0,0,0,0,-8,0,-4,-6,0,145,0,0,0,0,-8,0,-4,-6,0,168,0,0,0,0,-8,0,-4,-6,0,190,0,0,0,0,-8,0,-4,-6,0,"Inflict Stun, Evasion Damage, Strength Based +, Light Type"
86,2H_Mace!A86,2H_Mace,165,Heavy Mace of Eternal Darkness,Ebonsteel,1,,1563,100,0,0,0,0,-8,0,-4,-6,0,123,0,0,0,0,-8,0,-4,-6,0,145,0,0,0,0,-8,0,-4,-6,0,168,0,0,0,0,-8,0,-4,-6,0,190,0,0,0,0,-8,0,-4,-6,0,"Inflict Stun, Evasion Damage, Strength Based +, Dark Type"
92,2H_Mace!A92,2H_Mace,,Silver Two-Handed Mace,Silver,1,,,136,0,0,0,0,-8,10,-2,-6,0,,,,,,,,,,,,,,,,,,,,,208,0,0,0,0,-8,10,-2,-6,0,225,0,0,0,0,-8,10,-2,-6,0,"Inflict Stun, Evasion Damage, Strength Based +"
98,2H_Mace!A98,2H_Mace,,Nordic Club,Silver,1,75000,,116,0,0,0,0,-8,25,-2,-6,0,,,,,,,,,,,,,,,,,,,,,,,,,,,,,,,,,,,,,,,,,"Inflict Stun, Evasion Damage, Strength Based +, ???"
104,2H_Mace!A104,2H_Mace,,Cyclops Hammer,Silver,1,,,140,0,-50,0,0,-20,-20,-2,-6,0,,,,,,,,,,,,,,,,,,,,,,,,,,,,,,,,,,,,,,,,,"Inflict Stun, Evasion Damage, Strength Based +"
110,2H_Mace!A110,2H_Mace,,,,,,,,,,,,,,,,,,,,,,,,,,,,,,,,,,,,,,,,,,,,,,,,,,,,,,,,,
116,2H_Mace!A116,2H_Mace,,,,,,,,,,,,,,,,,,,,,,,,,,,,,,,,,,,,,,,,,,,,,,,,,,,,,,,,,
122,2H_Mace!A122,2H_Mace,,,,,,,,,,,,,,,,,,,,,,,,,,,,,,,,,,,,,,,,,,,,,,,,,,,,,,,,,
128,2H_Mace!A128,2H_Mace,,,,,,,,,,,,,,,,,,,,,,,,,,,,,,,,,,,,,,,,,,,,,,,,,,,,,,,,,
134,2H_Mace!A134,2H_Mace,,,,,,,,,,,,,,,,,,,,,,,,,,,,,,,,,,,,,,,,,,,,,,,,,,,,,,,,,
140,2H_Mace!A140,2H_Mace,,,,,,,,,,,,,,,,,,,,,,,,,,,,,,,,,,,,,,,,,,,,,,,,,,,,,,,,,
146,2H_Mace!A146,2H_Mace,,,,,,,,,,,,,,,,,,,,,,,,,,,,,,,,,,,,,,,,,,,,,,,,,,,,,,,,,
152,2H_Mace!A152,2H_Mace,,,,,,,,,,,,,,,,,,,,,,,,,,,,,,,,,,,,,,,,,,,,,,,,,,,,,,,,,
158,2H_Mace!A158,2H_Mace,,,,,,,,,,,,,,,,,,,,,,,,,,,,,,,,,,,,,,,,,,,,,,,,,,,,,,,,,
164,2H_Mace!A164,2H_Mace,,,,,,,,,,,,,,,,,,,,,,,,,,,,,,,,,,,,,,,,,,,,,,,,,,,,,,,,,
170,2H_Mace!A170,2H_Mace,,,,,,,,,,,,,,,,,,,,,,,,,,,,,,,,,,,,,,,,,,,,,,,,,,,,,,,,,
176,2H_Mace!A176,2H_Mace,,,,,,,,,,,,,,,,,,,,,,,,,,,,,,,,,,,,,,,,,,,,,,,,,,,,,,,,,
182,2H_Mace!A182,2H_Mace,,,,,,,,,,,,,,,,,,,,,,,,,,,,,,,,,,,,,,,,,,,,,,,,,,,,,,,,,
188,2H_Mace!A188,2H_Mace,,,,,,,,,,,,,,,,,,,,,,,,,,,,,,,,,,,,,,,,,,,,,,,,,,,,,,,,,
194,2H_Mace!A194,2H_Mace,,,,,,,,,,,,,,,,,,,,,,,,,,,,,,,,,,,,,,,,,,,,,,,,,,,,,,,,,
200,2H_Mace!A200,2H_Mace,,,,,,,,,,,,,,,,,,,,,,,,,,,,,,,,,,,,,,,,,,,,,,,,,,,,,,,,,
206,2H_Mace!A206,2H_Mace,,,,,,,,,,,,,,,,,,,,,,,,,,,,,,,,,,,,,,,,,,,,,,,,,,,,,,,,,
212,2H_Mace!A212,2H_Mace,,,,,,,,,,,,,,,,,,,,,,,,,,,,,,,,,,,,,,,,,,,,,,,,,,,,,,,,,
218,2H_Mace!A218,2H_Mace,,,,,,,,,,,,,,,,,,,,,,,,,,,,,,,,,,,,,,,,,,,,,,,,,,,,,,,,,
224,2H_Mace!A224,2H_Mace,,,,,,,,,,,,,,,,,,,,,,,,,,,,,,,,,,,,,,,,,,,,,,,,,,,,,,,,,
230,2H_Mace!A230,2H_Mace,,,,,,,,,,,,,,,,,,,,,,,,,,,,,,,,,,,,,,,,,,,,,,,,,,,,,,,,,
236,2H_Mace!A236,2H_Mace,,,,,,,,,,,,,,,,,,,,,,,,,,,,,,,,,,,,,,,,,,,,,,,,,,,,,,,,,
242,2H_Mace!A242,2H_Mace,,,,,,,,,,,,,,,,,,,,,,,,,,,,,,,,,,,,,,,,,,,,,,,,,,,,,,,,,
248,2H_Mace!A248,2H_Mace,,,,,,,,,,,,,,,,,,,,,,,,,,,,,,,,,,,,,,,,,,,,,,,,,,,,,,,,,
254,2H_Mace!A254,2H_Mace,,,,,,,,,,,,,,,,,,,,,,,,,,,,,,,,,,,,,,,,,,,,,,,,,,,,,,,,,
,,,,,,,,,,,,,,,,,,,,,,,,,,,,,,,,,,,,,,,,,,,,,,,,,,,,,,,,,,,
2,2H_Spear!A2,2H_Spear,6,Worn-Out Two-Handed Spear,Worn,1,,26,13,0,0,0,0,0,6,0,4,0,21,0,0,0,0,0,6,0,4,0,28,0,0,0,0,0,6,0,4,0,,,,,,,,,,,,,,,,,,,,,Strength-Based +
8,2H_Spear!A8,2H_Spear,17,Bronze Two-Handed Spear,Bronze,1,650,104,29,0,0,0,0,0,10,0,4,0,40,0,0,0,0,0,10,0,4,0,51,0,0,0,0,0,10,0,4,0,62,0,0,0,0,0,10,0,4,0,,,,,,,,,,,Strength-Based +
14,2H_Spear!A14,2H_Spear,61,Two-Handed Spear of Undead Bane,Bronze,1,,130,32,0,0,0,0,0,10,0,4,0,43,0,0,0,0,0,10,0,4,0,54,0,0,0,0,0,10,0,4,0,65,0,0,0,0,0,10,0,4,0,,,,,,,,,,,"Strength-Based +, Vs Undead"
20,2H_Spear!A20,2H_Spear,68,Halberd,Bronze,1,,130,33,0,0,0,0,0,10,0,4,0,44,0,0,0,0,0,10,0,4,0,55,0,0,0,0,0,10,0,4,0,66,0,0,0,0,0,10,0,4,0,,,,,,,,,,,Strength-Based +
26,2H_Spear!A26,2H_Spear,28,Iron Two-Handed Spear,Iron,,1950,312,50,0,0,0,0,0,10,0,4,0,65,0,0,0,0,0,10,0,4,0,80,0,0,0,0,0,10,0,4,0,95,0,0,0,0,0,10,0,4,0,110,0,0,0,0,0,10,0,4,0,Strength-Based +
32,2H_Spear!A32,2H_Spear,39,Steel Two-Handed Spear,Steel,1,,624,63,0,0,0,0,0,10,0,4,0,81,0,0,0,0,0,10,0,4,0,99,0,0,0,0,0,10,0,4,0,118,0,0,0,0,0,10,0,4,0,138,0,0,0,0,0,10,0,4,0,Strength-Based +
38,2H_Spear!A38,2H_Spear,83,Trident,Steel,1,19500,3900,65,0,0,0,0,0,10,10,4,0,83,0,0,0,0,0,10,12,4,0,101,0,0,0,0,0,10,13,4,0,120,0,0,0,0,0,10,14,4,0,140,0,0,0,0,0,10,15,4,0,Strength-Based +
44,2H_Spear!A44,2H_Spear,116,Heavy Spear of Flame,Steel,1,,780,59,0,0,0,0,0,10,0,4,0,77,0,0,0,0,0,10,0,4,0,95,0,0,0,0,0,10,0,4,0,114,0,0,0,0,0,10,0,4,0,134,0,0,0,0,0,10,0,4,0,"Strength-Based +, Fire Type"
50,2H_Spear!A50,2H_Spear,126,Heavy Spear of the Water Drop,Steel,1,,780,59,0,0,0,0,0,10,0,4,0,77,0,0,0,0,0,10,0,4,0,95,0,0,0,0,0,10,0,4,0,114,0,0,0,0,0,10,0,4,0,134,0,0,0,0,0,10,0,4,0,"Strength-Based +, Water Type"
56,2H_Spear!A56,2H_Spear,135,Heavy Spear of the Gale,Steel,1,,780,59,0,0,0,0,0,10,0,4,0,77,0,0,0,0,0,10,0,4,0,95,0,0,0,0,0,10,0,4,0,114,0,0,0,0,0,10,0,4,0,134,0,0,0,0,0,10,0,4,0,"Strength-Based +, Air Type"
62,2H_Spear!A62,2H_Spear,144,Heavy Spear of the Soil,Steel,1,,780,59,0,0,0,0,0,10,0,4,0,77,0,0,0,0,0,10,0,4,0,95,0,0,0,0,0,10,0,4,0,114,0,0,0,0,0,10,0,4,0,134,0,0,0,0,0,10,0,4,0,"Strength-Based +, Earth Type"
68,2H_Spear!A68,2H_Spear,Ex.,Faust Halberd,Steel,1,,,63,0,0,0,0,0,10,0,4,0,81,0,0,0,0,0,10,0,4,0,99,0,0,0,0,0,10,0,4,0,118,0,0,0,0,0,10,0,4,0,138,0,0,0,0,0,10,0,4,0,"Strength-Based +, Demon-Slayer"
74,2H_Spear!A74,2H_Spear,50,Ebonsteel Two-Handed Spear,Ebonsteel,1,,130,95,0,0,0,0,0,10,0,4,0,118,0,0,0,0,0,10,0,4,0,140,0,0,0,0,0,10,0,4,0,163,0,0,0,0,0,10,0,4,0,185,0,0,0,0,0,10,0,4,0,Strength-Based +
80,2H_Spear!A80,2H_Spear,94,Two-Handed Spear of Expulsion,Ebonsteel,1,,1625,92,0,0,0,0,0,10,0,4,0,115,0,0,0,0,0,10,0,4,0,137,0,0,0,0,0,10,0,4,0,160,0,0,0,0,0,10,0,4,0,182,0,0,0,0,0,10,0,4,0,"Strength-Based +, Vs Undead"
86,2H_Spear!A86,2H_Spear,153,Heavy Spear of the Aurora,Ebonsteel,1,,1625,92,0,0,0,0,0,10,0,4,0,115,0,0,0,0,0,10,0,4,0,137,0,0,0,0,0,10,0,4,0,160,0,0,0,0,0,10,0,4,0,182,0,0,0,0,0,10,0,4,0,"Strength-Based +, Light Type"
92,2H_Spear!A92,2H_Spear,163,Heavy Spear of Eternal Darkness,Ebonsteel,1,,1625,92,0,0,0,0,0,10,0,4,0,115,0,0,0,0,0,10,0,4,0,137,0,0,0,0,0,10,0,4,0,160,0,0,0,0,0,10,0,4,0,182,0,0,0,0,0,10,0,4,0,"Strength-Based +, Dark Type"
98,2H_Spear!A98,2H_Spear,Ex.,Shadow Leopard,Ebonsteel,1,,,92,0,0,0,0,4,10,0,8,0,115,0,0,0,0,4,10,0,8,0,137,0,0,0,0,4,10,0,8,0,160,0,0,0,0,4,10,0,8,0,182,0,0,0,0,4,10,0,8,0,Strength-Based +
104,2H_Spear!A104,2H_Spear,,Silver Two-Handed Spear,Silver,1,,,114,0,0,0,0,0,10,0,5,0,147,0,0,0,0,0,10,0,5,0,173,0,0,0,0,0,10,0,5,0,196,0,0,0,0,0,10,0,5,0,213,0,0,0,0,0,10,0,5,0,Strength-Based +
110,2H_Spear!A110,2H_Spear,,Beast Penetrator,Silver,1,,,110,0,0,0,0,0,10,0,5,0,,,,,,,,,,,,,,,,,,,,,,,,,,,,,,,,,,,,,,,,,"Strength-Based +, Magical Beast-Slayer"
116,2H_Spear!A116,2H_Spear,,Earthrend Two-Handed Spear,Silver,1,,,110,0,0,0,0,0,10,0,5,0,,,,,,,,,,,,,,,,,,,,,,,,,,,,,,,,,,,,,,,,,"Strength-Based +, Earth Type"
122,2H_Spear!A122,2H_Spear,,Seafoam Two-Handed Spear,Silver,1,,,110,0,0,0,0,0,10,0,5,0,,,,,,,,,,,,,,,,,,,,,,,,,,,,,,,,,,,,,,,,,"Strength-Based +, Water Type"
128,2H_Spear!A128,2H_Spear,,,,,,,,,,,,,,,,,,,,,,,,,,,,,,,,,,,,,,,,,,,,,,,,,,,,,,,,,
134,2H_Spear!A134,2H_Spear,,,,,,,,,,,,,,,,,,,,,,,,,,,,,,,,,,,,,,,,,,,,,,,,,,,,,,,,,
140,2H_Spear!A140,2H_Spear,,,,,,,,,,,,,,,,,,,,,,,,,,,,,,,,,,,,,,,,,,,,,,,,,,,,,,,,,
146,2H_Spear!A146,2H_Spear,,,,,,,,,,,,,,,,,,,,,,,,,,,,,,,,,,,,,,,,,,,,,,,,,,,,,,,,,
152,2H_Spear!A152,2H_Spear,,,,,,,,,,,,,,,,,,,,,,,,,,,,,,,,,,,,,,,,,,,,,,,,,,,,,,,,,
158,2H_Spear!A158,2H_Spear,,,,,,,,,,,,,,,,,,,,,,,,,,,,,,,,,,,,,,,,,,,,,,,,,,,,,,,,,
164,2H_Spear!A164,2H_Spear,,,,,,,,,,,,,,,,,,,,,,,,,,,,,,,,,,,,,,,,,,,,,,,,,,,,,,,,,
170,2H_Spear!A170,2H_Spear,,,,,,,,,,,,,,,,,,,,,,,,,,,,,,,,,,,,,,,,,,,,,,,,,,,,,,,,,
176,2H_Spear!A176,2H_Spear,,,,,,,,,,,,,,,,,,,,,,,,,,,,,,,,,,,,,,,,,,,,,,,,,,,,,,,,,
182,2H_Spear!A182,2H_Spear,,,,,,,,,,,,,,,,,,,,,,,,,,,,,,,,,,,,,,,,,,,,,,,,,,,,,,,,,
188,2H_Spear!A188,2H_Spear,,,,,,,,,,,,,,,,,,,,,,,,,,,,,,,,,,,,,,,,,,,,,,,,,,,,,,,,,
194,2H_Spear!A194,2H_Spear,,,,,,,,,,,,,,,,,,,,,,,,,,,,,,,,,,,,,,,,,,,,,,,,,,,,,,,,,
200,2H_Spear!A200,2H_Spear,,,,,,,,,,,,,,,,,,,,,,,,,,,,,,,,,,,,,,,,,,,,,,,,,,,,,,,,,
206,2H_Spear!A206,2H_Spear,,,,,,,,,,,,,,,,,,,,,,,,,,,,,,,,,,,,,,,,,,,,,,,,,,,,,,,,,
212,2H_Spear!A212,2H_Spear,,,,,,,,,,,,,,,,,,,,,,,,,,,,,,,,,,,,,,,,,,,,,,,,,,,,,,,,,
218,2H_Spear!A218,2H_Spear,,,,,,,,,,,,,,,,,,,,,,,,,,,,,,,,,,,,,,,,,,,,,,,,,,,,,,,,,
224,2H_Spear!A224,2H_Spear,,,,,,,,,,,,,,,,,,,,,,,,,,,,,,,,,,,,,,,,,,,,,,,,,,,,,,,,,
230,2H_Spear!A230,2H_Spear,,,,,,,,,,,,,,,,,,,,,,,,,,,,,,,,,,,,,,,,,,,,,,,,,,,,,,,,,
236,2H_Spear!A236,2H_Spear,,,,,,,,,,,,,,,,,,,,,,,,,,,,,,,,,,,,,,,,,,,,,,,,,,,,,,,,,
242,2H_Spear!A242,2H_Spear,,,,,,,,,,,,,,,,,,,,,,,,,,,,,,,,,,,,,,,,,,,,,,,,,,,,,,,,,
248,2H_Spear!A248,2H_Spear,,,,,,,,,,,,,,,,,,,,,,,,,,,,,,,,,,,,,,,,,,,,,,,,,,,,,,,,,
254,2H_Spear!A254,2H_Spear,,,,,,,,,,,,,,,,,,,,,,,,,,,,,,,,,,,,,,,,,,,,,,,,,,,,,,,,,
,,,,,,,,,,,,,,,,,,,,,,,,,,,,,,,,,,,,,,,,,,,,,,,,,,,,,,,,,,,
2,1H_Staff!A2,1H_Staff,9,Worn-Out Staff,Worn,1,,14,8,3,3,0,0,0,0,0,2,0,14,9,9,0,0,0,0,0,2,0,20,15,15,0,0,0,0,0,2,0,26,21,21,0,0,0,0,0,2,0,33,28,28,0,0,0,0,0,2,0,
8,1H_Staff!A8,1H_Staff,20,Hardwood Staff,Bronze,1,350,56,10,8,8,0,0,0,0,0,2,0,19,17,17,0,0,0,0,0,2,0,27,25,25,0,0,0,0,0,2,0,36,34,34,0,0,0,0,0,2,0,,,,,,,,,,,
14,1H_Staff!A14,1H_Staff,66,Twisted Staff,Bronze,1,,70,10,8,8,0,0,0,0,0,2,0,19,17,17,0,0,0,0,0,2,0,27,25,25,0,0,0,0,0,2,0,,,,,,,,,,,,,,,,,,,,,
20,1H_Staff!A20,1H_Staff,31,Old Wood Staff,Iron,1,1050,168,13,20,20,0,0,0,0,0,2,0,24,31,31,0,0,0,0,0,2,0,35,42,42,0,0,0,0,0,2,0,46,53,53,0,0,0,0,0,2,0,58,65,65,0,0,0,0,0,2,0,
26,1H_Staff!A26,1H_Staff,42,Sacred Wood Staff,Steel,1,,336,16,32,32,0,0,0,0,0,2,0,30,46,46,0,0,0,0,0,2,0,43,59,59,0,0,0,0,0,2,0,57,73,73,0,0,0,0,0,2,0,71,87,87,0,0,0,0,0,2,0,
32,1H_Staff!A32,1H_Staff,80,Holy Staff of the Millenial Tree,Steel,1,10500,420,16,32,32,0,0,0,0,0,2,16,30,46,46,0,0,0,0,0,2,18,43,59,59,0,0,0,0,0,2,19,57,73,73,0,0,0,0,0,2,20,71,87,87,0,0,0,0,0,2,21,
38,1H_Staff!A38,1H_Staff,53,Arcane Rod,Ebonsteel,1,,700,22,53,53,0,0,0,0,0,2,0,38,69,69,0,0,0,0,0,2,0,54,85,85,0,0,0,0,0,2,0,70,101,101,0,0,0,0,0,2,0,87,118,118,0,0,0,0,0,2,0,
44,1H_Staff!A44,1H_Staff,107,Staff of Weakness,Ebonsteel,1,,875,11,51,51,-1,-1,-1,0,0,3,0,27,67,67,-1,-1,-1,0,0,3,0,43,83,83,-1,-1,-1,0,0,3,0,59,99,99,-1,-1,-1,0,0,3,0,76,116,116,-1,-1,-1,0,0,3,0,Attack Power Decrease
50,1H_Staff!A50,1H_Staff,Ex.,Black Rod,Ebonsteel,1,,,80,53,0,0,0,0,0,0,2,0,96,69,0,0,0,0,0,0,2,0,112,85,0,0,0,0,0,0,2,0,128,101,0,0,0,0,0,0,2,0,145,118,0,0,0,0,0,0,2,0,
56,1H_Staff!A56,1H_Staff,Ex.,Staff of Recurrence,Ebonsteel,1,,,11,50,50,0,0,0,0,0,2,0,27,66,66,0,0,0,0,0,2,0,43,82,82,0,0,0,0,0,2,0,59,98,98,0,0,0,0,0,2,0,76,115,115,0,0,0,0,0,2,0,Blessing of Reversal
62,1H_Staff!A62,1H_Staff,,Rod of Splendor,Silver,1,,1050,27,64,64,0,0,0,0,0,3,0,47,84,84,0,0,0,0,0,3,0,66,103,103,0,0,0,0,0,3,0,85,122,122,0,0,0,0,0,3,0,,,,,,,,,,,
68,1H_Staff!A68,1H_Staff,Ex.,Librarian Rod,Silver,1,,,36,70,70,0,0,0,0,0,3,0,,,,,,,,,,,,,,,,,,,,,,,,,,,,,,,,,,,,,,,,,Memory Enhancement
74,1H_Staff!A74,1H_Staff,,,,,,,,,,,,,,,,,,,,,,,,,,,,,,,,,,,,,,,,,,,,,,,,,,,,,,,,,
80,1H_Staff!A80,1H_Staff,,,,,,,,,,,,,,,,,,,,,,,,,,,,,,,,,,,,,,,,,,,,,,,,,,,,,,,,,
86,1H_Staff!A86,1H_Staff,,,,,,,,,,,,,,,,,,,,,,,,,,,,,,,,,,,,,,,,,,,,,,,,,,,,,,,,,
92,1H_Staff!A92,1H_Staff,,,,,,,,,,,,,,,,,,,,,,,,,,,,,,,,,,,,,,,,,,,,,,,,,,,,,,,,,
98,1H_Staff!A98,1H_Staff,,,,,,,,,,,,,,,,,,,,,,,,,,,,,,,,,,,,,,,,,,,,,,,,,,,,,,,,,
104,1H_Staff!A104,1H_Staff,,,,,,,,,,,,,,,,,,,,,,,,,,,,,,,,,,,,,,,,,,,,,,,,,,,,,,,,,
110,1H_Staff!A110,1H_Staff,,,,,,,,,,,,,,,,,,,,,,,,,,,,,,,,,,,,,,,,,,,,,,,,,,,,,,,,,
116,1H_Staff!A116,1H_Staff,,,,,,,,,,,,,,,,,,,,,,,,,,,,,,,,,,,,,,,,,,,,,,,,,,,,,,,,,
122,1H_Staff!A122,1H_Staff,,,,,,,,,,,,,,,,,,,,,,,,,,,,,,,,,,,,,,,,,,,,,,,,,,,,,,,,,
128,1H_Staff!A128,1H_Staff,,,,,,,,,,,,,,,,,,,,,,,,,,,,,,,,,,,,,,,,,,,,,,,,,,,,,,,,,
134,1H_Staff!A134,1H_Staff,,,,,,,,,,,,,,,,,,,,,,,,,,,,,,,,,,,,,,,,,,,,,,,,,,,,,,,,,
140,1H_Staff!A140,1H_Staff,,,,,,,,,,,,,,,,,,,,,,,,,,,,,,,,,,,,,,,,,,,,,,,,,,,,,,,,,
146,1H_Staff!A146,1H_Staff,,,,,,,,,,,,,,,,,,,,,,,,,,,,,,,,,,,,,,,,,,,,,,,,,,,,,,,,,
,,,,,,,,,,,,,,,,,,,,,,,,,,,,,,,,,,,,,,,,,,,,,,,,,,,,,,,,,,,
2,2H_Staff!A2,2H_Staff,10,Worn-Out Two-Handed Staff,Worn,1,,24,9,4,4,0,0,0,0,0,-4,0,17,12,12,0,0,0,0,0,-4,0,24,19,19,0,0,0,0,0,-4,0,,,,,,,,,,,,,,,,,,,,,Strength-Based +
8,2H_Staff!A8,2H_Staff,21,Hardwood Two-Handed Staff,Bronze,1,600,96,14,16,16,0,0,0,0,0,-4,0,25,27,27,0,0,0,0,0,-4,0,36,38,38,0,0,0,0,0,-4,0,47,49,49,0,0,0,0,0,-4,0,,,,,,,,,,,Strength-Based +
14,2H_Staff!A14,2H_Staff,32,Old Wood Two-Handed Staff,Iron,1,1800,288,20,38,38,0,0,0,0,0,-4,0,35,53,53,0,0,0,0,0,-4,0,50,68,68,0,0,0,0,0,-4,0,65,83,83,0,0,0,0,0,-4,0,80,98,98,0,0,0,0,0,-4,0,Strength-Based +
20,2H_Staff!A20,2H_Staff,72,Silverworked Staff,Iron,1,9000,1800,20,38,38,0,0,0,0,0,-4,0,35,53,53,0,0,0,0,0,-4,0,50,68,68,0,0,0,0,0,-4,0,65,83,83,0,0,0,0,0,-4,0,80,98,98,0,0,0,0,0,-4,0,Strength-Based +
26,2H_Staff!A26,2H_Staff,43,Sacred Wood Two-Handed Staff,Steel,1,,576,25,60,60,0,0,0,0,0,-4,0,43,78,78,0,0,0,0,0,-4,0,61,96,96,0,0,0,0,0,-4,0,80,115,115,0,0,0,0,0,-4,0,100,135,135,0,0,0,0,0,-4,0,Strength-Based +
32,2H_Staff!A32,2H_Staff,85,Spiritual Staff,Steel,1,,720,30,65,0,0,0,0,0,0,-4,0,48,83,0,0,0,0,0,0,-4,0,66,101,0,0,0,0,0,0,-4,0,85,120,0,0,0,0,0,0,-4,0,105,140,0,0,0,0,0,0,-4,0,Strength-Based +
38,2H_Staff!A38,2H_Staff,86,Holy Wand,Steel,1,,720,30,0,65,0,0,0,0,0,-4,0,48,0,83,0,0,0,0,0,-4,0,66,0,101,0,0,0,0,0,-4,0,85,0,120,0,0,0,0,0,-4,0,105,0,140,0,0,0,0,0,-4,0,Strength-Based +
44,2H_Staff!A44,2H_Staff,Ex.,Two-Handed Wreath Saff,Steel,1,,,25,70,70,0,0,-4,0,0,-4,0,43,88,88,0,0,-4,0,0,-4,0,61,106,106,0,0,-4,0,0,-4,0,80,125,125,0,0,-4,0,0,-4,0,100,145,145,0,0,-4,0,0,-4,0,"Strength-Based +, I.Q. Barrier"
50,2H_Staff!A50,2H_Staff,54,Arcane Staff,Ebonsteel,1,,1200,33,90,90,0,0,0,0,0,-4,0,56,113,113,0,0,0,0,0,-4,0,78,135,135,0,0,0,0,0,-4,0,101,158,158,0,0,0,0,0,-4,0,123,180,180,0,0,0,0,0,-4,0,Strength-Based +
56,2H_Staff!A56,2H_Staff,105,Desert Staff,Ebonsteel,1,45000,4500,33,99,99,0,0,-2,0,0,-6,0,56,122,122,0,0,-2,0,0,-6,0,78,144,144,0,0,-2,0,0,-6,0,101,167,167,0,0,-2,0,0,-6,0,123,189,189,0,0,-2,0,0,-6,0,Strength-Based +
62,2H_Staff!A62,2H_Staff,Ex.,Studly Staff,Ebonsteel,1,,,33,90,90,15,15,0,0,0,-4,0,56,113,113,15,15,0,0,0,-4,0,78,135,135,15,15,0,0,0,-4,0,101,158,158,15,15,0,0,0,-4,0,123,180,180,15,15,0,0,0,-4,0,Strength-Based +
68,2H_Staff!A68,2H_Staff,Ex.,Staff of Reverie,Ebonsteel,1,,,30,99,50,0,0,0,0,0,-4,0,53,122,73,0,0,0,0,0,-4,0,75,144,95,0,0,0,0,0,-4,0,98,167,118,0,0,0,0,0,-4,0,120,189,140,0,0,0,0,0,-4,0,"Strength-Based +, MP Cost Reduction"
74,2H_Staff!A74,2H_Staff,Ex.,Two-Handed Staff of Compassion,Ebonsteel,1,,,18,40,95,0,0,0,0,0,-4,0,41,63,118,0,0,0,0,0,-4,0,63,85,140,0,0,0,0,0,-4,0,86,108,163,0,0,0,0,0,-4,0,108,130,185,0,0,0,0,0,-4,0,"Strength-Based +, Holy Light of Healing"
80,2H_Staff!A80,2H_Staff,Ex.,Two-Handed Staff of the Spirit Realm,Ebonsteel,1,,,18,104,50,0,0,0,0,0,-4,0,41,127,73,0,0,0,0,0,-4,0,63,149,95,0,0,0,0,0,-4,0,86,172,118,0,0,0,0,0,-4,0,108,194,140,0,0,0,0,0,-4,0,"Strength-Based +, Passive HP Up, Calamitous Rockfall Learned"
86,2H_Staff!A86,2H_Staff,Ex.,Quicksilver Crosier,Ebonsteel,1,,,18,50,104,0,0,0,0,0,-4,0,41,73,127,0,0,0,0,0,-4,0,63,95,149,0,0,0,0,0,-4,0,86,118,172,0,0,0,0,0,-4,0,108,140,194,0,0,0,0,0,-4,0,"Strength-Based +, MP Absorption on Defeat"
92,2H_Staff!A92,2H_Staff,Ex.,Staff of Splendor,Silver,1,,,40,108,108,0,0,0,0,0,-4,0,73,136,136,0,0,0,0,0,-4,0,99,162,162,0,0,0,0,0,-4,0,122,190,190,0,0,0,0,0,-4,0,139,216,216,0,0,0,0,0,-4,0,Strength-Based +
98,2H_Staff!A98,2H_Staff,Ex.,Red Spinner Scissor Staff,Silver,1,,,56,133,121,0,0,0,0,0,-4,0,95,166,154,0,0,0,0,0,-4,0,122,193,181,0,0,0,0,0,-4,0,135,212,200,0,0,0,0,0,-4,0,,,,,,,,,,,"Strength-Based +, Status Affliction/Debuff Exploit"
104,2H_Staff!A104,2H_Staff,,,,,,,,,,,,,,,,,,,,,,,,,,,,,,,,,,,,,,,,,,,,,,,,,,,,,,,,,
110,2H_Staff!A110,2H_Staff,,,,,,,,,,,,,,,,,,,,,,,,,,,,,,,,,,,,,,,,,,,,,,,,,,,,,,,,,
116,2H_Staff!A116,2H_Staff,,,,,,,,,,,,,,,,,,,,,,,,,,,,,,,,,,,,,,,,,,,,,,,,,,,,,,,,,
122,2H_Staff!A122,2H_Staff,,,,,,,,,,,,,,,,,,,,,,,,,,,,,,,,,,,,,,,,,,,,,,,,,,,,,,,,,
128,2H_Staff!A128,2H_Staff,,,,,,,,,,,,,,,,,,,,,,,,,,,,,,,,,,,,,,,,,,,,,,,,,,,,,,,,,
134,2H_Staff!A134,2H_Staff,,,,,,,,,,,,,,,,,,,,,,,,,,,,,,,,,,,,,,,,,,,,,,,,,,,,,,,,,
140,2H_Staff!A140,2H_Staff,,,,,,,,,,,,,,,,,,,,,,,,,,,,,,,,,,,,,,,,,,,,,,,,,,,,,,,,,
146,2H_Staff!A146,2H_Staff,,,,,,,,,,,,,,,,,,,,,,,,,,,,,,,,,,,,,,,,,,,,,,,,,,,,,,,,,
152,2H_Staff!A152,2H_Staff,,,,,,,,,,,,,,,,,,,,,,,,,,,,,,,,,,,,,,,,,,,,,,,,,,,,,,,,,
158,2H_Staff!A158,2H_Staff,,,,,,,,,,,,,,,,,,,,,,,,,,,,,,,,,,,,,,,,,,,,,,,,,,,,,,,,,
164,2H_Staff!A164,2H_Staff,,,,,,,,,,,,,,,,,,,,,,,,,,,,,,,,,,,,,,,,,,,,,,,,,,,,,,,,,
170,2H_Staff!A170,2H_Staff,,,,,,,,,,,,,,,,,,,,,,,,,,,,,,,,,,,,,,,,,,,,,,,,,,,,,,,,,
176,2H_Staff!A176,2H_Staff,,,,,,,,,,,,,,,,,,,,,,,,,,,,,,,,,,,,,,,,,,,,,,,,,,,,,,,,,
182,2H_Staff!A182,2H_Staff,,,,,,,,,,,,,,,,,,,,,,,,,,,,,,,,,,,,,,,,,,,,,,,,,,,,,,,,,
188,2H_Staff!A188,2H_Staff,,,,,,,,,,,,,,,,,,,,,,,,,,,,,,,,,,,,,,,,,,,,,,,,,,,,,,,,,
194,2H_Staff!A194,2H_Staff,,,,,,,,,,,,,,,,,,,,,,,,,,,,,,,,,,,,,,,,,,,,,,,,,,,,,,,,,
200,2H_Staff!A200,2H_Staff,,,,,,,,,,,,,,,,,,,,,,,,,,,,,,,,,,,,,,,,,,,,,,,,,,,,,,,,,
206,2H_Staff!A206,2H_Staff,,,,,,,,,,,,,,,,,,,,,,,,,,,,,,,,,,,,,,,,,,,,,,,,,,,,,,,,,
212,2H_Staff!A212,2H_Staff,,,,,,,,,,,,,,,,,,,,,,,,,,,,,,,,,,,,,,,,,,,,,,,,,,,,,,,,,
218,2H_Staff!A218,2H_Staff,,,,,,,,,,,,,,,,,,,,,,,,,,,,,,,,,,,,,,,,,,,,,,,,,,,,,,,,,
224,2H_Staff!A224,2H_Staff,,,,,,,,,,,,,,,,,,,,,,,,,,,,,,,,,,,,,,,,,,,,,,,,,,,,,,,,,
230,2H_Staff!A230,2H_Staff,,,,,,,,,,,,,,,,,,,,,,,,,,,,,,,,,,,,,,,,,,,,,,,,,,,,,,,,,
236,2H_Staff!A236,2H_Staff,,,,,,,,,,,,,,,,,,,,,,,,,,,,,,,,,,,,,,,,,,,,,,,,,,,,,,,,,
242,2H_Staff!A242,2H_Staff,,,,,,,,,,,,,,,,,,,,,,,,,,,,,,,,,,,,,,,,,,,,,,,,,,,,,,,,,
248,2H_Staff!A248,2H_Staff,,,,,,,,,,,,,,,,,,,,,,,,,,,,,,,,,,,,,,,,,,,,,,,,,,,,,,,,,
254,2H_Staff!A254,2H_Staff,,,,,,,,,,,,,,,,,,,,,,,,,,,,,,,,,,,,,,,,,,,,,,,,,,,,,,,,,
,,,,,,,,,,,,,,,,,,,,,,,,,,,,,,,,,,,,,,,,,,,,,,,,,,,,,,,,,,,
2,Bow!A2,Bow,11,Worn-Out Bow,Worn,1,,22,16,0,0,0,0,0,4,0,0,0,24,0,0,0,0,0,4,0,0,0,31,0,0,0,0,0,4,0,0,0,39,0,0,0,0,0,4,0,0,0,46,0,0,0,0,0,4,0,0,0,Strength-Based +
8,Bow!A8,Bow,22,Hardwood Bow,Bronze,1,550,88,32,0,0,0,0,0,4,0,0,0,43,0,0,0,0,0,4,0,0,0,54,0,0,0,0,0,4,0,0,0,65,0,0,0,0,0,4,0,0,0,,,,,,,,,,,Strength-Based +
14,Bow!A14,Bow,64,Bow of Undead Bane,Bronze,1,,110,34,0,0,0,0,0,4,0,0,0,45,0,0,0,0,0,4,0,0,0,56,0,0,0,0,0,4,0,0,0,67,0,0,0,0,0,4,0,0,0,,,,,,,,,,,"Strength-Based +, Vs Undead"
20,Bow!A20,Bow,33,Old Wood Bow,Iron,1,1650,264,52,0,0,0,0,0,4,0,0,0,67,0,0,0,0,0,4,0,0,0,82,0,0,0,0,0,4,0,0,0,97,0,0,0,0,0,4,0,0,0,112,0,0,0,0,0,4,0,0,0,Strength-Based +
26,Bow!A26,Bow,73,Huntsman's Bow,Iron,1,,422,56,0,0,0,0,0,16,0,0,0,71,0,0,0,0,0,18,0,0,0,86,0,0,0,0,0,19,0,0,0,101,0,0,0,0,0,20,0,0,0,,,,,,,,,,,Strength-Based +
32,Bow!A32,Bow,44,Sacred Wood Bow,Steel,1,,528,68,0,0,0,0,0,4,0,0,0,86,0,0,0,0,0,4,0,0,0,104,0,0,0,0,0,4,0,0,0,123,0,0,0,0,0,4,0,0,0,143,0,0,0,0,0,4,0,0,0,Strength-Based +
38,Bow!A38,Bow,88,Bird-Dropper,Steel,1,,825,66,0,0,0,0,0,4,0,0,0,84,0,0,0,0,0,4,0,0,0,102,0,0,0,0,0,4,0,0,0,121,0,0,0,0,0,4,0,0,0,141,0,0,0,0,0,4,0,0,0,"Strength-Based +, Aerial-Slayer"
44,Bow!A44,Bow,120,Bow of Flame,Steel,1,,660,64,0,0,0,0,0,4,0,0,0,82,0,0,0,0,0,4,0,0,0,100,0,0,0,0,0,4,0,0,0,119,0,0,0,0,0,4,0,0,0,139,0,0,0,0,0,4,0,0,0,"Strength-Based +, Fire Type"
50,Bow!A50,Bow,129,Bow of the Water Drop,Steel,1,,660,64,0,0,0,0,0,4,0,0,0,82,0,0,0,0,0,4,0,0,0,100,0,0,0,0,0,4,0,0,0,119,0,0,0,0,0,4,0,0,0,139,0,0,0,0,0,4,0,0,0,"Strength-Based +, Water Type"
56,Bow!A56,Bow,138,Bow of the Gale,Steel,1,,660,64,0,0,0,0,0,4,0,0,0,82,0,0,0,0,0,4,0,0,0,100,0,0,0,0,0,4,0,0,0,119,0,0,0,0,0,4,0,0,0,139,0,0,0,0,0,4,0,0,0,"Strength-Based +, Air Type"
62,Bow!A62,Bow,147,Bow of the Soil,Steel,1,,660,64,0,0,0,0,0,4,0,0,0,82,0,0,0,0,0,4,0,0,0,100,0,0,0,0,0,4,0,0,0,119,0,0,0,0,0,4,0,0,0,139,0,0,0,0,0,4,0,0,0,"Strength-Based +, Earth Type"
68,Bow!A68,Bow,55,Arcane Elm Bow,Ebonsteel,1,,1100,94,0,0,0,0,0,4,0,0,0,117,0,0,0,0,0,4,0,0,0,139,0,0,0,0,0,4,0,0,0,162,0,0,0,0,0,4,0,0,0,184,0,0,0,0,0,4,0,0,0,Strength-Based +
74,Bow!A74,Bow,97,Bow of Expulsion,Ebonsteel,1,,1375,90,0,0,0,0,0,4,0,0,0,113,0,0,0,0,0,4,0,0,0,135,0,0,0,0,0,4,0,0,0,158,0,0,0,0,0,4,0,0,0,180,0,0,0,0,0,4,0,0,0,"Strength-Based +, Vs. Undead"
80,Bow!A80,Bow,103,Hunting Arrow,Ebonsteel,1,,1375,90,0,0,0,0,0,4,0,0,0,113,0,0,0,0,0,4,0,0,0,135,0,0,0,0,0,4,0,0,0,158,0,0,0,0,0,4,0,0,0,180,0,0,0,0,0,4,0,0,0,"Strength-Based +, Magical Beast-Slayer"
86,Bow!A86,Bow,106,Desert Bow,Ebonsteel,1,41250,4125,94,0,0,0,0,-2,4,4,0,0,117,0,0,0,0,-2,4,4,0,0,139,0,0,0,0,-2,4,0,0,0,162,0,0,0,0,-2,4,0,0,0,184,0,0,0,0,-2,4,0,0,0,Strength-Based +
92,Bow!A92,Bow,157,Bow of the Aurora,Ebonsteel,1,,1375,90,0,0,0,0,0,4,0,0,0,113,0,0,0,0,0,4,0,0,0,135,0,0,0,0,0,4,0,0,0,158,0,0,0,0,0,4,0,0,0,180,0,0,0,0,0,4,0,0,0,"Strength-Based +, Light Type"
98,Bow!A98,Bow,166,Bow of Eternal Darkness,Ebonsteel,1,,1375,90,0,0,0,0,0,4,0,0,0,113,0,0,0,0,0,4,0,0,0,135,0,0,0,0,0,4,0,0,0,158,0,0,0,0,0,4,0,0,0,180,0,0,0,0,0,4,0,0,0,"Strength-Based +, Dark Type"
104,Bow!A104,Bow,Ex,Meteor Bow,Ebonsteel,1,,,92,0,0,0,0,2,4,0,0,0,115,0,0,0,0,2,4,0,0,0,137,0,0,0,0,2,4,0,0,0,160,0,0,0,0,2,4,0,0,0,182,0,0,0,0,2,4,0,0,0,"Strength-Based +, Passive SP Up"
110,Bow!A110,Bow,,Longbow of Splendor,Silver,1,,,113,0,0,0,0,0,4,0,0,0,146,0,0,0,0,0,4,0,0,0,172,0,0,0,0,0,4,0,0,0,195,0,0,0,0,0,4,0,0,0,212,0,0,0,0,0,4,0,0,0,Strength-Based +
116,Bow!A116,Bow,,Composite Bow,Silver,1,75000,,95,0,0,0,0,0,45,0,0,0,,,,,,,,,,,,,,,,,,,,,,,,,,,,,,,,,,,,,,,,,"Strength-Based +, ???"
122,Bow!A122,Bow,,Beast Eraser,Silver,1,,,109,0,0,0,0,0,4,0,0,0,142,0,0,0,0,0,4,0,0,0,168,0,0,0,0,0,4,0,0,0,191,0,0,0,0,0,4,0,0,0,208,0,0,0,0,0,4,0,0,0,"Strength-Based +, Magical Beast-Slayer"
128,Bow!A128,Bow,,Earthrend Bow,Silver,1,,,109,0,0,0,0,0,4,0,0,0,142,0,0,0,0,0,4,0,0,0,168,0,0,0,0,0,4,0,0,0,191,0,0,0,0,0,4,0,0,0,208,0,0,0,0,0,4,0,0,0,"Strength-Based +, Earth Type"
134,Bow!A134,Bow,,Earthrend Bow,Silver,1,,,109,0,0,0,0,0,4,0,0,0,142,0,0,0,0,0,4,0,0,0,168,0,0,0,0,0,4,0,0,0,191,0,0,0,0,0,4,0,0,0,208,0,0,0,0,0,4,0,0,0,"Strength-Based +, Water Type"
140,Bow!A140,Bow,,Verdant Frost Branch Bow,Silver,1,,,113,0,0,0,0,0,10,0,0,0,,,,,,,,,,,,,,,,,,,,,,,,,,,,,,,,,,,,,,,,,"Strength-Based +, Passive SP Up"
146,Bow!A146,Bow,Ex,Winterthorn Bell Bow,Silver,1,,,120,0,0,0,0,0,12,0,0,0,159,0,0,0,0,0,17,0,0,0,186,0,0,0,0,0,21,0,0,0,199,0,0,0,0,0,23,0,0,0,,,,,,,,,,,"Strength-Based +, Attack Power Decrease"
152,Bow!A152,Bow,Ex,Mountain Huntsman's Trick Bow,Silver,1,,,80,0,0,0,0,0,50,0,0,0,,,,,,,,,,,,,,,,,,,,,159,0,0,0,0,0,61,0,0,0,,,,,,,,,,,"Strength-Based +, Area-of-Effect Attack Enhancement"
158,Bow!A158,Bow,,,,,,,,,,,,,,,,,,,,,,,,,,,,,,,,,,,,,,,,,,,,,,,,,,,,,,,,,
164,Bow!A164,Bow,,,,,,,,,,,,,,,,,,,,,,,,,,,,,,,,,,,,,,,,,,,,,,,,,,,,,,,,,
170,Bow!A170,Bow,,,,,,,,,,,,,,,,,,,,,,,,,,,,,,,,,,,,,,,,,,,,,,,,,,,,,,,,,
176,Bow!A176,Bow,,,,,,,,,,,,,,,,,,,,,,,,,,,,,,,,,,,,,,,,,,,,,,,,,,,,,,,,,
182,Bow!A182,Bow,,,,,,,,,,,,,,,,,,,,,,,,,,,,,,,,,,,,,,,,,,,,,,,,,,,,,,,,,
188,Bow!A188,Bow,,,,,,,,,,,,,,,,,,,,,,,,,,,,,,,,,,,,,,,,,,,,,,,,,,,,,,,,,
194,Bow!A194,Bow,,,,,,,,,,,,,,,,,,,,,,,,,,,,,,,,,,,,,,,,,,,,,,,,,,,,,,,,,
200,Bow!A200,Bow,,,,,,,,,,,,,,,,,,,,,,,,,,,,,,,,,,,,,,,,,,,,,,,,,,,,,,,,,
206,Bow!A206,Bow,,,,,,,,,,,,,,,,,,,,,,,,,,,,,,,,,,,,,,,,,,,,,,,,,,,,,,,,,
212,Bow!A212,Bow,,,,,,,,,,,,,,,,,,,,,,,,,,,,,,,,,,,,,,,,,,,,,,,,,,,,,,,,,
218,Bow!A218,Bow,,,,,,,,,,,,,,,,,,,,,,,,,,,,,,,,,,,,,,,,,,,,,,,,,,,,,,,,,
224,Bow!A224,Bow,,,,,,,,,,,,,,,,,,,,,,,,,,,,,,,,,,,,,,,,,,,,,,,,,,,,,,,,,
230,Bow!A230,Bow,,,,,,,,,,,,,,,,,,,,,,,,,,,,,,,,,,,,,,,,,,,,,,,,,,,,,,,,,
236,Bow!A236,Bow,,,,,,,,,,,,,,,,,,,,,,,,,,,,,,,,,,,,,,,,,,,,,,,,,,,,,,,,,
242,Bow!A242,Bow,,,,,,,,,,,,,,,,,,,,,,,,,,,,,,,,,,,,,,,,,,,,,,,,,,,,,,,,,
248,Bow!A248,Bow,,,,,,,,,,,,,,,,,,,,,,,,,,,,,,,,,,,,,,,,,,,,,,,,,,,,,,,,,
254,Bow!A254,Bow,,,,,,,,,,,,,,,,,,,,,,,,,,,,,,,,,,,,,,,,,,,,,,,,,,,,,,,,,
260,Bow!A260,Bow,,,,,,,,,,,,,,,,,,,,,,,,,,,,,,,,,,,,,,,,,,,,,,,,,,,,,,,,,
266,Bow!A266,Bow,,,,,,,,,,,,,,,,,,,,,,,,,,,,,,,,,,,,,,,,,,,,,,,,,,,,,,,,,
272,Bow!A272,Bow,,,,,,,,,,,,,,,,,,,,,,,,,,,,,,,,,,,,,,,,,,,,,,,,,,,,,,,,,
278,Bow!A278,Bow,,,,,,,,,,,,,,,,,,,,,,,,,,,,,,,,,,,,,,,,,,,,,,,,,,,,,,,,,
284,Bow!A284,Bow,,,,,,,,,,,,,,,,,,,,,,,,,,,,,,,,,,,,,,,,,,,,,,,,,,,,,,,,,
290,Bow!A290,Bow,,,,,,,,,,,,,,,,,,,,,,,,,,,,,,,,,,,,,,,,,,,,,,,,,,,,,,,,,
296,Bow!A296,Bow,,,,,,,,,,,,,,,,,,,,,,,,,,,,,,,,,,,,,,,,,,,,,,,,,,,,,,,,,
302,Bow!A302,Bow,,,,,,,,,,,,,,,,,,,,,,,,,,,,,,,,,,,,,,,,,,,,,,,,,,,,,,,,,
308,Bow!A308,Bow,,,,,,,,,,,,,,,,,,,,,,,,,,,,,,,,,,,,,,,,,,,,,,,,,,,,,,,,,
314,Bow!A314,Bow,,,,,,,,,,,,,,,,,,,,,,,,,,,,,,,,,,,,,,,,,,,,,,,,,,,,,,,,,
320,Bow!A320,Bow,,,,,,,,,,,,,,,,,,,,,,,,,,,,,,,,,,,,,,,,,,,,,,,,,,,,,,,,,
326,Bow!A326,Bow,,,,,,,,,,,,,,,,,,,,,,,,,,,,,,,,,,,,,,,,,,,,,,,,,,,,,,,,,
332,Bow!A332,Bow,,,,,,,,,,,,,,,,,,,,,,,,,,,,,,,,,,,,,,,,,,,,,,,,,,,,,,,,,
338,Bow!A338,Bow,,,,,,,,,,,,,,,,,,,,,,,,,,,,,,,,,,,,,,,,,,,,,,,,,,,,,,,,,
344,Bow!A344,Bow,,,,,,,,,,,,,,,,,,,,,,,,,,,,,,,,,,,,,,,,,,,,,,,,,,,,,,,,,
350,Bow!A350,Bow,,,,,,,,,,,,,,,,,,,,,,,,,,,,,,,,,,,,,,,,,,,,,,,,,,,,,,,,,
356,Bow!A356,Bow,,,,,,,,,,,,,,,,,,,,,,,,,,,,,,,,,,,,,,,,,,,,,,,,,,,,,,,,,
,,,,,,,,,,,,,,,,,,,,,,,,,,,,,,,,,,,,,,,,,,,,,,,,,,,,,,,,,,,
2,Sam_Katana!A2,Sam_Katana,167,Well-Worn Katana,Worn,2,,,11,8,0,0,0,0,5,0,0,0,16,14,0,0,0,0,5,0,0,0,21,20,0,0,0,0,5,0,0,0,26,26,0,0,0,0,5,0,0,0,31,33,0,0,0,0,5,0,0,0,
8,Sam_Katana!A8,Sam_Katana,168,Standard Katana,Bronze,2,,120,20,17,0,0,0,0,6,0,0,0,28,26,0,0,0,0,6,0,0,0,35,34,0,0,0,0,6,0,0,0,,,,,,,,,,,,,,,,,,,,,
14,Sam_Katana!A14,Sam_Katana,169,Fine Katana,Iron,2,,380,32,26,0,0,0,0,8,0,0,0,42,37,0,0,0,0,8,0,0,0,52,48,0,0,0,0,8,0,0,0,62,59,0,0,0,0,8,0,0,0,,,,,,,,,,,
20,Sam_Katana!A20,Sam_Katana,170,Refined Katana,Steel,2,,900,45,49,0,0,0,0,10,0,0,0,58,63,0,0,0,0,10,0,0,0,70,76,0,0,0,0,10,0,0,0,83,90,0,0,0,0,10,0,0,0,95,104,0,0,0,0,10,0,0,0,
26,Sam_Katana!A26,Sam_Katana,171,Exquisite Katana,Ebonsteel,2,,2813,70,65,0,0,0,0,10,0,0,0,85,81,0,0,0,0,10,0,0,0,100,97,0,0,0,0,10,0,0,0,115,113,0,0,0,0,10,0,0,0,130,130,0,0,0,0,10,0,0,0,
32,Sam_Katana!A32,Sam_Katana,Ex.,Saber,Ebonsteel,2,,2400,50,30,0,0,0,0,6,0,0,0,65,46,0,0,0,0,6,0,0,0,80,62,0,0,0,0,6,0,0,0,95,78,0,0,0,0,6,0,0,0,110,95,0,0,0,0,6,0,0,0,One Sword Style
38,Sam_Katana!A38,Sam_Katana,Ex.,Kiku-Ichimonji,Ebonsteel,2,,,65,60,0,0,0,5,15,5,0,0,80,76,0,0,0,6,15,7,0,0,95,92,0,0,0,7,15,8,0,0,110,108,0,0,0,8,15,9,0,0,,,,,,,,,,,Masterwork Hamon
44,Sam_Katana!A44,Sam_Katana,,Yukihiko,Silver,2,75000,,90,78,0,0,0,-5,10,0,0,0,108,98,0,0,0,-5,10,0,0,0,126,117,0,0,0,-5,10,0,0,0,144,136,0,0,0,-5,10,0,0,0,162,156,0,0,0,-5,10,0,0,0,
50,Sam_Katana!A50,Sam_Katana,,Masterwork Katana,Silver,2,,,84,78,0,0,0,0,10,0,0,0,102,98,0,0,0,0,10,0,0,0,120,117,0,0,0,0,10,0,0,0,138,136,0,0,0,0,10,0,0,0,156,156,0,0,0,0,10,0,0,0,
56,Sam_Katana!A56,Sam_Katana,,Snow-Oni Yoto,Silver,2,,,32,26,0,0,0,0,18,0,0,0,50,46,0,0,0,0,18,0,0,0,68,65,0,0,0,0,18,0,0,0,86,84,0,0,0,0,18,0,0,0,104,104,0,0,0,0,18,0,0,0,Chilling Curse
62,Sam_Katana!A62,Sam_Katana,,Kagurazuki,Silver,2,,,92,86,0,-20,0,0,10,5,0,-15,110,106,0,-20,0,0,10,7,0,-15,128,125,0,-20,0,0,10,8,0,-15,146,144,0,-20,0,0,10,9,0,-15,164,164,0,-20,0,0,10,10,0,-15,Evade Increase
68,Sam_Katana!A68,Sam_Katana,,Beast Hunt,Silver,2,,,82,76,0,0,0,0,10,0,0,0,100,96,0,0,0,0,10,0,0,0,118,115,0,0,0,0,10,0,0,0,136,134,0,0,0,0,10,0,0,0,154,154,0,0,0,0,10,0,0,0,Magical Beast-Slayer
74,Sam_Katana!A74,Sam_Katana,,,,,,,,,,,,,,,,,,,,,,,,,,,,,,,,,,,,,,,,,,,,,,,,,,,,,,,,,
80,Sam_Katana!A80,Sam_Katana,,,,,,,,,,,,,,,,,,,,,,,,,,,,,,,,,,,,,,,,,,,,,,,,,,,,,,,,,
86,Sam_Katana!A86,Sam_Katana,,,,,,,,,,,,,,,,,,,,,,,,,,,,,,,,,,,,,,,,,,,,,,,,,,,,,,,,,
92,Sam_Katana!A92,Sam_Katana,,,,,,,,,,,,,,,,,,,,,,,,,,,,,,,,,,,,,,,,,,,,,,,,,,,,,,,,,
98,Sam_Katana!A98,Sam_Katana,,,,,,,,,,,,,,,,,,,,,,,,,,,,,,,,,,,,,,,,,,,,,,,,,,,,,,,,,
104,Sam_Katana!A104,Sam_Katana,,,,,,,,,,,,,,,,,,,,,,,,,,,,,,,,,,,,,,,,,,,,,,,,,,,,,,,,,
110,Sam_Katana!A110,Sam_Katana,,,,,,,,,,,,,,,,,,,,,,,,,,,,,,,,,,,,,,,,,,,,,,,,,,,,,,,,,
116,Sam_Katana!A116,Sam_Katana,,,,,,,,,,,,,,,,,,,,,,,,,,,,,,,,,,,,,,,,,,,,,,,,,,,,,,,,,
122,Sam_Katana!A122,Sam_Katana,,,,,,,,,,,,,,,,,,,,,,,,,,,,,,,,,,,,,,,,,,,,,,,,,,,,,,,,,
128,Sam_Katana!A128,Sam_Katana,,,,,,,,,,,,,,,,,,,,,,,,,,,,,,,,,,,,,,,,,,,,,,,,,,,,,,,,,
134,Sam_Katana!A134,Sam_Katana,,,,,,,,,,,,,,,,,,,,,,,,,,,,,,,,,,,,,,,,,,,,,,,,,,,,,,,,,
140,Sam_Katana!A140,Sam_Katana,,,,,,,,,,,,,,,,,,,,,,,,,,,,,,,,,,,,,,,,,,,,,,,,,,,,,,,,,
146,Sam_Katana!A146,Sam_Katana,,,,,,,,,,,,,,,,,,,,,,,,,,,,,,,,,,,,,,,,,,,,,,,,,,,,,,,,,
,,,,,,,,,,,,,,,,,,,,,,,,,,,,,,,,,,,,,,,,,,,,,,,,,,,,,,,,,,,
2,Ninja_Blade!A2,Ninja_Blade,172,Lower Ninja Blade,Bronze,1,,120,32,0,0,-1,-1,1,0,1,1,0,,,,,,,,,,,,,,,,,,,,,,,,,,,,,,,,,,,,,,,,,Evade Increase
8,Ninja_Blade!A8,Ninja_Blade,173,Shadowrunner Blade,Iron,1,,380,67,0,0,-1,-1,1,0,2,2,0,87,0,0,-1,-1,1,0,3,3,0,,,,,,,,,,,,,,,,,,,,,,,,,,,,,,,Evade Increase
14,Ninja_Blade!A14,Ninja_Blade,82,Phantom Shadow Blade,Steel,1,,720,105,0,0,-1,-1,1,0,3,3,0,130,0,0,-1,-1,1,0,4,4,0,155,0,0,-1,-1,1,0,5,5,0,180,0,0,-1,-1,1,0,6,6,0,,,,,,,,,,,Evade Increase
20,Ninja_Blade!A20,Ninja_Blade,110,Covert Blade,Ebonsteel,1,,1875,130,0,0,-1,-1,2,0,5,5,0,161,0,0,-1,-1,2,0,7,7,0,192,0,0,-1,-1,2,0,8,8,0,223,0,0,-1,-1,2,0,9,9,0,255,0,0,-1,-1,2,0,10,10,0,Evade Increase
26,Ninja_Blade!A26,Ninja_Blade,,Shrouded Blade,Silver,1,,,156,0,0,0,-1,2,20,6,20,0,,,,,,,,,,,,,,,,,,,,,,,,,,,,,,,,,,,,,,,,,Evade Increase
32,Ninja_Blade!A32,Ninja_Blade,,Beclouded Blade,Silver,1,,,172,0,0,-20,-1,2,20,12,20,-15,210,0,0,-20,-1,2,20,14,21,-15,,,,,,,,,,,,,,,,,,,,,,,,,,,,,,,Evade Increase
38,Ninja_Blade!A38,Ninja_Blade,,,,,,,,,,,,,,,,,,,,,,,,,,,,,,,,,,,,,,,,,,,,,,,,,,,,,,,,,
44,Ninja_Blade!A44,Ninja_Blade,,,,,,,,,,,,,,,,,,,,,,,,,,,,,,,,,,,,,,,,,,,,,,,,,,,,,,,,,
50,Ninja_Blade!A50,Ninja_Blade,,,,,,,,,,,,,,,,,,,,,,,,,,,,,,,,,,,,,,,,,,,,,,,,,,,,,,,,,
56,Ninja_Blade!A56,Ninja_Blade,,,,,,,,,,,,,,,,,,,,,,,,,,,,,,,,,,,,,,,,,,,,,,,,,,,,,,,,,
62,Ninja_Blade!A62,Ninja_Blade,,,,,,,,,,,,,,,,,,,,,,,,,,,,,,,,,,,,,,,,,,,,,,,,,,,,,,,,,
68,Ninja_Blade!A68,Ninja_Blade,,,,,,,,,,,,,,,,,,,,,,,,,,,,,,,,,,,,,,,,,,,,,,,,,,,,,,,,,
74,Ninja_Blade!A74,Ninja_Blade,,,,,,,,,,,,,,,,,,,,,,,,,,,,,,,,,,,,,,,,,,,,,,,,,,,,,,,,,
80,Ninja_Blade!A80,Ninja_Blade,,,,,,,,,,,,,,,,,,,,,,,,,,,,,,,,,,,,,,,,,,,,,,,,,,,,,,,,,
86,Ninja_Blade!A86,Ninja_Blade,,,,,,,,,,,,,,,,,,,,,,,,,,,,,,,,,,,,,,,,,,,,,,,,,,,,,,,,,
92,Ninja_Blade!A92,Ninja_Blade,,,,,,,,,,,,,,,,,,,,,,,,,,,,,,,,,,,,,,,,,,,,,,,,,,,,,,,,,
98,Ninja_Blade!A98,Ninja_Blade,,,,,,,,,,,,,,,,,,,,,,,,,,,,,,,,,,,,,,,,,,,,,,,,,,,,,,,,,
104,Ninja_Blade!A104,Ninja_Blade,,,,,,,,,,,,,,,,,,,,,,,,,,,,,,,,,,,,,,,,,,,,,,,,,,,,,,,,,
110,Ninja_Blade!A110,Ninja_Blade,,,,,,,,,,,,,,,,,,,,,,,,,,,,,,,,,,,,,,,,,,,,,,,,,,,,,,,,,
116,Ninja_Blade!A116,Ninja_Blade,,,,,,,,,,,,,,,,,,,,,,,,,,,,,,,,,,,,,,,,,,,,,,,,,,,,,,,,,
122,Ninja_Blade!A122,Ninja_Blade,,,,,,,,,,,,,,,,,,,,,,,,,,,,,,,,,,,,,,,,,,,,,,,,,,,,,,,,,
128,Ninja_Blade!A128,Ninja_Blade,,,,,,,,,,,,,,,,,,,,,,,,,,,,,,,,,,,,,,,,,,,,,,,,,,,,,,,,,
134,Ninja_Blade!A134,Ninja_Blade,,,,,,,,,,,,,,,,,,,,,,,,,,,,,,,,,,,,,,,,,,,,,,,,,,,,,,,,,
140,Ninja_Blade!A140,Ninja_Blade,,,,,,,,,,,,,,,,,,,,,,,,,,,,,,,,,,,,,,,,,,,,,,,,,,,,,,,,,
146,Ninja_Blade!A146,Ninja_Blade,,,,,,,,,,,,,,,,,,,,,,,,,,,,,,,,,,,,,,,,,,,,,,,,,,,,,,,,,
,,,,,,,,,,,,,,,,,,,,,,,,,,,,,,,,,,,,,,,,,,,,,,,,,,,,,,,,,,,
2,Ninja_Throw!A2,Ninja_Throw,174,Lower Ninja Kunai,Bronze,2,,120,13,0,0,-1,-1,0,-6,1,0,0,24,0,0,-1,-1,0,-6,1,0,0,35,0,0,-1,-1,0,-6,1,0,0,46,0,0,-1,-1,0,-6,1,0,0,58,0,0,-1,-1,0,-6,1,0,0,
8,Ninja_Throw!A8,Ninja_Throw,175,Shadowrunner Kunai,Iron,2,,380,21,0,0,-1,-1,0,-6,1,0,0,36,0,0,-1,-1,0,-6,1,0,0,51,0,0,-1,-1,0,-6,1,0,0,,,,,,,,,,,,,,,,,,,,,
14,Ninja_Throw!A14,Ninja_Throw,81,Phantom Shadow Kunai,Silver,2,,720,30,0,0,-1,-1,0,-6,1,0,0,40,0,0,-1,-1,0,-6,1,0,0,50,0,0,-1,-1,0,-6,1,0,0,60,0,0,-1,-1,0,-6,1,0,0,70,0,0,-1,-1,0,-6,1,0,0,
20,Ninja_Throw!A20,Ninja_Throw,109,Covert Kunai,Ebonsteel,2,,1875,40,0,0,-1,-1,0,-5,2,0,0,55,0,0,-1,-1,0,-5,2,0,0,70,0,0,-1,-1,0,-5,2,0,0,85,0,0,-1,-1,0,-5,2,0,0,100,0,0,-1,-1,0,-5,2,0,0,
26,Ninja_Throw!A26,Ninja_Throw,Ex.,Citrus-Blossom Hairpin ,Silver,3,,,40,0,0,-1,-1,0,0,5,0,0,62,0,0,-1,-1,0,0,5,0,0,80,0,0,-1,-1,0,0,5,0,0,93,0,0,-1,-1,0,0,5,0,0,99,0,0,-1,-1,0,0,5,0,0,"Inflict Charm, Defense Penetration"
32,Ninja_Throw!A32,Ninja_Throw,,Shrouded Kunai,Silver,2,,,48,0,0,-1,-1,0,-5,2,0,0,66,0,0,-1,-1,0,-5,2,0,0,84,0,0,-1,-1,0,-5,2,0,0,102,0,0,-1,-1,0,-5,2,0,0,120,0,0,-1,-1,0,-5,2,0,0,
38,Ninja_Throw!A38,Ninja_Throw,,Beclouded Kunai,Silver,2,,,54,0,0,-20,-1,0,-5,7,0,-15,72,0,0,-20,-1,0,-5,9,0,-15,90,0,0,-20,-1,0,-5,10,0,-15,108,0,0,-20,-1,0,-5,11,0,-15,126,0,0,-20,-1,0,-5,12,0,-15,Evade Increase
44,Ninja_Throw!A44,Ninja_Throw,,,,,,,,,,,,,,,,,,,,,,,,,,,,,,,,,,,,,,,,,,,,,,,,,,,,,,,,,
50,Ninja_Throw!A50,Ninja_Throw,,,,,,,,,,,,,,,,,,,,,,,,,,,,,,,,,,,,,,,,,,,,,,,,,,,,,,,,,
56,Ninja_Throw!A56,Ninja_Throw,,,,,,,,,,,,,,,,,,,,,,,,,,,,,,,,,,,,,,,,,,,,,,,,,,,,,,,,,
62,Ninja_Throw!A62,Ninja_Throw,,,,,,,,,,,,,,,,,,,,,,,,,,,,,,,,,,,,,,,,,,,,,,,,,,,,,,,,,
68,Ninja_Throw!A68,Ninja_Throw,,,,,,,,,,,,,,,,,,,,,,,,,,,,,,,,,,,,,,,,,,,,,,,,,,,,,,,,,
74,Ninja_Throw!A74,Ninja_Throw,,,,,,,,,,,,,,,,,,,,,,,,,,,,,,,,,,,,,,,,,,,,,,,,,,,,,,,,,
80,Ninja_Throw!A80,Ninja_Throw,,,,,,,,,,,,,,,,,,,,,,,,,,,,,,,,,,,,,,,,,,,,,,,,,,,,,,,,,
86,Ninja_Throw!A86,Ninja_Throw,,,,,,,,,,,,,,,,,,,,,,,,,,,,,,,,,,,,,,,,,,,,,,,,,,,,,,,,,
92,Ninja_Throw!A92,Ninja_Throw,,,,,,,,,,,,,,,,,,,,,,,,,,,,,,,,,,,,,,,,,,,,,,,,,,,,,,,,,
98,Ninja_Throw!A98,Ninja_Throw,,,,,,,,,,,,,,,,,,,,,,,,,,,,,,,,,,,,,,,,,,,,,,,,,,,,,,,,,
104,Ninja_Throw!A104,Ninja_Throw,,,,,,,,,,,,,,,,,,,,,,,,,,,,,,,,,,,,,,,,,,,,,,,,,,,,,,,,,
110,Ninja_Throw!A110,Ninja_Throw,,,,,,,,,,,,,,,,,,,,,,,,,,,,,,,,,,,,,,,,,,,,,,,,,,,,,,,,,
116,Ninja_Throw!A116,Ninja_Throw,,,,,,,,,,,,,,,,,,,,,,,,,,,,,,,,,,,,,,,,,,,,,,,,,,,,,,,,,
122,Ninja_Throw!A122,Ninja_Throw,,,,,,,,,,,,,,,,,,,,,,,,,,,,,,,,,,,,,,,,,,,,,,,,,,,,,,,,,
128,Ninja_Throw!A128,Ninja_Throw,,,,,,,,,,,,,,,,,,,,,,,,,,,,,,,,,,,,,,,,,,,,,,,,,,,,,,,,,
134,Ninja_Throw!A134,Ninja_Throw,,,,,,,,,,,,,,,,,,,,,,,,,,,,,,,,,,,,,,,,,,,,,,,,,,,,,,,,,
140,Ninja_Throw!A140,Ninja_Throw,,,,,,,,,,,,,,,,,,,,,,,,,,,,,,,,,,,,,,,,,,,,,,,,,,,,,,,,,
146,Ninja_Throw!A146,Ninja_Throw,,,,,,,,,,,,,,,,,,,,,,,,,,,,,,,,,,,,,,,,,,,,,,,,,,,,,,,,,
,,,,,,,,,,,,,,,,,,,,,,,,,,,,,,,,,,,,,,,,,,,,,,,,,,,,,,,,,,,
2,Tool!A2,Tool,69,Digging Mattock,Iron,5,,288,1,0,0,0,0,4,-50,-50,2,0,11,0,0,0,0,4,-50,-50,2,0,21,0,0,0,0,4,-50,-50,2,0,31,0,0,0,0,4,-50,-50,2,0,41,0,0,0,0,4,-50,-50,2,0,"Strength-Based -, Vs Stone, Breaks rocks in Beginner Abyss Helmut fight"
8,Tool!A8,Tool,,Ice Axe,Silver,4,55000,,1,0,0,0,0,4,-75,-100,2,0,11,0,0,0,0,4,-75,-100,2,0,21,0,0,0,0,4,-75,-100,2,0,31,0,0,0,0,4,-75,-100,2,0,41,0,0,0,0,4,-75,-100,2,0,"Strength-Based -, Freeze Shatter"
14,Tool!A14,Tool,,,,,,,,,,,,,,,,,,,,,,,,,,,,,,,,,,,,,,,,,,,,,,,,,,,,,,,,,
20,Tool!A20,Tool,,,,,,,,,,,,,,,,,,,,,,,,,,,,,,,,,,,,,,,,,,,,,,,,,,,,,,,,,
26,Tool!A26,Tool,,,,,,,,,,,,,,,,,,,,,,,,,,,,,,,,,,,,,,,,,,,,,,,,,,,,,,,,,
32,Tool!A32,Tool,,,,,,,,,,,,,,,,,,,,,,,,,,,,,,,,,,,,,,,,,,,,,,,,,,,,,,,,,
38,Tool!A38,Tool,,,,,,,,,,,,,,,,,,,,,,,,,,,,,,,,,,,,,,,,,,,,,,,,,,,,,,,,,
44,Tool!A44,Tool,,,,,,,,,,,,,,,,,,,,,,,,,,,,,,,,,,,,,,,,,,,,,,,,,,,,,,,,,
50,Tool!A50,Tool,,,,,,,,,,,,,,,,,,,,,,,,,,,,,,,,,,,,,,,,,,,,,,,,,,,,,,,,,
56,Tool!A56,Tool,,,,,,,,,,,,,,,,,,,,,,,,,,,,,,,,,,,,,,,,,,,,,,,,,,,,,,,,,
62,Tool!A62,Tool,,,,,,,,,,,,,,,,,,,,,,,,,,,,,,,,,,,,,,,,,,,,,,,,,,,,,,,,,
68,Tool!A68,Tool,,,,,,,,,,,,,,,,,,,,,,,,,,,,,,,,,,,,,,,,,,,,,,,,,,,,,,,,,
74,Tool!A74,Tool,,,,,,,,,,,,,,,,,,,,,,,,,,,,,,,,,,,,,,,,,,,,,,,,,,,,,,,,,
80,Tool!A80,Tool,,,,,,,,,,,,,,,,,,,,,,,,,,,,,,,,,,,,,,,,,,,,,,,,,,,,,,,,,
86,Tool!A86,Tool,,,,,,,,,,,,,,,,,,,,,,,,,,,,,,,,,,,,,,,,,,,,,,,,,,,,,,,,,
92,Tool!A92,Tool,,,,,,,,,,,,,,,,,,,,,,,,,,,,,,,,,,,,,,,,,,,,,,,,,,,,,,,,,
98,Tool!A98,Tool,,,,,,,,,,,,,,,,,,,,,,,,,,,,,,,,,,,,,,,,,,,,,,,,,,,,,,,,,
104,Tool!A104,Tool,,,,,,,,,,,,,,,,,,,,,,,,,,,,,,,,,,,,,,,,,,,,,,,,,,,,,,,,,
110,Tool!A110,Tool,,,,,,,,,,,,,,,,,,,,,,,,,,,,,,,,,,,,,,,,,,,,,,,,,,,,,,,,,
116,Tool!A116,Tool,,,,,,,,,,,,,,,,,,,,,,,,,,,,,,,,,,,,,,,,,,,,,,,,,,,,,,,,,
122,Tool!A122,Tool,,,,,,,,,,,,,,,,,,,,,,,,,,,,,,,,,,,,,,,,,,,,,,,,,,,,,,,,,
128,Tool!A128,Tool,,,,,,,,,,,,,,,,,,,,,,,,,,,,,,,,,,,,,,,,,,,,,,,,,,,,,,,,,
134,Tool!A134,Tool,,,,,,,,,,,,,,,,,,,,,,,,,,,,,,,,,,,,,,,,,,,,,,,,,,,,,,,,,
140,Tool!A140,Tool,,,,,,,,,,,,,,,,,,,,,,,,,,,,,,,,,,,,,,,,,,,,,,,,,,,,,,,,,
146,Tool!A146,Tool,,,,,,,,,,,,,,,,,,,,,,,,,,,,,,,,,,,,,,,,,,,,,,,,,,,,,,,,,